customer_id,first_name,last_name,email,phone,gender,date_of_birth,city,state,pincode,address,customer_since,customer_segment,account_status,preferred_language,total_orders,total_spend,loyalty_tier
CUST-00001,Ravi,Ali,ravi.ali@webmail.example,+91 80008 44305,male,1981-04-26,Noida,Uttar Pradesh,201451,"Flat 273, Celestial Apartments, 12th Main, Industrial Estate",2019-01-21,regular,active,Hinglish,4,24778,bronze
CUST-00002,Ekta,Dubey,ekta.dubey20@mailbox.example,+91 80005 23230,female,1986-04-28,Delhi,Delhi,110911,"Flat 895, Mangal Darshan, Bypass Road, Phase 2",2019-04-12,new,active,English,1,13569,bronze
CUST-00003,Megha,Ramasamy,megha.ramasamy@webmail.example,+91 70007 82042,female,1999-02-08,Coimbatore,Tamil Nadu,641830,"5/29, Jasmine Heights, College Road, Industrial Estate",2019-05-02,premium,active,Tamil,6,79414,bronze
CUST-00004,Tanmay,Gowda,tanmay.gowda74@webmail.example,+91 80007 92154,male,1983-02-22,Kochi,Kerala,682096,"Flat 312, Pearl Towers, College Road, Behind Bus Stand",2019-05-14,high_value,active,English,12,480139,silver
CUST-00005,Kavya,Bansal,kavya.bansal@mailbox.example,+91 70009 87839,female,1979-07-08,Noida,Uttar Pradesh,201502,"Unit 82-D, Celestial Apartments, Canal Road, Opp. Public Library",2019-05-18,inactive,active,English,0,0,bronze
CUST-00006,Aarti,Singh,aarti.singh294@mailbox.example,+91 70003 79197,female,1999-06-20,Raipur,Chhattisgarh,492361,"Flat 743, Green Valley Apartments, Market Cross Road, Near City Mall",2019-07-06,regular,active,Hindi,2,16179,bronze
CUST-00007,Komal,Natarajan,komal.natarajan117@inbox.example,+91 80002 80101,female,1996-02-13,Chennai,Tamil Nadu,600646,"Flat 1036, Celestial Apartments, Garden Lane, West End",2019-07-14,regular,active,English,5,27464,bronze
CUST-00008,Nikhil,Jadhav,nikhil.jadhav@mailbox.example,+91 70008 30117,male,1983-04-21,Nagpur,Maharashtra,440285,"Flat 660, Sunrise Residency, Gandhi Marg, Layout 3rd Stage",2019-07-30,inactive,active,English,0,0,bronze
CUST-00009,Shivam,Khan,shivam.khan@netmail.example,+91 70000 19339,male,1985-12-30,Jaipur,Rajasthan,302400,"Unit 11-C, Jasmine Heights, MG Road, Block C",2019-08-14,high_value,active,Hinglish,12,158016,silver
CUST-00010,Suraj,Ahmed,suraj.ahmed17@webmail.example,+91 80005 46746,male,1993-05-09,Bengaluru,Karnataka,560271,"Unit 77-A, Gokul Dham, Station Road, Industrial Estate",2019-08-14,premium,active,English,5,115509,bronze
CUST-00011,Bhavna,Dhillon,bhavna.dhillon1601@webmail.example,+91 90008 95041,female,1985-12-26,Ludhiana,Punjab,141444,"House No. 345, Orchid Towers, MG Road, Near City Mall",2019-08-21,high_value,active,English,11,237214,silver
CUST-00012,Aarti,Kale,aarti.kale@webmail.example,+91 70001 74675,female,1968-01-08,Mumbai,Maharashtra,400170,"Flat 378, Anand Vihar Society, Lake View Road, Layout 3rd Stage",2019-08-23,high_value,active,Marathi,6,274118,bronze
CUST-00013,Foram,Thakkar,foram.thakkar416@mailbox.example,+91 80000 10948,female,1991-10-23,Surat,Gujarat,395911,"48/17, Gokul Dham, Old Town Road, Extension",2019-08-25,new,active,Gujarati,1,10147,bronze
CUST-00014,Tanmay,Gupta,tanmay.gupta11@mailbox.example,+91 90001 78812,male,1982-07-21,Hyderabad,Telangana,500383,"21/19, Skyline Arcade, Ring Road, Block C",2019-08-31,regular,active,Telugu,3,11355,bronze
CUST-00015,Partha,Gupta,partha.gupta180@netmail.example,+91 80000 35888,male,1990-10-26,Kolkata,West Bengal,700797,"15/14, Blue Lagoon Residency, Ring Road, Model Town",2019-09-10,high_value,active,Bengali,14,354545,gold
CUST-00016,Manish,Reddy,manish.reddy1442@netmail.example,+91 80005 90549,male,1999-09-09,Delhi,Delhi,110314,"Flat 1132, Celestial Apartments, Link Road, Industrial Estate",2019-09-20,premium,active,English,12,131329,silver
CUST-00017,Suresh,Reddy,suresh.reddy778@netmail.example,+91 80002 66406,male,2000-01-13,Delhi,Delhi,110308,"38/13, Orchid Towers, Temple Street, Near City Mall",2019-09-20,inactive,active,Hindi,0,0,bronze
CUST-00018,Tanmay,Bhat,tanmay.bhat1533@webmail.example,+91 90001 09833,male,1993-09-26,Bengaluru,Karnataka,560746,"House No. 138, Skyline Arcade, Lake View Road, Layout 3rd Stage",2019-09-23,new,active,English,1,21829,bronze
CUST-00019,Jinal,Bansal,jinal.bansal755@mailbox.example,+91 60007 62697,female,1993-08-23,Ahmedabad,Gujarat,380596,"House No. 442, Heritage Villas, Market Cross Road, Layout 3rd Stage",2019-09-26,inactive,active,Hinglish,1,8177,bronze
CUST-00020,Rahul,Das,rahul.das@netmail.example,+91 60001 58199,male,1987-06-13,Coimbatore,Tamil Nadu,641203,"House No. 432, Green Valley Apartments, Market Cross Road, Behind Bus Stand",2019-09-26,new,active,English,1,92629,bronze
CUST-00021,Aditya,Khan,aditya.khan@mailbox.example,+91 70009 27136,male,1992-10-26,Lucknow,Uttar Pradesh,226166,"Flat 1169, Blue Lagoon Residency, Temple Street, Layout 3rd Stage",2019-10-17,regular,active,English,2,6170,bronze
CUST-00022,Bhavna,Gill,bhavna.gill@mailbox.example,+91 80002 72660,female,1983-03-14,Lucknow,Uttar Pradesh,226257,"19/10, Silver Oak Homes, Nehru Nagar Main Road, Phase 2",2019-10-23,premium,active,Hindi,6,64351,bronze
CUST-00023,Swapnil,Jadhav,swapnil.jadhav980@mailbox.example,+91 60008 71904,male,1978-08-26,Mumbai,Maharashtra,400093,"House No. 391, Mangal Darshan, Civil Lines Road, Industrial Estate",2019-11-01,regular,active,Hinglish,3,49722,bronze
CUST-00024,Naveen,Chandran,naveen.chandran329@inbox.example,+91 70007 35170,male,1986-11-08,Chennai,Tamil Nadu,600169,"Flat 482, Mangal Darshan, MG Road, New Colony",2019-11-12,inactive,inactive,English,0,0,bronze
CUST-00025,Kabir,Tomar,kabir.tomar@netmail.example,+91 60009 95059,male,1991-03-26,Indore,Madhya Pradesh,452588,"House No. 177, Tulsi Garden, Link Road, West End",2019-11-19,regular,active,English,4,16236,bronze
CUST-00026,Simran,Gill,simran.gill76@mailbox.example,+91 80005 50650,female,2000-08-20,Delhi,Delhi,110657,"Flat 1121, Jasmine Heights, Industrial Area Road, New Colony",2019-11-19,high_value,active,English,13,188386,silver
CUST-00027,Mahesh,Varghese,mahesh.varghese@inbox.example,+91 90009 51546,male,1996-12-13,Hubballi,Karnataka,580204,"Flat 639, Rose Meadows, Nehru Nagar Main Road, Housing Board",2019-11-25,premium,active,English,4,106747,bronze
CUST-00028,Sneha,Bhat,sneha.bhat@mailbox.example,+91 60002 15070,female,1975-06-13,Bengaluru,Karnataka,560333,"House No. 108, Emerald Park, Station Road, Phase 2",2019-11-26,new,active,English,1,0,bronze
CUST-00029,Rajesh,Mukherjee,rajesh.mukherjee@mailbox.example,+91 80004 57734,male,2000-09-29,Delhi,Delhi,110094,"Flat 553, Sai Krupa, Bypass Road, Phase 2",2019-11-30,regular,active,Hindi,2,1077,bronze
CUST-00030,Diya,Dhillon,diya.dhillon31@mailbox.example,+91 90003 46731,female,1981-02-06,Chandigarh,Chandigarh,160143,"House No. 375, Emerald Park, Gandhi Marg, New Colony",2019-12-02,regular,active,English,4,31218,bronze
CUST-00031,Ankit,Pillai,ankit.pillai25@webmail.example,+91 60003 12414,male,1998-09-19,Hyderabad,Telangana,500562,"Unit 79-D, Mangal Darshan, Park Avenue, Housing Board",2019-12-05,regular,active,Hinglish,2,20306,bronze
CUST-00032,Rajesh,Varghese,rajesh.varghese@webmail.example,+91 60003 45969,male,1997-11-17,Bengaluru,Karnataka,560853,"11/24, Shanti Niwas, Ring Road, Behind Bus Stand",2019-12-16,regular,active,English,2,6903,bronze
CUST-00033,Kiara,Bansal,kiara.bansal@webmail.example,+91 90002 16305,female,2001-05-18,Delhi,Delhi,110564,"Flat 817, Shanti Niwas, Park Avenue, Model Town",2019-12-18,inactive,active,Hinglish,0,0,bronze
CUST-00034,Nayana,Kurup,nayana.kurup@mailbox.example,+91 80005 76241,female,1996-03-16,Bengaluru,Karnataka,560113,"House No. 464, Emerald Park, 5th Cross, Housing Board",2019-12-24,inactive,active,English,0,0,bronze
CUST-00035,Nisha,Pawar,nisha.pawar@webmail.example,+91 80003 31751,female,2001-05-03,Pune,Maharashtra,411907,"Flat 948, Celestial Apartments, Old Town Road, Phase 2",2020-01-01,regular,active,English,4,12144,bronze
CUST-00036,Hetal,Modi,hetal.modi@netmail.example,+91 90006 30414,female,1977-12-01,Ahmedabad,Gujarat,380425,"Unit 86-C, Celestial Apartments, Industrial Area Road, New Colony",2020-01-05,regular,active,English,5,54860,bronze
CUST-00037,Varun,Poojary,varun.poojary@webmail.example,+91 60004 36922,male,1980-08-22,Bengaluru,Karnataka,560298,"Unit 85-B, Palm Grove, Bypass Road, New Colony",2020-01-07,premium,active,English,7,76587,bronze
CUST-00038,Siddharth,Khan,siddharth.khan1173@mailbox.example,+91 90009 94234,male,1987-12-18,Chennai,Tamil Nadu,600653,"Unit 58-A, Neelkanth CHS, Nagar Road, Camp Area",2020-01-09,inactive,inactive,English,0,0,bronze
CUST-00039,Rashmi,Sundaram,rashmi.sundaram34@mailbox.example,+91 60001 97635,female,1982-09-21,Coimbatore,Tamil Nadu,641571,"Flat 891, Lotus Heights, 5th Cross, Opp. Public Library",2020-01-17,high_value,active,Tamil,16,187887,gold
CUST-00040,Sagar,Malhotra,sagar.malhotra92@netmail.example,+91 80001 61490,male,1977-03-28,Nagpur,Maharashtra,440067,"48/20, Silver Oak Homes, Gandhi Marg, Sector 14",2020-01-17,premium,active,Marathi,11,66472,bronze
CUST-00041,Naresh,Sen,naresh.sen1621@webmail.example,+91 80000 63472,male,1982-07-03,Thiruvananthapuram,Kerala,695803,"Flat 665, Gokul Dham, Nagar Road, Extension",2020-01-25,regular,active,English,2,48615,bronze
CUST-00042,Pranav,Nambiar,pranav.nambiar@inbox.example,+91 60004 00174,male,1984-07-20,Hubballi,Karnataka,580409,"Unit 79-C, Mangal Darshan, Civil Lines Road, Block C",2020-01-27,regular,active,English,6,44838,bronze
CUST-00043,Yash,Kapoor,yash.kapoor@mailbox.example,+91 80004 73441,male,1996-02-22,Vadodara,Gujarat,390505,"House No. 164, Gokul Dham, Bypass Road, Near City Mall",2020-02-01,regular,active,Hindi,3,41154,bronze
CUST-00044,Pratiksha,Khanna,pratiksha.khanna1976@netmail.example,+91 80000 95248,female,1990-05-02,Mumbai,Maharashtra,400705,"Unit 55-C, Lotus Heights, Industrial Area Road, West End",2020-02-09,high_value,active,Marathi,25,526010,gold
CUST-00045,Lakshay,Dhillon,lakshay.dhillon1106@webmail.example,+91 70003 69006,male,1969-02-24,Jaipur,Rajasthan,302142,"Flat 1073, Shanti Niwas, Temple Street, Housing Board",2020-02-20,regular,active,Hinglish,3,9990,bronze
CUST-00046,Ankit,Dhillon,ankit.dhillon73@mailbox.example,+91 60004 67643,male,1987-12-06,Lucknow,Uttar Pradesh,226644,"Unit 31-C, Blue Lagoon Residency, Ring Road, Model Town",2020-02-23,premium,active,Hinglish,6,117067,bronze
CUST-00047,Mohit,Fernandes,mohit.fernandes77@webmail.example,+91 80008 66629,male,1979-09-11,Bengaluru,Karnataka,560035,"Unit 62-B, Riverview Enclave, Garden Lane, Camp Area",2020-02-27,premium,active,Hinglish,7,100123,bronze
CUST-00048,Ritu,Negi,ritu7770.negi@netmail.example,+91 80000 94458,female,1991-03-29,Noida,Uttar Pradesh,201672,"Flat 309, Pearl Towers, Station Road, Industrial Estate",2020-02-29,regular,active,Hindi,6,59602,bronze
CUST-00049,Nikhil,Gaikwad,nikhil.gaikwad1459@inbox.example,+91 60002 00003,male,1998-12-27,Mumbai,Maharashtra,400361,"Unit 86-C, Skyline Arcade, MG Road, Extension",2020-03-04,inactive,active,English,0,0,bronze
CUST-00050,Jaspreet,Gill,jaspreet.gill78@webmail.example,+91 90002 18572,male,2001-07-04,Indore,Madhya Pradesh,452778,"32/20, Shanti Niwas, Bypass Road, Opp. Public Library",2020-03-05,high_value,active,Hindi,34,609945,platinum
CUST-00051,Snehal,Saxena,snehal.saxena63@inbox.example,+91 70000 39533,female,1988-11-20,Nagpur,Maharashtra,440016,"House No. 268, Ashiyana Complex, Old Town Road, Camp Area",2020-03-15,new,active,English,1,874,bronze
CUST-00052,Sakshi,Fernandes,sakshi.fernandes85@netmail.example,+91 80009 39328,female,1989-07-30,Bengaluru,Karnataka,560081,"6/23, Maple Court, Garden Lane, Housing Board",2020-03-17,regular,active,English,2,4482,bronze
CUST-00053,Gurpreet,Fernandes,gurpreet.fernandes@netmail.example,+91 70006 82322,male,1977-05-09,Lucknow,Uttar Pradesh,226842,"Flat 411, Jasmine Heights, College Road, Extension",2020-03-19,premium,active,English,5,113393,bronze
CUST-00054,Komal,Trivedi,komal.trivedi53@webmail.example,+91 70006 46799,female,1983-08-13,Rajkot,Gujarat,360505,"Flat 934, Orchid Towers, Bypass Road, Layout 3rd Stage",2020-03-29,regular,active,Gujarati,7,46495,silver
CUST-00055,Dhruv,Goud,dhruv.goud@webmail.example,+91 60004 76486,male,1991-12-03,Hyderabad,Telangana,500994,"House No. 274, Lotus Heights, Market Cross Road, Layout 3rd Stage",2020-04-11,regular,active,Telugu,4,37403,silver
CUST-00056,Bhumi,Pandey,bhumi.pandey1494@mailbox.example,+91 70009 84369,female,2000-10-12,Ahmedabad,Gujarat,380775,"House No. 199, Green Valley Apartments, Civil Lines Road, Opp. Public Library",2020-04-15,high_value,active,English,13,288830,gold
CUST-00057,Sachin,Mehta,sachin.mehta31@inbox.example,+91 70000 32724,male,1985-09-24,Chandigarh,Chandigarh,160680,"Flat 673, Riverview Enclave, 5th Cross, Layout 3rd Stage",2020-04-16,inactive,active,Hinglish,0,0,bronze
CUST-00058,Harsh,Mondal,harsh.mondal@inbox.example,+91 60007 17715,male,1983-10-17,Kolkata,West Bengal,700413,"26/2, Riverview Enclave, Gandhi Marg, Near City Mall",2020-04-20,inactive,active,English,0,0,bronze
CUST-00059,Dhaval,Singh,dhaval.singh@mailbox.example,+91 70004 93392,male,1984-02-16,Surat,Gujarat,395105,"House No. 221, Mangal Darshan, Civil Lines Road, Sector 14",2020-04-22,inactive,active,Hindi,0,0,bronze
CUST-00060,Jaspreet,Khan,jaspreet.khan@inbox.example,+91 70008 15075,male,1991-09-06,Lucknow,Uttar Pradesh,226815,"House No. 57, Jasmine Heights, Temple Street, West End",2020-04-22,regular,active,Hindi,6,26697,silver
CUST-00061,Deepak,Hegde,deepak.hegde@netmail.example,+91 80009 50237,male,1961-05-22,Mysuru,Karnataka,570516,"Flat 759, Tulsi Garden, 12th Main, West End",2020-04-29,new,active,English,1,6843,bronze
CUST-00062,Amrutha,Das,amrutha.das@netmail.example,+91 60009 77994,female,1986-11-29,Bengaluru,Karnataka,560254,"Flat 275, Emerald Park, Nagar Road, Layout 3rd Stage",2020-05-06,premium,active,English,6,69556,bronze
CUST-00063,Pallavi,Shetty,pallavi.shetty1764@netmail.example,+91 80001 04345,female,1992-12-29,Thiruvananthapuram,Kerala,695857,"House No. 227, Emerald Park, Old Town Road, West End",2020-05-12,regular,active,English,3,12606,bronze
CUST-00064,Swati,Sen,swati.sen@inbox.example,+91 90002 52140,female,1973-04-16,Ludhiana,Punjab,141163,"15/2, Celestial Apartments, Temple Street, Camp Area",2020-05-16,regular,active,Hindi,2,48881,bronze
CUST-00065,Rajesh,Srivastava,rajesh.srivastava16@netmail.example,+91 90006 39430,male,1998-01-31,Jodhpur,Rajasthan,342397,"Flat 1074, Jasmine Heights, Link Road, Camp Area",2020-05-27,inactive,active,Hindi,0,0,bronze
CUST-00066,Simran,Rawat,simran.rawat@netmail.example,+91 70001 44932,female,1996-12-11,Jaipur,Rajasthan,302091,"Flat 676, Sai Krupa, Nehru Nagar Main Road, Industrial Estate",2020-06-02,new,active,Hindi,1,0,bronze
CUST-00067,Suresh,Selvam,suresh.selvam66@inbox.example,+91 70008 93770,male,2000-05-13,Chennai,Tamil Nadu,600286,"42/10, Lotus Heights, Ring Road, Opp. Public Library",2020-06-03,inactive,active,English,0,0,bronze
CUST-00068,Kiran,Raju,kiran.raju@mailbox.example,+91 70000 05143,male,1980-06-09,Hyderabad,Telangana,500527,"30/21, Sai Krupa, Nehru Nagar Main Road, Phase 2",2020-06-04,premium,active,English,7,82476,bronze
CUST-00069,Anoop,Kapoor,anoop.kapoor74@inbox.example,+91 90006 23011,male,1990-05-17,Bengaluru,Karnataka,560165,"38/17, Pearl Towers, Civil Lines Road, Camp Area",2020-06-08,new,active,English,1,4596,bronze
CUST-00070,Debashish,Gupta,debashish.gupta37@inbox.example,+91 70008 83670,male,1989-09-26,Kolkata,West Bengal,700763,"Unit 88-D, Maple Court, Ring Road, Industrial Estate",2020-06-10,inactive,inactive,Bengali,0,0,bronze
CUST-00071,Kabir,Thakkar,kabir.thakkar1916@inbox.example,+91 90007 90343,male,1986-05-03,Ahmedabad,Gujarat,380561,"Unit 79-A, Heritage Villas, Bypass Road, Camp Area",2020-06-23,high_value,active,Hindi,17,566313,gold
CUST-00072,Amrutha,Gowda,amrutha.gowda@mailbox.example,+91 60008 82408,female,1993-03-18,Mysuru,Karnataka,570035,"House No. 115, Ashiyana Complex, College Road, Model Town",2020-06-24,regular,active,English,2,37157,bronze
CUST-00073,Subhajit,Ahmed,subhajit.ahmed1302@mailbox.example,+91 70008 25814,male,1988-03-03,Kolkata,West Bengal,700009,"Unit 68-D, Green Valley Apartments, 5th Cross, Camp Area",2020-06-25,premium,active,English,5,68616,bronze
CUST-00074,Ananya,Negi,ananya.negi@inbox.example,+91 90005 67419,female,1993-07-06,Ludhiana,Punjab,141075,"51/25, Green Valley Apartments, Ring Road, Extension",2020-06-26,inactive,active,English,0,0,bronze
CUST-00075,Tanmay,Krishnan,tanmay.krishnan96@netmail.example,+91 80003 74787,male,1996-11-13,Chennai,Tamil Nadu,600375,"Unit 86-C, Tulsi Garden, Gandhi Marg, Model Town",2020-07-04,premium,active,English,7,129082,silver
CUST-00076,Padmaja,Prasad,padmaja.prasad979@mailbox.example,+91 70005 69573,female,2000-02-23,Vijayawada,Andhra Pradesh,520865,"House No. 248, Neelkanth CHS, Nagar Road, Near City Mall",2020-07-07,inactive,active,Telugu,0,0,bronze
CUST-00077,Megha,Rathore,megha.rathore25@mailbox.example,+91 70008 12029,female,1994-09-12,Raipur,Chhattisgarh,492491,"Flat 311, Skyline Arcade, Garden Lane, Phase 2",2020-07-09,high_value,active,Hinglish,8,152762,bronze
CUST-00078,Abhijit,Kumar,abhijit.kumar30@netmail.example,+91 80009 62563,male,1991-12-28,Kolkata,West Bengal,700002,"Flat 617, Rose Meadows, 5th Cross, Block C",2020-07-13,regular,active,English,3,21639,bronze
CUST-00079,Karan,Bajwa,karan.bajwa@netmail.example,+91 70001 18399,male,1987-12-12,Delhi,Delhi,110072,"Unit 3-D, Green Valley Apartments, Industrial Area Road, Phase 2",2020-07-14,high_value,active,English,14,357044,silver
CUST-00080,Swati,Poojary,swati.poojary@netmail.example,+91 90006 60279,female,1985-04-15,Bengaluru,Karnataka,560776,"19/24, Skyline Arcade, Station Road, Sector 14",2020-07-21,regular,active,English,2,7302,bronze
CUST-00081,Mohit,Patel,mohit.patel174@webmail.example,+91 70003 13211,male,1992-03-21,Gurugram,Haryana,122361,"Unit 31-C, Pearl Towers, Industrial Area Road, Housing Board",2020-07-24,inactive,active,Hinglish,0,0,bronze
CUST-00082,Jyoti,Shetty,jyoti.shetty821@inbox.example,+91 90001 58867,female,1985-02-07,Bengaluru,Karnataka,560482,"Unit 42-B, Palm Grove, Canal Road, New Colony",2020-08-01,premium,active,English,7,82467,bronze
CUST-00083,Bhavna,Bansal,bhavna.bansal1027@inbox.example,+91 90002 41026,female,1995-02-21,Gurugram,Haryana,122879,"60/8, Shanti Niwas, Old Town Road, Layout 3rd Stage",2020-08-05,regular,active,Hindi,4,19397,bronze
CUST-00084,Preeti,Srivastava,preeti.srivastava6@inbox.example,+91 80007 17814,female,2002-04-29,Varanasi,Uttar Pradesh,221788,"Flat 1021, Maple Court, Old Town Road, Sector 14",2020-08-08,regular,active,Hindi,2,58750,bronze
CUST-00085,Sourav,Mondal,sourav.mondal@mailbox.example,+91 90001 13569,male,1994-09-11,Bhubaneswar,Odisha,751806,"54/17, Pearl Towers, Market Cross Road, Extension",2020-08-08,inactive,active,Bengali,0,0,bronze
CUST-00086,Senthil,Arora,senthil.arora@inbox.example,+91 70000 26990,male,2001-10-22,Chennai,Tamil Nadu,600721,"House No. 98, Maple Court, Market Cross Road, Block C",2020-08-17,regular,active,English,3,28442,bronze
CUST-00087,Neha,Gupta,neha.gupta1689@netmail.example,+91 70005 95268,female,1997-03-29,Jodhpur,Rajasthan,342143,"Unit 67-C, Heritage Villas, Garden Lane, Behind Bus Stand",2020-08-18,inactive,active,Hindi,0,0,bronze
CUST-00088,Tanvi,Banerjee,tanvi.banerjee254@inbox.example,+91 70000 61640,female,2001-11-01,Dehradun,Uttarakhand,248618,"House No. 135, Sai Krupa, Temple Street, Near City Mall",2020-08-19,inactive,inactive,Hindi,1,5428,bronze
CUST-00089,Gauri,Pillai,gauri.pillai@netmail.example,+91 90009 76545,female,1971-05-08,Pune,Maharashtra,411810,"House No. 226, Pearl Towers, Ring Road, Sector 14",2020-08-21,new,active,Hinglish,1,5898,bronze
CUST-00090,Nirav,Kapoor,nirav.kapoor@netmail.example,+91 60005 29760,male,1972-02-15,Surat,Gujarat,395552,"33/25, Skyline Arcade, Temple Street, Near City Mall",2020-08-25,regular,active,English,3,15757,bronze
CUST-00091,Pranav,Fernandes,pranav.fernandes@inbox.example,+91 70002 61676,male,1995-09-07,Nagpur,Maharashtra,440452,"Unit 9-A, Rose Meadows, Station Road, Model Town",2020-08-28,inactive,active,Marathi,0,0,bronze
CUST-00092,Zoya,Ahmed,zoya.ahmed@mailbox.example,+91 90007 75621,female,2002-01-13,Coimbatore,Tamil Nadu,641143,"Unit 35-A, Gokul Dham, Market Cross Road, Behind Bus Stand",2020-08-30,high_value,active,English,9,286740,silver
CUST-00093,Ishaan,Jain,ishaan.jain@inbox.example,+91 90000 77733,male,1990-11-14,Nagpur,Maharashtra,440697,"Unit 81-D, Sunrise Residency, Nehru Nagar Main Road, Block C",2020-08-31,high_value,active,Hindi,4,155273,bronze
CUST-00094,Shruti,Modi,shruti.modi55@inbox.example,+91 60009 12033,female,1993-01-23,Surat,Gujarat,395038,"House No. 2, Riverview Enclave, Canal Road, Near City Mall",2020-09-02,regular,active,Hinglish,8,24223,silver
CUST-00095,Mohit,Shinde,mohit.shinde@mailbox.example,+91 70005 48675,male,1999-09-09,Mumbai,Maharashtra,400367,"House No. 92, Anand Vihar Society, Station Road, Model Town",2020-09-16,high_value,active,Marathi,18,276846,silver
CUST-00096,Simran,Menon,simran.menon@webmail.example,+91 70003 33216,female,1993-02-10,Bhopal,Madhya Pradesh,462435,"Flat 794, Blue Lagoon Residency, Station Road, Extension",2020-09-16,regular,active,English,4,19672,bronze
CUST-00097,Harleen,Negi,harleen.negi@netmail.example,+91 80009 61408,female,2001-06-05,Amritsar,Punjab,143267,"Flat 348, Pearl Towers, College Road, Sector 14",2020-09-17,high_value,active,Hinglish,13,273837,gold
CUST-00098,Rutuja,Pillai,rutuja.pillai@webmail.example,+91 70003 03936,female,1994-03-30,Mumbai,Maharashtra,400058,"Unit 50-D, Riverview Enclave, College Road, Industrial Estate",2020-09-18,high_value,active,English,10,153410,silver
CUST-00099,Jyoti,Yadav,jyoti.yadav70@netmail.example,+91 60008 43912,female,1989-04-06,Hyderabad,Telangana,500103,"8/28, Tulsi Garden, Nehru Nagar Main Road, Camp Area",2020-09-21,premium,active,English,8,74768,silver
CUST-00100,Ayaan,Jadhav,ayaan.jadhav@webmail.example,+91 90000 21190,male,1998-10-18,Mumbai,Maharashtra,400062,"Unit 48-C, Lotus Heights, Nagar Road, Model Town",2020-09-23,inactive,active,Marathi,0,0,bronze
CUST-00101,Mahesh,Sharma,mahesh.sharma@webmail.example,+91 60003 61450,male,1981-07-28,Kochi,Kerala,682012,"Flat 594, Mangal Darshan, Nagar Road, Model Town",2020-09-28,regular,active,Hinglish,4,31156,silver
CUST-00102,Manish,Sethi,manish.sethi921@inbox.example,+91 80003 37676,male,2000-10-21,Coimbatore,Tamil Nadu,641931,"49/2, Orchid Towers, Canal Road, Phase 2",2020-09-30,premium,active,English,7,65086,silver
CUST-00103,Rahul,Hegde,rahul.hegde@netmail.example,+91 80004 21584,male,1995-01-13,Thiruvananthapuram,Kerala,695163,"Flat 970, Neelkanth CHS, Station Road, Behind Bus Stand",2020-10-02,inactive,active,Hindi,0,0,bronze
CUST-00104,Arjun,Biswas,arjun.biswas142@inbox.example,+91 90008 38565,male,1986-05-08,Kolkata,West Bengal,700098,"House No. 198, Blue Lagoon Residency, Nehru Nagar Main Road, West End",2020-10-05,high_value,active,Bengali,16,163326,gold
CUST-00105,Myra,Sharma,myra.sharma7@mailbox.example,+91 90009 64587,female,2001-07-04,Pune,Maharashtra,411786,"51/2, Blue Lagoon Residency, Canal Road, Near City Mall",2020-10-07,regular,active,English,4,43623,bronze
CUST-00106,Apurva,Arora,apurva.arora58@netmail.example,+91 70002 31386,female,2001-12-12,Mumbai,Maharashtra,400209,"51/23, Maple Court, Nagar Road, Block C",2020-10-10,regular,active,Marathi,3,28812,bronze
CUST-00107,Harpreet,Patil,harpreet.patil1191@webmail.example,+91 70002 25114,male,1999-10-02,Noida,Uttar Pradesh,201883,"Unit 48-C, Emerald Park, Ring Road, New Colony",2020-10-16,high_value,active,Hinglish,8,157046,bronze
CUST-00108,Tara,Sharma,tara.sharma40@inbox.example,+91 80004 27212,female,1995-12-15,Jaipur,Rajasthan,302740,"House No. 335, Emerald Park, Link Road, Block C",2020-10-18,new,active,Hindi,1,7321,bronze
CUST-00109,Deepa,Bose,deepa.bose@netmail.example,+91 70000 30492,female,1978-12-12,Chennai,Tamil Nadu,600644,"Flat 809, Gokul Dham, Garden Lane, Block C",2020-10-19,premium,active,English,12,123365,silver
CUST-00110,Nidhi,Pandey,nidhi.pandey91@mailbox.example,+91 80006 35584,female,1986-07-07,Raipur,Chhattisgarh,492605,"56/6, Sai Krupa, Station Road, Near City Mall",2020-10-25,premium,active,English,8,104819,bronze
CUST-00111,Chinmay,Shinde,chinmay.shinde502@inbox.example,+91 70002 82056,male,1977-06-06,Mumbai,Maharashtra,400939,"House No. 159, Riverview Enclave, Station Road, Extension",2020-10-27,regular,active,English,2,20587,bronze
CUST-00112,Ritu,Negi,ritu.negi@inbox.example,+91 60009 79258,female,1988-01-24,Noida,Uttar Pradesh,201265,"House No. 399, Jasmine Heights, Park Avenue, Extension",2020-10-28,inactive,active,Hinglish,0,0,bronze
CUST-00113,Isha,Sharma,isha.sharma@webmail.example,+91 60004 25511,female,1979-02-06,Hyderabad,Telangana,500151,"18/20, Gokul Dham, Ring Road, Model Town",2020-11-01,regular,active,English,2,16393,bronze
CUST-00114,Zoya,Majumdar,zoya.majumdar1669@netmail.example,+91 90009 97615,female,1987-03-12,Bhubaneswar,Odisha,751936,"33/19, Riverview Enclave, Ring Road, Opp. Public Library",2020-11-03,regular,active,English,2,7452,bronze
CUST-00115,Ritu,Sethi,ritu.sethi301@webmail.example,+91 60007 97289,female,1988-10-02,Lucknow,Uttar Pradesh,226273,"23/2, Palm Grove, Industrial Area Road, Layout 3rd Stage",2020-11-09,regular,active,English,2,52726,bronze
CUST-00116,Ekta,Mukherjee,ekta.mukherjee@webmail.example,+91 90007 29349,female,1983-03-06,Dehradun,Uttarakhand,248926,"House No. 49, Tulsi Garden, Temple Street, Opp. Public Library",2020-11-12,regular,active,English,3,11201,bronze
CUST-00117,Tara,Bhatia,tara.bhatia6@webmail.example,+91 80009 75552,female,1971-04-08,Faridabad,Haryana,121842,"22/1, Heritage Villas, Nagar Road, Opp. Public Library",2020-11-15,inactive,active,Hindi,1,975,bronze
CUST-00118,Harsh,Zaveri,harsh.zaveri1449@netmail.example,+91 70006 45085,male,1971-09-20,Surat,Gujarat,395377,"Unit 20-C, Mangal Darshan, Ring Road, Block C",2020-11-16,premium,active,English,5,84640,bronze
CUST-00119,Pallavi,Negi,pallavi.negi21@webmail.example,+91 80001 26353,female,1994-06-08,Chandigarh,Chandigarh,160207,"House No. 211, Green Valley Apartments, 5th Cross, Industrial Estate",2020-12-06,premium,active,Hinglish,9,125246,silver
CUST-00120,Remya,Gowda,remya.gowda47@netmail.example,+91 90008 13662,female,1974-06-01,Kochi,Kerala,682005,"Flat 648, Riverview Enclave, Bypass Road, Layout 3rd Stage",2020-12-08,high_value,active,English,11,295526,silver
CUST-00121,Preeti,Chopra,preeti.chopra@netmail.example,+91 90006 04111,female,1990-11-23,Lucknow,Uttar Pradesh,226063,"House No. 298, Jasmine Heights, Nagar Road, Model Town",2020-12-09,inactive,active,Hindi,0,0,bronze
CUST-00122,Anika,Mukherjee,anika.mukherjee@mailbox.example,+91 80006 50149,female,1989-06-11,Faridabad,Haryana,121986,"Unit 77-B, Emerald Park, Canal Road, Block C",2020-12-10,high_value,active,Hindi,2,170391,bronze
CUST-00123,Harsh,Pawar,harsh.pawar34@webmail.example,+91 60006 45971,male,1984-01-07,Nashik,Maharashtra,422009,"Unit 55-A, Mangal Darshan, Canal Road, Opp. Public Library",2020-12-11,inactive,inactive,English,0,0,silver
CUST-00124,Pranav,Gupta,pranav.gupta59@mailbox.example,+91 70001 41424,male,1981-02-21,Pune,Maharashtra,411817,"56/7, Celestial Apartments, Industrial Area Road, Sector 14",2020-12-11,premium,active,Hinglish,4,71869,bronze
CUST-00125,Megha,Patil,megha.patil1309@inbox.example,+91 90007 74484,female,1991-06-19,Jaipur,Rajasthan,302160,"Unit 59-A, Pearl Towers, Temple Street, Camp Area",2020-12-12,high_value,active,Hindi,20,295809,gold
CUST-00126,Snehal,Pandey,snehal.pandey@mailbox.example,+91 80004 00868,female,1965-07-03,Pune,Maharashtra,411465,"15/28, Emerald Park, 12th Main, Opp. Public Library",2020-12-15,regular,active,English,2,46663,bronze
CUST-00127,Kiara,Jain,kiara.jain@mailbox.example,+91 70000 93478,female,2002-01-10,Hyderabad,Telangana,500886,"40/28, Neelkanth CHS, Ring Road, Layout 3rd Stage",2020-12-16,premium,active,Telugu,12,125701,silver
CUST-00128,Komal,Tomar,komal.tomar86@inbox.example,+91 90008 44731,female,1998-03-01,Noida,Uttar Pradesh,201463,"Flat 556, Green Valley Apartments, 12th Main, Phase 2",2020-12-21,regular,active,Hindi,2,15664,bronze
CUST-00129,Simran,Gill,simran.gill@mailbox.example,+91 70005 46977,female,1979-05-12,Varanasi,Uttar Pradesh,221308,"13/11, Blue Lagoon Residency, College Road, West End",2020-12-22,regular,active,Hinglish,7,33942,silver
CUST-00130,Gokul,Murugan,gokul.murugan@webmail.example,+91 70005 43293,male,1984-02-16,Chennai,Tamil Nadu,600580,"58/23, Pearl Towers, Nagar Road, Industrial Estate",2020-12-23,regular,active,Tamil,3,11707,bronze
CUST-00131,Lakshmi,Chandran,lakshmi.chandran@netmail.example,+91 70000 22677,female,1981-01-01,Chennai,Tamil Nadu,600081,"20/17, Jasmine Heights, Old Town Road, Layout 3rd Stage",2020-12-24,regular,active,Tamil,4,46108,bronze
CUST-00132,Varun,Dsouza,varun.dsouza223@netmail.example,+91 80009 30030,male,1992-07-03,Gurugram,Haryana,122644,"Flat 388, Silver Oak Homes, Canal Road, Phase 2",2020-12-26,premium,active,Hinglish,2,83188,bronze
CUST-00133,Vaishnavi,Bhosale,vaishnavi.bhosale1704@netmail.example,+91 70004 42411,female,1993-07-11,Mumbai,Maharashtra,400386,"House No. 239, Rose Meadows, Nagar Road, Model Town",2020-12-30,new,active,Hinglish,1,31050,bronze
CUST-00134,Arjun,Chakraborty,arjun.chakraborty586@webmail.example,+91 80007 90245,male,1975-08-14,Howrah,West Bengal,711257,"Unit 44-C, Sunrise Residency, Link Road, Model Town",2021-01-09,premium,active,English,8,104586,silver
CUST-00135,Bhavesh,Dave,bhavesh.dave@mailbox.example,+91 80008 49506,male,1989-07-01,Surat,Gujarat,395235,"Flat 817, Green Valley Apartments, Ring Road, West End",2021-01-13,regular,active,English,4,17835,bronze
CUST-00136,Sandeep,Gupta,sandeep.gupta@netmail.example,+91 80003 48299,male,1989-04-24,Bengaluru,Karnataka,560073,"Unit 64-A, Silver Oak Homes, Bypass Road, Extension",2021-01-13,inactive,inactive,English,0,0,bronze
CUST-00137,Sanchita,Sarkar,sanchita.sarkar52@mailbox.example,+91 70007 02976,female,1993-06-25,Guwahati,Assam,781869,"House No. 451, Rose Meadows, Lake View Road, Sector 14",2021-01-14,regular,active,English,3,33046,bronze
CUST-00138,Yash,Trivedi,yash.trivedi1547@webmail.example,+91 60005 16307,male,1993-03-29,Ahmedabad,Gujarat,380576,"Flat 409, Gokul Dham, Civil Lines Road, Near City Mall",2021-01-17,high_value,active,Gujarati,14,279954,gold
CUST-00139,Priya,Bhatia,priya.bhatia@mailbox.example,+91 60002 59675,female,1976-11-18,Hyderabad,Telangana,500908,"House No. 80, Rose Meadows, Old Town Road, Behind Bus Stand",2021-01-19,regular,active,English,4,29331,bronze
CUST-00140,Teja,Goud,teja.goud@mailbox.example,+91 80002 64553,male,1991-06-19,Hyderabad,Telangana,500736,"Unit 78-D, Emerald Park, Ring Road, Near City Mall",2021-01-24,regular,active,Telugu,3,47080,bronze
CUST-00141,Chinmay,Iyer,chinmay.iyer@mailbox.example,+91 90003 11086,male,1986-08-30,Mumbai,Maharashtra,400523,"1/9, Jasmine Heights, Temple Street, Model Town",2021-01-25,regular,active,English,3,6560,bronze
CUST-00142,Deepthi,Kamath,deepthi.kamath@inbox.example,+91 70003 62244,female,1994-12-13,Kochi,Kerala,682297,"House No. 13, Riverview Enclave, Ring Road, Industrial Estate",2021-01-26,inactive,inactive,Hindi,0,0,bronze
CUST-00143,Komal,Desai,komal.desai@inbox.example,+91 70009 07919,female,1984-12-22,Jodhpur,Rajasthan,342523,"House No. 134, Rose Meadows, Industrial Area Road, Model Town",2021-01-31,new,active,Hindi,1,238,bronze
CUST-00144,Ekta,Iyer,ekta.iyer@mailbox.example,+91 80008 52630,female,1986-06-20,Delhi,Delhi,110108,"Flat 180, Tulsi Garden, Old Town Road, West End",2021-02-02,regular,active,Hindi,3,8416,bronze
CUST-00145,Anjali,Rathore,anjali.rathore1926@inbox.example,+91 80001 97069,female,1986-04-24,Kanpur,Uttar Pradesh,208065,"Unit 74-D, Ashiyana Complex, Ring Road, Sector 14",2021-02-03,premium,active,English,2,66221,bronze
CUST-00146,Aarti,Rawat,aarti.rawat117@netmail.example,+91 60009 66469,female,1991-08-23,Delhi,Delhi,110600,"Unit 58-B, Heritage Villas, MG Road, Phase 2",2021-02-04,high_value,active,English,14,368663,silver
CUST-00147,Aditya,Rathore,aditya.rathore16@webmail.example,+91 60009 40673,other,1989-01-11,Nashik,Maharashtra,422057,"48/6, Jasmine Heights, 5th Cross, Behind Bus Stand",2021-02-08,high_value,active,English,9,171759,bronze
CUST-00148,Aarav,Menon,aarav.menon1697@mailbox.example,+91 80001 12357,male,1997-10-28,Delhi,Delhi,110544,"Unit 77-D, Neelkanth CHS, Garden Lane, Camp Area",2021-02-14,premium,active,English,4,142482,bronze
CUST-00149,Rakesh,Kurup,rakesh.kurup1688@inbox.example,+91 90006 98037,male,1994-02-16,Bengaluru,Karnataka,560292,"Flat 935, Emerald Park, Link Road, Housing Board",2021-02-16,premium,active,English,5,107651,silver
CUST-00150,Vishnu,Banerjee,vishnu.banerjee@webmail.example,+91 70007 73028,male,1986-05-04,Bengaluru,Karnataka,560793,"Flat 711, Blue Lagoon Residency, MG Road, Camp Area",2021-02-16,high_value,active,English,16,493476,gold
CUST-00151,Siddharth,Joshi,siddharth.joshi@webmail.example,+91 60005 39847,male,1996-10-13,Pune,Maharashtra,411110,"Flat 331, Blue Lagoon Residency, Lake View Road, Behind Bus Stand",2021-02-17,high_value,active,English,7,269134,silver
CUST-00152,Riya,Vyas,riya.vyas@mailbox.example,+91 80000 46762,female,1972-05-14,Vadodara,Gujarat,390497,"Flat 837, Ashiyana Complex, Garden Lane, Block C",2021-02-20,high_value,active,English,12,151403,silver
CUST-00153,Varun,Ganguly,varun.ganguly@inbox.example,+91 80000 82199,male,1995-06-29,Kolkata,West Bengal,700854,"48/21, Blue Lagoon Residency, Lake View Road, Behind Bus Stand",2021-02-21,premium,active,Hindi,8,126555,silver
CUST-00154,Aadhya,Srivastava,aadhya.srivastava@netmail.example,+91 80001 17725,female,2002-01-11,Delhi,Delhi,110860,"38/24, Ashiyana Complex, Old Town Road, Opp. Public Library",2021-02-24,premium,active,English,8,70123,silver
CUST-00155,Jyoti,Sen,jyoti.sen25@inbox.example,+91 60004 82531,female,1996-07-30,Delhi,Delhi,110627,"12/11, Neelkanth CHS, Nehru Nagar Main Road, New Colony",2021-02-25,regular,active,Hindi,5,36476,silver
CUST-00156,Teja,Agarwal,teja.agarwal@mailbox.example,+91 60009 41803,male,2000-04-07,Hyderabad,Telangana,500851,"Flat 1073, Lotus Heights, Bypass Road, Near City Mall",2021-02-25,new,active,English,1,2949,bronze
CUST-00157,Kunal,Dubey,kunal.dubey@netmail.example,+91 70004 58751,male,1989-10-20,Noida,Uttar Pradesh,201940,"House No. 294, Neelkanth CHS, Link Road, West End",2021-02-27,new,active,Hinglish,1,10217,bronze
CUST-00158,Arvind,Murugan,arvind.murugan@webmail.example,+91 60004 84428,male,1975-11-11,Chennai,Tamil Nadu,600964,"House No. 430, Emerald Park, Link Road, Opp. Public Library",2021-02-28,inactive,active,Tamil,0,0,bronze
CUST-00159,Harpreet,Ghosh,harpreet.ghosh1179@netmail.example,+91 60008 96856,male,1982-06-01,Bhopal,Madhya Pradesh,462582,"Unit 60-B, Green Valley Apartments, Old Town Road, Housing Board",2021-02-28,new,active,Hindi,1,247,bronze
CUST-00160,Jaspreet,Gill,jaspreet.gill33@netmail.example,+91 70001 46014,male,1967-10-30,Lucknow,Uttar Pradesh,226076,"Flat 893, Gokul Dham, Gandhi Marg, Opp. Public Library",2021-03-01,premium,active,English,16,135564,gold
CUST-00161,Meera,Pawar,meera.pawar@netmail.example,+91 60007 11122,female,1991-12-14,Pune,Maharashtra,411882,"19/4, Riverview Enclave, Temple Street, Layout 3rd Stage",2021-03-03,high_value,active,Marathi,34,491949,platinum
CUST-00162,Swati,Shinde,swati.shinde@netmail.example,+91 60007 49907,female,1984-02-09,Nagpur,Maharashtra,440097,"House No. 430, Jasmine Heights, Old Town Road, Model Town",2021-03-05,regular,active,Hinglish,2,10033,bronze
CUST-00163,Onkar,Sawant,onkar.sawant1343@inbox.example,+91 60001 34590,male,1993-01-08,Nashik,Maharashtra,422782,"Flat 647, Sai Krupa, Industrial Area Road, West End",2021-03-07,inactive,active,English,0,0,bronze
CUST-00164,Suresh,Sharma,suresh.sharma@mailbox.example,+91 90002 42164,male,1993-02-20,Coimbatore,Tamil Nadu,641390,"Flat 489, Silver Oak Homes, Ring Road, Industrial Estate",2021-03-10,high_value,active,English,12,224318,gold
CUST-00165,Snehal,Shinde,snehal.shinde@netmail.example,+91 80000 24071,female,2002-07-04,Mumbai,Maharashtra,400943,"House No. 3, Ashiyana Complex, Temple Street, Opp. Public Library",2021-03-13,inactive,inactive,Marathi,2,2904,bronze
CUST-00166,Sanket,Chopra,sanket.chopra@mailbox.example,+91 70000 53542,male,1994-01-18,Mumbai,Maharashtra,400562,"8/24, Green Valley Apartments, College Road, Sector 14",2021-03-15,regular,active,Hindi,3,24075,bronze
CUST-00167,Aadhya,Bose,aadhya.bose1034@inbox.example,+91 90005 75203,female,1994-05-03,Bengaluru,Karnataka,560068,"House No. 368, Lotus Heights, 5th Cross, Block C",2021-03-17,regular,active,English,3,20309,bronze
CUST-00168,Sourav,Khanna,sourav.khanna@netmail.example,+91 90007 96093,other,1990-09-14,Guwahati,Assam,781085,"Flat 905, Blue Lagoon Residency, College Road, Layout 3rd Stage",2021-03-18,inactive,active,English,1,10936,bronze
CUST-00169,Vignesh,Rao,vignesh.rao73@inbox.example,+91 60002 53811,male,1975-02-05,Chennai,Tamil Nadu,600633,"Unit 54-A, Anand Vihar Society, Ring Road, Near City Mall",2021-03-21,high_value,active,Tamil,5,152130,bronze
CUST-00170,Rahul,Gill,rahul.gill@mailbox.example,+91 90000 23124,male,1987-01-26,Delhi,Delhi,110412,"55/21, Celestial Apartments, Nagar Road, Housing Board",2021-03-23,regular,active,English,5,20643,bronze
CUST-00171,Antara,Sarkar,antara.sarkar21@webmail.example,+91 70002 59005,female,1999-12-07,Bhubaneswar,Odisha,751292,"Flat 667, Palm Grove, Nagar Road, Near City Mall",2021-04-05,premium,active,English,5,115580,silver
CUST-00172,Harika,Sastry,harika.sastry1477@inbox.example,+91 90006 78402,female,1976-11-27,Hyderabad,Telangana,500415,"11/9, Rose Meadows, Nehru Nagar Main Road, Opp. Public Library",2021-04-07,premium,active,Telugu,4,101535,bronze
CUST-00173,Shivam,Gupta,shivam.gupta@inbox.example,+91 70000 82807,male,1980-04-21,Faridabad,Haryana,121480,"53/20, Pearl Towers, Nagar Road, Housing Board",2021-04-10,regular,active,Hinglish,5,55169,bronze
CUST-00174,Ayaan,Joshi,ayaan.joshi@inbox.example,+91 80001 78490,male,2000-04-01,Thiruvananthapuram,Kerala,695625,"Flat 944, Riverview Enclave, Nehru Nagar Main Road, Housing Board",2021-04-16,inactive,inactive,English,2,29099,bronze
CUST-00175,Siddharth,Hegde,siddharth.hegde1884@mailbox.example,+91 70001 55287,male,1988-09-13,Kochi,Kerala,682175,"9/15, Ashiyana Complex, Gandhi Marg, Housing Board",2021-04-17,premium,active,English,8,106654,silver
CUST-00176,Neha,Bansal,neha.bansal@webmail.example,+91 70002 42306,female,1987-04-17,Chennai,Tamil Nadu,600287,"Flat 269, Rose Meadows, Nehru Nagar Main Road, Sector 14",2021-04-20,new,active,English,1,2932,bronze
CUST-00177,Janani,Venkatesan,janani.venkatesan66@mailbox.example,+91 70009 30549,female,1995-03-29,Chennai,Tamil Nadu,600999,"House No. 260, Neelkanth CHS, 5th Cross, Industrial Estate",2021-04-21,high_value,active,Tamil,27,679623,gold
CUST-00178,Sonal,Banerjee,sonal.banerjee160@webmail.example,+91 80007 67997,female,1994-10-23,Amritsar,Punjab,143843,"House No. 97, Mangal Darshan, Civil Lines Road, Opp. Public Library",2021-04-21,regular,active,Hindi,2,5264,bronze
CUST-00179,Yash,Solanki,yash.solanki@netmail.example,+91 60000 33490,male,1987-12-06,Surat,Gujarat,395179,"60/23, Heritage Villas, Market Cross Road, Model Town",2021-04-24,regular,active,Gujarati,4,21680,bronze
CUST-00180,Tanmoy,Verma,tanmoy.verma1582@inbox.example,+91 60008 31383,male,1994-01-31,Kolkata,West Bengal,700645,"House No. 103, Orchid Towers, Bypass Road, West End",2021-04-26,premium,active,Bengali,13,109786,silver
CUST-00181,Vikram,Naidu,vikram.naidu83@mailbox.example,+91 70006 32740,male,1975-04-11,Kanpur,Uttar Pradesh,208937,"Flat 777, Riverview Enclave, Link Road, Model Town",2021-04-26,premium,active,English,7,139357,silver
CUST-00182,Prathamesh,Kale,prathamesh.kale1067@inbox.example,+91 70003 97566,male,1992-05-05,Pune,Maharashtra,411699,"Flat 774, Maple Court, Market Cross Road, Model Town",2021-05-04,high_value,active,Marathi,15,285183,silver
CUST-00183,Kabir,Dsouza,kabir.dsouza@netmail.example,+91 70006 27147,male,1995-03-05,Jaipur,Rajasthan,302922,"Unit 75-B, Tulsi Garden, Garden Lane, Phase 2",2021-05-08,inactive,active,English,2,17908,bronze
CUST-00184,Myra,Iyer,myra.iyer@webmail.example,+91 70004 00089,female,1983-12-05,Rajkot,Gujarat,360695,"Unit 67-A, Pearl Towers, Park Avenue, New Colony",2021-05-08,regular,active,English,2,4512,bronze
CUST-00185,Payel,Sarkar,payel.sarkar@inbox.example,+91 70005 53540,female,2000-02-18,Kolkata,West Bengal,700345,"House No. 136, Celestial Apartments, 12th Main, Industrial Estate",2021-05-08,high_value,active,Bengali,30,453249,platinum
CUST-00186,Krishna,Kurup,krishna.kurup1156@webmail.example,+91 60002 86063,male,1981-09-04,Bengaluru,Karnataka,560667,"Unit 97-A, Blue Lagoon Residency, 5th Cross, Industrial Estate",2021-05-15,premium,active,English,3,62909,bronze
CUST-00187,Reyansh,Chowdary,reyansh.chowdary@inbox.example,+91 60007 20331,male,1996-01-28,Hyderabad,Telangana,500546,"34/3, Skyline Arcade, Ring Road, West End",2021-05-15,inactive,suspended,English,0,0,bronze
CUST-00188,Garima,Sandhu,garima.sandhu@mailbox.example,+91 60009 19957,female,1996-05-20,Delhi,Delhi,110854,"House No. 229, Heritage Villas, Garden Lane, Layout 3rd Stage",2021-05-21,premium,active,English,8,78838,bronze
CUST-00189,Vihaan,Dhillon,vihaan.dhillon@netmail.example,+91 70000 59741,other,1987-11-30,Dehradun,Uttarakhand,248102,"Unit 80-D, Sai Krupa, Market Cross Road, Model Town",2021-05-21,new,active,English,1,242,bronze
CUST-00190,Dhaval,Ali,dhaval.ali19@webmail.example,+91 70007 13842,male,2000-08-09,Vadodara,Gujarat,390024,"House No. 3, Celestial Apartments, Market Cross Road, West End",2021-05-24,high_value,active,Gujarati,12,251577,silver
CUST-00191,Vishnu,Nambiar,vishnu.nambiar@netmail.example,+91 60003 72665,male,1992-09-14,Bengaluru,Karnataka,560716,"Flat 1091, Blue Lagoon Residency, Canal Road, Sector 14",2021-05-24,premium,active,English,8,60865,bronze
CUST-00192,Ayaan,Arora,ayaan.arora89@inbox.example,+91 90008 47960,male,1996-04-27,Kochi,Kerala,682239,"House No. 284, Palm Grove, Industrial Area Road, Housing Board",2021-06-01,new,active,English,1,6961,bronze
CUST-00193,Sakshi,Hegde,sakshi.hegde@mailbox.example,+91 70001 68440,female,1998-09-16,Mysuru,Karnataka,570762,"Flat 867, Silver Oak Homes, College Road, West End",2021-06-06,high_value,active,English,5,289476,bronze
CUST-00194,Shivam,Jain,shivam.jain636@netmail.example,+91 60005 93091,male,1996-08-02,Delhi,Delhi,110617,"Flat 970, Lotus Heights, Park Avenue, Camp Area",2021-06-06,premium,active,Hinglish,5,117158,silver
CUST-00195,Prathamesh,Sawant,prathamesh.sawant@mailbox.example,+91 80006 05886,male,1992-11-26,Pune,Maharashtra,411270,"House No. 47, Ashiyana Complex, Lake View Road, Opp. Public Library",2021-06-11,inactive,active,English,0,0,bronze
CUST-00196,Shweta,Nandi,shweta.nandi@webmail.example,+91 60006 21869,female,1993-07-24,Howrah,West Bengal,711645,"Unit 62-C, Gokul Dham, Link Road, Sector 14",2021-06-13,regular,suspended,Bengali,2,11242,bronze
CUST-00197,Prakash,Mukherjee,prakash.mukherjee344@inbox.example,+91 60009 02961,male,1995-09-25,Chennai,Tamil Nadu,600844,"Flat 505, Palm Grove, Station Road, West End",2021-06-14,regular,active,English,4,28413,bronze
CUST-00198,Harleen,Shukla,harleen.shukla@webmail.example,+91 90003 38744,female,2002-08-19,Patna,Bihar,800216,"Flat 482, Heritage Villas, Station Road, West End",2021-06-16,new,active,English,1,3474,bronze
CUST-00199,Shivam,Sandhu,shivam.sandhu@inbox.example,+91 80004 78271,male,1985-04-24,Dehradun,Uttarakhand,248395,"House No. 124, Pearl Towers, Ring Road, Near City Mall",2021-06-21,regular,active,English,2,35485,bronze
CUST-00200,Vikram,Kapoor,vikram.kapoor@inbox.example,+91 90004 37947,male,1988-07-29,Chennai,Tamil Nadu,600682,"25/11, Pearl Towers, Ring Road, Industrial Estate",2021-06-21,high_value,active,Tamil,2,177074,bronze
CUST-00201,Prathamesh,Jadhav,prathamesh.jadhav62@netmail.example,+91 60001 93742,other,1993-02-24,Panaji,Goa,403328,"Flat 520, Jasmine Heights, Industrial Area Road, Extension",2021-06-23,high_value,active,English,36,787595,platinum
CUST-00202,Kiara,Gill,kiara.gill@inbox.example,+91 90008 84513,female,1987-08-22,Delhi,Delhi,110593,"House No. 89, Mangal Darshan, Gandhi Marg, Extension",2021-06-24,regular,active,Hindi,2,7785,bronze
CUST-00203,Meera,Nambiar,meera.nambiar@netmail.example,+91 90009 80325,female,1965-03-27,Kochi,Kerala,682330,"Unit 28-D, Sai Krupa, Old Town Road, Industrial Estate",2021-06-25,regular,active,English,4,21332,bronze
CUST-00204,Tanmay,Desai,tanmay.desai1369@webmail.example,+91 70009 27925,male,1990-03-22,Chennai,Tamil Nadu,600273,"54/26, Celestial Apartments, 5th Cross, Opp. Public Library",2021-06-27,new,active,Tamil,1,833,bronze
CUST-00205,Arjun,Sarkar,arjun.sarkar49@webmail.example,+91 60008 56770,male,1997-07-30,Siliguri,West Bengal,734590,"10/3, Ashiyana Complex, College Road, Camp Area",2021-06-29,regular,active,Bengali,4,35322,bronze
CUST-00206,Divya,Rao,divya2248.rao@mailbox.example,+91 70007 57721,female,1995-08-25,Nagpur,Maharashtra,440377,"Flat 796, Pearl Towers, Old Town Road, Opp. Public Library",2021-06-30,inactive,active,Marathi,2,10295,bronze
CUST-00207,Ishaan,Kapoor,ishaan.kapoor167@inbox.example,+91 80007 45956,male,1984-01-18,Mumbai,Maharashtra,400048,"Flat 1171, Silver Oak Homes, Bypass Road, Extension",2021-07-06,regular,active,English,3,47608,bronze
CUST-00208,Priya,Bansal,priya.bansal@webmail.example,+91 80007 21924,female,1998-12-15,Bengaluru,Karnataka,560499,"Flat 1045, Shanti Niwas, Canal Road, Industrial Estate",2021-07-07,high_value,active,English,11,163160,silver
CUST-00209,Garima,Dhillon,garima.dhillon@inbox.example,+91 70008 23883,female,1973-10-14,Patna,Bihar,800633,"41/20, Tulsi Garden, College Road, Housing Board",2021-07-11,new,active,Hinglish,1,9793,bronze
CUST-00210,Pavithra,Kurup,pavithra.kurup@webmail.example,+91 60000 43726,female,1973-12-01,Thiruvananthapuram,Kerala,695651,"Flat 1150, Rose Meadows, Industrial Area Road, Camp Area",2021-07-16,regular,active,English,3,25977,bronze
CUST-00211,Tanmay,Pillai,tanmay.pillai29@inbox.example,+91 90000 57909,male,1980-03-13,Bhopal,Madhya Pradesh,462451,"Flat 1133, Jasmine Heights, College Road, Housing Board",2021-07-16,new,active,Hinglish,1,0,bronze
CUST-00212,Harleen,Joshi,harleen.joshi961@inbox.example,+91 90003 27052,female,1992-04-08,Kanpur,Uttar Pradesh,208506,"House No. 377, Mangal Darshan, Lake View Road, Layout 3rd Stage",2021-07-20,regular,active,English,3,27937,bronze
CUST-00213,Dhaval,Dave,dhaval.dave@webmail.example,+91 90002 77489,male,1980-01-17,Vadodara,Gujarat,390433,"Unit 70-A, Skyline Arcade, Bypass Road, Opp. Public Library",2021-07-23,regular,active,Hinglish,2,11026,bronze
CUST-00214,Sai,Menon,sai.menon@netmail.example,+91 70006 63321,male,1983-02-27,Hyderabad,Telangana,500360,"Unit 36-D, Tulsi Garden, Link Road, Extension",2021-07-25,premium,active,Telugu,4,120965,bronze
CUST-00215,Dhruv,Bose,dhruv.bose735@mailbox.example,+91 90005 92176,male,1996-11-27,Bhopal,Madhya Pradesh,462160,"House No. 295, Sunrise Residency, Garden Lane, Industrial Estate",2021-07-29,inactive,active,Hindi,1,431,bronze
CUST-00216,Anjali,Gill,anjali.gill58@mailbox.example,+91 80004 50693,female,1992-06-15,Delhi,Delhi,110371,"Unit 46-B, Sai Krupa, Station Road, Opp. Public Library",2021-07-30,regular,active,Hinglish,5,20608,bronze
CUST-00217,Rahul,Patil,rahul.patil@inbox.example,+91 90003 18543,male,1992-02-27,Surat,Gujarat,395080,"47/13, Emerald Park, Park Avenue, Block C",2021-07-30,regular,active,Gujarati,2,28008,bronze
CUST-00218,Tanushree,Ali,tanushree.ali1789@netmail.example,+91 60003 07447,female,2001-09-14,Howrah,West Bengal,711053,"House No. 45, Ashiyana Complex, 5th Cross, Near City Mall",2021-08-01,premium,active,English,2,61706,bronze
CUST-00219,Deepa,Malhotra,deepa.malhotra139@mailbox.example,+91 80008 57440,female,1990-06-08,Coimbatore,Tamil Nadu,641429,"Flat 197, Heritage Villas, College Road, Phase 2",2021-08-02,regular,active,Tamil,9,31122,silver
CUST-00220,Rahul,Bajwa,rahul.bajwa@netmail.example,+91 90001 94218,male,1987-05-23,Ludhiana,Punjab,141139,"29/24, Pearl Towers, Industrial Area Road, Sector 14",2021-08-02,high_value,active,Hinglish,2,150652,bronze
CUST-00221,Dinesh,Krishnan,dinesh.krishnan65@netmail.example,+91 70005 77059,male,1966-08-23,Chennai,Tamil Nadu,600283,"Flat 575, Tulsi Garden, College Road, Phase 2",2021-08-03,inactive,active,Tamil,1,242,bronze
CUST-00222,Sanchita,Menon,sanchita.menon93@mailbox.example,+91 90002 43609,female,1987-11-26,Guwahati,Assam,781440,"Flat 517, Pearl Towers, Gandhi Marg, Phase 2",2021-08-04,regular,active,English,3,27637,bronze
CUST-00223,Varun,Bhatia,varun.bhatia@mailbox.example,+91 90008 22266,male,1993-09-04,Faridabad,Haryana,121787,"Flat 471, Blue Lagoon Residency, 12th Main, Phase 2",2021-08-05,premium,active,English,5,71725,bronze
CUST-00224,Aarti,Ahmed,aarti.ahmed@netmail.example,+91 70009 93896,female,1995-01-28,Chandigarh,Chandigarh,160203,"32/4, Rose Meadows, MG Road, Phase 2",2021-08-06,new,suspended,English,1,224,bronze
CUST-00225,Jaspreet,Sandhu,jaspreet.sandhu@inbox.example,+91 60006 92361,male,2001-12-29,Indore,Madhya Pradesh,452847,"Unit 33-C, Heritage Villas, MG Road, Housing Board",2021-08-08,regular,active,English,7,36018,bronze
CUST-00226,Priya,Bhatia,priya.bhatia605@mailbox.example,+91 80008 89276,female,1996-05-24,Coimbatore,Tamil Nadu,641666,"Unit 80-C, Maple Court, Temple Street, Phase 2",2021-08-09,regular,active,English,3,32214,bronze
CUST-00227,Hardik,Gandhi,hardik.gandhi85@inbox.example,+91 60007 78318,male,1973-01-27,Surat,Gujarat,395796,"House No. 238, Rose Meadows, College Road, Industrial Estate",2021-08-11,new,suspended,Gujarati,1,4129,bronze
CUST-00228,Manish,Kapoor,manish.kapoor20@inbox.example,+91 90008 17983,male,1992-10-18,Visakhapatnam,Andhra Pradesh,530112,"36/24, Blue Lagoon Residency, 5th Cross, Extension",2021-08-14,high_value,active,English,16,275115,bronze
CUST-00229,Neha,Arora,neha.arora@inbox.example,+91 90009 42143,female,1997-12-03,Delhi,Delhi,110508,"House No. 118, Celestial Apartments, Civil Lines Road, New Colony",2021-08-16,premium,suspended,English,2,74448,bronze
CUST-00230,Shruti,Zaveri,shruti.zaveri10@netmail.example,+91 90000 58958,female,1996-10-03,Surat,Gujarat,395175,"House No. 45, Tulsi Garden, Link Road, Sector 14",2021-08-21,inactive,active,Hinglish,3,28790,bronze
CUST-00231,Sakshi,Malhotra,sakshi.malhotra1581@inbox.example,+91 60000 77841,female,1990-01-04,Chennai,Tamil Nadu,600678,"Unit 3-D, Lotus Heights, Temple Street, New Colony",2021-08-22,high_value,active,English,13,314760,silver
CUST-00232,Krupa,Menon,krupa.menon76@webmail.example,+91 90004 69772,female,1989-04-11,Vadodara,Gujarat,390078,"29/20, Shanti Niwas, Garden Lane, Model Town",2021-08-25,regular,active,Gujarati,8,35932,silver
CUST-00233,Anuj,Gill,anuj.gill@inbox.example,+91 60000 53714,male,1982-05-15,Noida,Uttar Pradesh,201680,"House No. 348, Celestial Apartments, Market Cross Road, Phase 2",2021-08-27,high_value,active,Hinglish,15,151912,silver
CUST-00234,Tanvi,Gill,tanvi.gill149@netmail.example,+91 80009 49361,female,1982-07-11,Kanpur,Uttar Pradesh,208604,"House No. 114, Gokul Dham, Station Road, Model Town",2021-08-27,new,active,Hindi,1,2005,bronze
CUST-00235,Arnab,Bhattacharya,arnab.bhattacharya@netmail.example,+91 60007 01671,male,1987-07-21,Kolkata,West Bengal,700904,"Flat 809, Silver Oak Homes, 5th Cross, Model Town",2021-08-28,high_value,active,English,14,316755,gold
CUST-00236,Siddharth,Negi,siddharth.negi6@webmail.example,+91 60000 62661,male,1997-09-15,Udaipur,Rajasthan,313870,"House No. 157, Pearl Towers, Station Road, New Colony",2021-09-12,high_value,active,Hindi,17,297585,gold
CUST-00237,Kabir,Rawat,kabir.rawat373@inbox.example,+91 80009 38365,male,1982-06-06,Kanpur,Uttar Pradesh,208038,"Unit 85-B, Silver Oak Homes, Ring Road, Behind Bus Stand",2021-09-14,high_value,active,Hinglish,33,514797,platinum
CUST-00238,Rohan,Sandhu,rohan.sandhu@netmail.example,+91 60001 41690,male,1986-06-21,Indore,Madhya Pradesh,452364,"House No. 424, Shanti Niwas, Ring Road, Opp. Public Library",2021-09-14,new,active,Hinglish,1,7551,bronze
CUST-00239,Deepak,Kapoor,deepak.kapoor@webmail.example,+91 60001 00324,male,1984-08-03,Bengaluru,Karnataka,560267,"Flat 416, Silver Oak Homes, Ring Road, Phase 2",2021-09-15,inactive,active,English,2,96875,bronze
CUST-00240,Sakshi,Bajwa,sakshi.bajwa569@mailbox.example,+91 90000 97251,female,1990-10-31,Indore,Madhya Pradesh,452524,"50/13, Tulsi Garden, College Road, New Colony",2021-09-16,premium,active,Hindi,13,113733,silver
CUST-00241,Arjun,Rawat,arjun.rawat@inbox.example,+91 70008 91254,male,1993-10-10,Delhi,Delhi,110729,"House No. 444, Sunrise Residency, Station Road, Extension",2021-09-17,inactive,active,Hindi,0,0,bronze
CUST-00242,Suresh,Shukla,suresh.shukla@mailbox.example,+91 60008 21658,male,1992-06-29,Gurugram,Haryana,122487,"10/20, Neelkanth CHS, Old Town Road, Sector 14",2021-09-18,premium,active,Hinglish,3,91972,bronze
CUST-00243,Kunjan,Gandhi,kunjan.gandhi@mailbox.example,+91 90000 99301,male,1991-03-28,Ahmedabad,Gujarat,380024,"House No. 105, Emerald Park, Market Cross Road, Extension",2021-09-20,high_value,active,English,13,176438,silver
CUST-00244,Karan,Gill,karan.gill521@mailbox.example,+91 70009 67470,male,1974-05-07,Lucknow,Uttar Pradesh,226193,"59/27, Maple Court, Temple Street, Model Town",2021-09-22,regular,active,Hinglish,3,39524,silver
CUST-00245,Omkar,Menon,omkar.menon61@mailbox.example,+91 70002 60675,male,1989-01-23,Nashik,Maharashtra,422529,"House No. 133, Anand Vihar Society, Nagar Road, Near City Mall",2021-09-23,inactive,active,English,1,3775,bronze
CUST-00246,Shivam,Rawat,shivam.rawat@netmail.example,+91 70006 51311,male,1989-11-23,Gurugram,Haryana,122206,"Unit 59-B, Silver Oak Homes, Link Road, Behind Bus Stand",2021-09-23,regular,active,English,3,24908,bronze
CUST-00247,Akshay,Rao,akshay.rao601@webmail.example,+91 60001 84905,male,2003-08-16,Nashik,Maharashtra,422317,"Flat 211, Emerald Park, Old Town Road, Housing Board",2021-09-25,regular,active,English,3,3029,bronze
CUST-00248,Reyansh,Vyas,reyansh.vyas@webmail.example,+91 90009 12043,male,1999-05-20,Ahmedabad,Gujarat,380439,"Flat 850, Gokul Dham, Link Road, Camp Area",2021-09-26,premium,active,Gujarati,9,116839,silver
CUST-00249,Rashmi,Dhillon,rashmi.dhillon@webmail.example,+91 80007 24179,female,2001-01-15,Indore,Madhya Pradesh,452823,"2/22, Tulsi Garden, Old Town Road, Industrial Estate",2021-09-27,inactive,active,English,0,0,bronze
CUST-00250,Anika,Naidu,anika.naidu17@mailbox.example,+91 90002 53554,female,1987-07-04,Delhi,Delhi,110709,"Flat 422, Emerald Park, College Road, Camp Area",2021-10-04,inactive,inactive,English,0,0,bronze
CUST-00251,Foram,Vyas,foram.vyas777@inbox.example,+91 70003 26342,female,1995-05-20,Rajkot,Gujarat,360823,"House No. 447, Tulsi Garden, 12th Main, Model Town",2021-10-06,high_value,active,Gujarati,22,366442,gold
CUST-00252,Riddhi,Rana,riddhi.rana841@mailbox.example,+91 80001 49097,female,1996-11-15,Vadodara,Gujarat,390379,"Flat 1002, Orchid Towers, Market Cross Road, Industrial Estate",2021-10-06,high_value,active,Gujarati,12,301899,gold
CUST-00253,Nisha,Gowda,nisha.gowda@webmail.example,+91 70000 02031,female,1995-07-28,Kochi,Kerala,682611,"18/3, Celestial Apartments, Canal Road, Model Town",2021-10-09,premium,active,Hindi,6,94266,silver
CUST-00254,Karan,Tomar,karan.tomar1776@webmail.example,+91 80003 30808,male,1988-02-26,Lucknow,Uttar Pradesh,226817,"Flat 407, Ashiyana Complex, Canal Road, Behind Bus Stand",2021-10-11,premium,active,English,14,67106,silver
CUST-00255,Swati,Verma,swati.verma929@webmail.example,+91 80000 20447,female,1989-03-17,Madurai,Tamil Nadu,625422,"Flat 774, Palm Grove, Old Town Road, Phase 2",2021-10-11,regular,active,English,6,50368,silver
CUST-00256,Sreejith,Agarwal,sreejith.agarwal@inbox.example,+91 90005 43016,male,1976-12-07,Bengaluru,Karnataka,560784,"House No. 431, Anand Vihar Society, Garden Lane, Housing Board",2021-10-13,high_value,active,English,2,193336,bronze
CUST-00257,Ananya,Shah,ananya.shah@inbox.example,+91 70002 25211,female,1993-01-13,Nashik,Maharashtra,422593,"6/26, Orchid Towers, 5th Cross, Industrial Estate",2021-10-15,premium,active,English,2,69743,bronze
CUST-00258,Sneha,Murthy,sneha.murthy@webmail.example,+91 70001 17328,female,1992-08-28,Hyderabad,Telangana,500769,"House No. 435, Tulsi Garden, Park Avenue, Industrial Estate",2021-10-16,inactive,active,Telugu,0,0,bronze
CUST-00259,Mrunal,Mehta,mrunal.mehta@inbox.example,+91 70008 79246,female,1991-10-15,Pune,Maharashtra,411614,"House No. 331, Skyline Arcade, Gandhi Marg, Block C",2021-10-22,high_value,active,English,17,228530,gold
CUST-00260,Anjali,Srivastava,anjali.srivastava1179@mailbox.example,+91 70006 29977,female,1995-06-13,Chandigarh,Chandigarh,160253,"House No. 153, Ashiyana Complex, Old Town Road, New Colony",2021-10-26,premium,active,Hindi,8,81987,bronze
CUST-00261,Diya,Sandhu,diya.sandhu1598@webmail.example,+91 60003 07479,female,1994-04-08,Delhi,Delhi,110936,"Flat 301, Tulsi Garden, Nehru Nagar Main Road, New Colony",2021-10-28,regular,active,Hindi,3,5174,bronze
CUST-00262,Senthil,Mukherjee,senthil.mukherjee902@inbox.example,+91 70002 44246,male,1999-11-07,Chennai,Tamil Nadu,600560,"Unit 31-A, Blue Lagoon Residency, 12th Main, Near City Mall",2021-10-29,high_value,active,English,23,464927,platinum
CUST-00263,Dhruv,Srivastava,dhruv.srivastava@netmail.example,+91 60007 98786,male,1987-08-27,Jaipur,Rajasthan,302802,"Unit 79-C, Celestial Apartments, Old Town Road, Model Town",2021-11-01,regular,active,English,3,4010,bronze
CUST-00264,Nilesh,Fernandes,nilesh.fernandes77@netmail.example,+91 70004 30228,male,1980-06-24,Mumbai,Maharashtra,400669,"House No. 272, Neelkanth CHS, Market Cross Road, Camp Area",2021-11-01,premium,active,English,11,75516,silver
CUST-00265,Omkar,Gaikwad,omkar.gaikwad@inbox.example,+91 90003 31047,male,1995-01-11,Nagpur,Maharashtra,440296,"Flat 320, Lotus Heights, Nehru Nagar Main Road, Camp Area",2021-11-01,regular,active,Hinglish,3,37499,bronze
CUST-00266,Karthik,Arora,karthik.arora98@webmail.example,+91 60004 04585,male,1979-10-17,Madurai,Tamil Nadu,625019,"8/8, Anand Vihar Society, Lake View Road, Opp. Public Library",2021-11-03,high_value,active,Tamil,13,158177,silver
CUST-00267,Harpreet,Dhillon,harpreet.dhillon44@netmail.example,+91 60000 97623,male,2003-03-02,Chandigarh,Chandigarh,160825,"Unit 12-C, Gokul Dham, Garden Lane, West End",2021-11-04,regular,active,Hindi,3,9197,bronze
CUST-00268,Shweta,Malhotra,shweta.malhotra@mailbox.example,+91 90005 20450,female,1995-09-29,Ahmedabad,Gujarat,380096,"Unit 42-D, Neelkanth CHS, Nagar Road, Extension",2021-11-04,high_value,active,Hinglish,15,288462,gold
CUST-00269,Karan,Chakraborty,karan.chakraborty1890@webmail.example,+91 60004 43048,male,1991-03-01,Kolkata,West Bengal,700455,"House No. 392, Pearl Towers, Gandhi Marg, West End",2021-11-14,premium,active,English,13,94627,silver
CUST-00270,Rohan,Mehta,rohan.mehta3@mailbox.example,+91 70009 30401,male,1986-06-25,Noida,Uttar Pradesh,201500,"Flat 1006, Green Valley Apartments, Lake View Road, New Colony",2021-11-17,inactive,active,Hindi,1,0,bronze
CUST-00271,Tanvi,Mishra,tanvi.mishra556@netmail.example,+91 70001 10671,female,1984-05-26,Bhubaneswar,Odisha,751419,"House No. 70, Emerald Park, Nagar Road, Extension",2021-11-19,regular,active,English,2,11089,bronze
CUST-00272,Vaishnavi,Bhatia,vaishnavi.bhatia1623@webmail.example,+91 90003 07603,female,1991-11-14,Mumbai,Maharashtra,400762,"50/5, Orchid Towers, Bypass Road, Model Town",2021-11-21,premium,active,English,8,60717,silver
CUST-00273,Pooja,Kurup,pooja.kurup@netmail.example,+91 90000 44825,female,1985-09-04,Bengaluru,Karnataka,560040,"7/16, Maple Court, Garden Lane, Model Town",2021-11-25,new,active,English,1,18170,bronze
CUST-00274,Swati,Mondal,swati.mondal44@inbox.example,+91 90000 12586,female,1994-12-23,Kolkata,West Bengal,700561,"House No. 411, Skyline Arcade, MG Road, Layout 3rd Stage",2021-11-27,high_value,active,Bengali,20,240341,silver
CUST-00275,Harleen,Tomar,harleen.tomar69@inbox.example,+91 70001 05625,female,1979-05-15,Raipur,Chhattisgarh,492877,"Flat 844, Pearl Towers, 5th Cross, New Colony",2021-11-28,high_value,active,Hindi,7,270099,silver
CUST-00276,Akshay,Shinde,akshay.shinde@inbox.example,+91 60006 09845,male,1983-07-18,Mumbai,Maharashtra,400524,"Flat 240, Jasmine Heights, Bypass Road, Near City Mall",2021-11-29,regular,active,Hinglish,5,46335,bronze
CUST-00277,Meera,Rathore,meera.rathore@mailbox.example,+91 60000 91446,female,1994-02-08,Udaipur,Rajasthan,313304,"House No. 110, Shanti Niwas, Bypass Road, Model Town",2021-11-29,premium,active,Hinglish,10,81952,gold
CUST-00278,Rajesh,Sethi,rajesh.sethi@netmail.example,+91 70006 79778,male,1985-01-18,Howrah,West Bengal,711123,"Unit 39-D, Blue Lagoon Residency, Station Road, Layout 3rd Stage",2021-12-02,high_value,active,Bengali,9,235149,silver
CUST-00279,Riya,Rawat,riya.rawat857@inbox.example,+91 70006 86642,female,1986-12-12,Delhi,Delhi,110957,"Unit 3-D, Neelkanth CHS, 5th Cross, Opp. Public Library",2021-12-08,inactive,active,Hindi,3,6094,bronze
CUST-00280,Rahul,Chakraborty,rahul.chakraborty74@mailbox.example,+91 60000 11386,male,1986-02-23,Howrah,West Bengal,711119,"17/27, Anand Vihar Society, Canal Road, Industrial Estate",2021-12-11,premium,active,English,3,126374,bronze
CUST-00281,Diya,Agarwal,diya.agarwal12@inbox.example,+91 80009 66583,female,1977-11-09,Mumbai,Maharashtra,400186,"Unit 90-C, Sunrise Residency, Market Cross Road, Extension",2021-12-17,inactive,inactive,English,0,0,silver
CUST-00282,Shruti,Thakur,shruti.thakur178@webmail.example,+91 90007 38034,female,1995-07-27,Hyderabad,Telangana,500217,"Unit 32-D, Neelkanth CHS, Lake View Road, Housing Board",2021-12-24,inactive,active,Telugu,1,28319,bronze
CUST-00283,Gauri,Thakur,gauri.thakur1135@inbox.example,+91 60005 41740,female,1996-10-16,Mumbai,Maharashtra,400479,"Flat 1036, Shanti Niwas, Lake View Road, New Colony",2021-12-29,regular,active,English,5,23770,bronze
CUST-00284,Rashmi,Verma,rashmi.verma88@inbox.example,+91 90001 23242,female,1980-05-30,Dehradun,Uttarakhand,248212,"48/20, Shanti Niwas, Old Town Road, Model Town",2021-12-31,new,active,English,1,9553,bronze
CUST-00285,Sreejith,Patil,sreejith.patil93@webmail.example,+91 90007 85632,male,1991-02-07,Bengaluru,Karnataka,560308,"29/3, Jasmine Heights, Nagar Road, Behind Bus Stand",2022-01-04,premium,active,English,7,128580,bronze
CUST-00286,Lakshay,Dhillon,lakshay.dhillon@mailbox.example,+91 70000 36370,male,1993-02-13,Jaipur,Rajasthan,302855,"Flat 593, Lotus Heights, Market Cross Road, Phase 2",2022-01-05,inactive,active,English,0,0,bronze
CUST-00287,Kunjan,Vyas,kunjan.vyas@inbox.example,+91 60005 93148,male,1986-03-26,Rajkot,Gujarat,360175,"House No. 137, Orchid Towers, Temple Street, West End",2022-01-08,new,active,Hinglish,1,51681,bronze
CUST-00288,Myra,Mehta,myra.mehta93@webmail.example,+91 90005 22960,female,1991-04-05,Guwahati,Assam,781844,"58/22, Pearl Towers, Garden Lane, Industrial Estate",2022-01-09,regular,active,English,3,29375,bronze
CUST-00289,Nidhi,Dubey,nidhi.dubey@mailbox.example,+91 80004 31701,female,1979-12-16,Varanasi,Uttar Pradesh,221767,"Flat 869, Pearl Towers, Garden Lane, New Colony",2022-01-10,high_value,active,Hindi,17,303274,gold
CUST-00290,Preeti,Saxena,preeti.saxena@mailbox.example,+91 70001 14627,female,1982-05-04,Ludhiana,Punjab,141426,"House No. 264, Maple Court, Industrial Area Road, Near City Mall",2022-01-10,regular,active,Hinglish,4,28092,bronze
CUST-00291,Sakshi,Fernandes,sakshi.fernandes557@inbox.example,+91 80002 12931,female,2001-12-19,Coimbatore,Tamil Nadu,641243,"Flat 835, Neelkanth CHS, Civil Lines Road, New Colony",2022-01-10,regular,active,English,3,3530,bronze
CUST-00292,Shivam,Shukla,shivam.shukla36@mailbox.example,+91 80006 85074,male,1994-08-14,Delhi,Delhi,110086,"Flat 1127, Orchid Towers, Ring Road, Behind Bus Stand",2022-01-11,regular,active,English,5,59822,bronze
CUST-00293,Neha,Yadav,neha.yadav1356@webmail.example,+91 70004 69993,female,1999-05-22,Jaipur,Rajasthan,302623,"House No. 189, Anand Vihar Society, Gandhi Marg, Sector 14",2022-01-27,regular,active,Hindi,5,16319,bronze
CUST-00294,Soumya,Singh,soumya.singh793@webmail.example,+91 60008 69261,other,1983-12-02,Kolkata,West Bengal,700250,"Unit 86-B, Sunrise Residency, MG Road, Layout 3rd Stage",2022-01-27,premium,active,Bengali,2,83482,bronze
CUST-00295,Sirisha,Verma,sirisha.verma@netmail.example,+91 60006 23962,female,1988-07-22,Hyderabad,Telangana,500519,"House No. 173, Skyline Arcade, Garden Lane, Extension",2022-01-28,regular,active,English,2,555,bronze
CUST-00296,Dinesh,Joshi,dinesh.joshi92@inbox.example,+91 60000 59422,male,1996-05-17,Chennai,Tamil Nadu,600481,"44/19, Anand Vihar Society, Industrial Area Road, Camp Area",2022-01-29,premium,active,Tamil,5,77692,bronze
CUST-00297,Zoya,Vyas,zoya.vyas1418@mailbox.example,+91 80002 42990,female,1980-05-12,Ahmedabad,Gujarat,380324,"Unit 64-A, Tulsi Garden, Canal Road, Opp. Public Library",2022-01-29,premium,active,English,9,128983,silver
CUST-00298,Varun,Varghese,varun.varghese@inbox.example,+91 70006 54261,male,1991-04-30,Bengaluru,Karnataka,560589,"House No. 338, Sai Krupa, Ring Road, Near City Mall",2022-02-03,inactive,active,English,1,252,bronze
CUST-00299,Jaspreet,Desai,jaspreet.desai889@mailbox.example,+91 70001 79366,male,1990-03-31,Patna,Bihar,800966,"23/24, Palm Grove, Old Town Road, Model Town",2022-02-04,premium,active,Hindi,4,108673,bronze
CUST-00300,Harleen,Srivastava,harleen.srivastava@netmail.example,+91 60009 27220,female,1999-01-23,Gurugram,Haryana,122509,"Unit 47-D, Gokul Dham, Lake View Road, Behind Bus Stand",2022-02-08,premium,active,Hindi,16,124245,gold
CUST-00301,Kabir,Tomar,kabir.tomar80@netmail.example,+91 90003 61050,male,1989-01-26,Patna,Bihar,800982,"39/10, Ashiyana Complex, 12th Main, Camp Area",2022-02-08,premium,active,English,6,71073,bronze
CUST-00302,Nirav,Parekh,nirav.parekh2@netmail.example,+91 80000 36929,male,2003-03-07,Vadodara,Gujarat,390469,"House No. 40, Orchid Towers, Garden Lane, Industrial Estate",2022-02-13,new,active,Hinglish,1,10029,bronze
CUST-00303,Suresh,Shukla,suresh.shukla@netmail.example,+91 60003 51243,male,1978-09-09,Jaipur,Rajasthan,302498,"Flat 639, Green Valley Apartments, Link Road, Opp. Public Library",2022-02-14,new,active,Hinglish,1,23523,bronze
CUST-00304,Akshay,Kale,akshay.kale276@mailbox.example,+91 70003 59081,male,2002-10-23,Mumbai,Maharashtra,400136,"House No. 6, Green Valley Apartments, Nagar Road, Block C",2022-02-19,premium,active,English,10,58311,silver
CUST-00305,Dhruv,Warrier,dhruv.warrier@mailbox.example,+91 70004 23728,male,1992-08-28,Hubballi,Karnataka,580944,"Flat 894, Emerald Park, 5th Cross, New Colony",2022-02-20,regular,active,English,3,39224,silver
CUST-00306,Divya,Krishnan,divya.krishnan@inbox.example,+91 80001 40629,female,1987-07-05,Chennai,Tamil Nadu,600736,"Unit 71-B, Mangal Darshan, Nehru Nagar Main Road, Industrial Estate",2022-02-20,regular,active,Tamil,3,46610,bronze
CUST-00307,Anoop,Poojary,anoop.poojary@webmail.example,+91 80000 43365,male,1987-02-08,Mysuru,Karnataka,570667,"House No. 222, Ashiyana Complex, Nagar Road, Layout 3rd Stage",2022-02-21,high_value,active,Hindi,9,580330,silver
CUST-00308,Abhijit,Naidu,abhijit.naidu892@mailbox.example,+91 60001 51903,male,1995-02-28,Kolkata,West Bengal,700788,"Flat 574, Sunrise Residency, Gandhi Marg, Sector 14",2022-02-26,high_value,active,English,10,188474,bronze
CUST-00309,Diya,Shinde,diya.shinde@mailbox.example,+91 60007 96096,female,1990-08-09,Mumbai,Maharashtra,400238,"49/14, Rose Meadows, Nagar Road, Model Town",2022-02-26,inactive,active,English,2,25826,bronze
CUST-00310,Kavya,Bhatia,kavya.bhatia@mailbox.example,+91 80001 36776,female,1983-04-01,Indore,Madhya Pradesh,452799,"Unit 46-C, Heritage Villas, Civil Lines Road, Behind Bus Stand",2022-02-28,premium,active,English,3,76334,bronze
CUST-00311,Lavanya,Varma,lavanya.varma1631@netmail.example,+91 90006 25365,female,1985-09-17,Hyderabad,Telangana,500672,"41/5, Orchid Towers, Ring Road, West End",2022-03-05,high_value,active,English,8,245067,bronze
CUST-00312,Siddharth,Rana,siddharth.rana@mailbox.example,+91 60006 44109,other,1979-05-12,Surat,Gujarat,395378,"18/23, Tulsi Garden, Nagar Road, Block C",2022-03-05,inactive,inactive,English,0,0,bronze
CUST-00313,Rajesh,Shukla,rajesh.shukla@inbox.example,+91 80009 20732,male,1989-06-22,Lucknow,Uttar Pradesh,226465,"House No. 56, Jasmine Heights, Gandhi Marg, Phase 2",2022-03-07,regular,active,Hindi,3,17279,bronze
CUST-00314,Yash,Sen,yash.sen34@webmail.example,+91 80008 60039,male,2001-09-15,Bengaluru,Karnataka,560838,"Flat 1009, Jasmine Heights, Ring Road, Near City Mall",2022-03-08,premium,active,English,19,126915,gold
CUST-00315,Sandeep,Singh,sandeep.singh@mailbox.example,+91 80003 06877,male,1983-07-02,Hyderabad,Telangana,500393,"55/23, Mangal Darshan, MG Road, Camp Area",2022-03-16,high_value,active,Telugu,42,262096,platinum
CUST-00316,Ananya,Joshi,ananya.joshi894@mailbox.example,+91 90000 04393,female,1975-03-21,Mumbai,Maharashtra,400350,"Unit 66-C, Rose Meadows, Station Road, Near City Mall",2022-03-19,inactive,active,Hinglish,1,0,bronze
CUST-00317,Jyoti,Dutta,jyoti.dutta1443@netmail.example,+91 60009 66343,female,1976-10-26,Bengaluru,Karnataka,560155,"32/21, Maple Court, Ring Road, Block C",2022-03-19,inactive,inactive,English,1,2510,silver
CUST-00318,Gaurav,Bhatia,gaurav.bhatia@netmail.example,+91 80006 78284,male,1988-03-16,Coimbatore,Tamil Nadu,641108,"Unit 62-D, Celestial Apartments, Station Road, Layout 3rd Stage",2022-03-22,regular,active,English,3,20400,silver
CUST-00319,Tanvi,Dhillon,tanvi.dhillon162@inbox.example,+91 80003 05701,female,2003-08-27,Ranchi,Jharkhand,834944,"House No. 388, Sai Krupa, Park Avenue, Model Town",2022-03-23,premium,active,Hindi,12,90964,silver
CUST-00320,Suraj,Kamath,suraj.kamath@webmail.example,+91 70008 48343,male,1993-08-21,Mysuru,Karnataka,570812,"House No. 22, Gokul Dham, Station Road, Sector 14",2022-03-29,inactive,active,Hinglish,0,0,bronze
CUST-00321,Arjun,Gill,arjun.gill@webmail.example,+91 70007 80863,male,2001-05-04,Noida,Uttar Pradesh,201847,"45/18, Orchid Towers, Canal Road, Model Town",2022-03-30,high_value,active,Hindi,9,173837,silver
CUST-00322,Harpreet,Iyer,harpreet.iyer@mailbox.example,+91 80003 69296,male,1980-06-15,Jaipur,Rajasthan,302363,"Unit 39-B, Celestial Apartments, Civil Lines Road, Near City Mall",2022-03-31,inactive,active,Hinglish,0,0,bronze
CUST-00323,Swapnil,More,swapnil.more@webmail.example,+91 80001 86451,male,1994-06-27,Mumbai,Maharashtra,400558,"House No. 208, Sai Krupa, Canal Road, Behind Bus Stand",2022-04-10,high_value,active,Hindi,2,185850,bronze
CUST-00324,Harleen,Dhillon,harleen.dhillon@webmail.example,+91 60004 51055,female,1985-10-28,Delhi,Delhi,110852,"House No. 261, Lotus Heights, Park Avenue, Industrial Estate",2022-04-11,new,active,Hindi,1,6221,bronze
CUST-00325,Ankit,Rao,ankit.rao1993@webmail.example,+91 70005 95330,male,1988-12-31,Delhi,Delhi,110834,"Unit 97-D, Mangal Darshan, Lake View Road, Block C",2022-04-13,high_value,active,English,6,230518,bronze
CUST-00326,Mounika,Mishra,mounika.mishra@webmail.example,+91 60006 25166,female,1989-11-30,Hyderabad,Telangana,500921,"House No. 361, Jasmine Heights, Market Cross Road, Near City Mall",2022-04-17,inactive,active,English,0,0,bronze
CUST-00327,Girish,Mishra,girish.mishra1231@inbox.example,+91 60001 86265,male,1979-10-15,Bengaluru,Karnataka,560115,"19/12, Jasmine Heights, MG Road, Industrial Estate",2022-04-20,high_value,active,English,13,152954,silver
CUST-00328,Spoorthi,Poojary,spoorthi.poojary35@inbox.example,+91 70003 78446,female,1988-03-13,Bengaluru,Karnataka,560699,"Flat 836, Sunrise Residency, Industrial Area Road, Sector 14",2022-04-20,high_value,active,English,23,255225,platinum
CUST-00329,Reyansh,Rawat,reyansh.rawat74@mailbox.example,+91 80006 34425,male,1991-06-11,Indore,Madhya Pradesh,452586,"Unit 6-A, Pearl Towers, MG Road, Behind Bus Stand",2022-05-01,high_value,active,Hindi,15,184422,silver
CUST-00330,Manish,Bhattacharya,manish.bhattacharya@netmail.example,+91 90009 64472,male,1975-12-05,Kolkata,West Bengal,700321,"House No. 371, Maple Court, Market Cross Road, Housing Board",2022-05-09,regular,active,Bengali,4,47573,bronze
CUST-00331,Shivam,Verma,shivam.verma1141@inbox.example,+91 60000 50478,male,1987-08-08,Jaipur,Rajasthan,302879,"Flat 952, Heritage Villas, Temple Street, West End",2022-05-09,regular,active,Hinglish,2,9556,bronze
CUST-00332,Saanvi,Shinde,saanvi.shinde80@netmail.example,+91 60007 11993,female,1994-12-18,Mumbai,Maharashtra,400425,"Unit 39-A, Anand Vihar Society, Station Road, Housing Board",2022-05-14,premium,active,Marathi,2,83725,bronze
CUST-00333,Vidya,Natarajan,vidya.natarajan1444@netmail.example,+91 60009 23086,female,1974-04-01,Coimbatore,Tamil Nadu,641946,"47/2, Shanti Niwas, Nehru Nagar Main Road, Behind Bus Stand",2022-05-15,inactive,active,English,0,0,bronze
CUST-00334,Nirav,Dave,nirav.dave511@mailbox.example,+91 90006 83782,male,2000-02-10,Ahmedabad,Gujarat,380715,"Flat 110, Maple Court, Nehru Nagar Main Road, Industrial Estate",2022-05-17,regular,active,Gujarati,3,3025,bronze
CUST-00335,Shweta,Subramanian,shweta.subramanian71@mailbox.example,+91 90003 84915,female,1997-06-23,Chennai,Tamil Nadu,600473,"Flat 649, Silver Oak Homes, Link Road, Model Town",2022-05-18,regular,active,Tamil,3,1536,bronze
CUST-00336,Tanushree,Dey,tanushree.dey@webmail.example,+91 60009 82477,female,1972-11-16,Kolkata,West Bengal,700572,"Flat 542, Sunrise Residency, Temple Street, Industrial Estate",2022-05-19,regular,active,Hindi,2,9085,bronze
CUST-00337,Varun,Joshi,varun.joshi@webmail.example,+91 60007 34556,male,1998-02-03,Pune,Maharashtra,411116,"Unit 32-D, Shanti Niwas, Lake View Road, Industrial Estate",2022-05-25,premium,active,Marathi,20,141804,gold
CUST-00338,Nidhi,Dhillon,nidhi.dhillon20@webmail.example,+91 80009 03718,female,2004-05-15,Noida,Uttar Pradesh,201477,"Unit 62-D, Emerald Park, Temple Street, Industrial Estate",2022-05-27,regular,active,English,9,48207,silver
CUST-00339,Mounika,Goud,mounika.goud@webmail.example,+91 70005 81303,female,1992-01-10,Visakhapatnam,Andhra Pradesh,530918,"Flat 794, Orchid Towers, 5th Cross, Extension",2022-05-28,premium,active,English,6,65145,bronze
CUST-00340,Ravi,Shukla,ravi.shukla@webmail.example,+91 80009 00616,male,2003-05-24,Bhopal,Madhya Pradesh,462397,"House No. 402, Orchid Towers, Nagar Road, Near City Mall",2022-05-31,premium,active,Hinglish,7,84607,bronze
CUST-00341,Vikram,Banerjee,vikram.banerjee12@mailbox.example,+91 90003 30359,male,1989-03-10,Chennai,Tamil Nadu,600529,"35/26, Anand Vihar Society, Lake View Road, Camp Area",2022-05-31,new,suspended,Tamil,1,15810,bronze
CUST-00342,Arjun,Pillai,arjun.pillai@netmail.example,+91 80008 03128,male,2001-07-08,Surat,Gujarat,395550,"45/19, Ashiyana Complex, Bypass Road, West End",2022-06-03,high_value,active,Gujarati,5,275473,bronze
CUST-00343,Zoya,Iyer,zoya.iyer425@mailbox.example,+91 60006 08533,female,2003-08-14,Hyderabad,Telangana,500394,"House No. 135, Maple Court, 5th Cross, Housing Board",2022-06-06,high_value,active,Telugu,30,281002,gold
CUST-00344,Arjun,Trivedi,arjun.trivedi@mailbox.example,+91 60006 78002,male,1989-08-19,Surat,Gujarat,395170,"Unit 92-D, Ashiyana Complex, Lake View Road, Housing Board",2022-06-08,inactive,active,English,0,0,bronze
CUST-00345,Arjun,Varma,arjun.varma83@netmail.example,+91 60001 26900,male,1989-12-01,Hyderabad,Telangana,500413,"House No. 73, Lotus Heights, Link Road, Extension",2022-06-08,premium,active,Telugu,3,68497,bronze
CUST-00346,Deepa,Chopra,deepa.chopra@netmail.example,+91 90008 33472,female,1993-06-25,Chennai,Tamil Nadu,600210,"House No. 179, Ashiyana Complex, Nehru Nagar Main Road, Sector 14",2022-06-08,inactive,active,English,5,24243,gold
CUST-00347,Preeti,Patel,preeti.patel@netmail.example,+91 70002 22894,female,1983-03-14,Noida,Uttar Pradesh,201985,"22/21, Pearl Towers, Industrial Area Road, Camp Area",2022-06-08,new,active,Hindi,1,1258,bronze
CUST-00348,Tanmay,Hegde,tanmay.hegde@netmail.example,+91 90000 16350,male,1978-07-09,Bengaluru,Karnataka,560588,"House No. 191, Lotus Heights, Park Avenue, Block C",2022-06-08,high_value,active,English,8,195519,silver
CUST-00349,Naveen,Selvam,naveen.selvam@mailbox.example,+91 70007 54079,male,1993-02-28,Chennai,Tamil Nadu,600669,"27/9, Gokul Dham, Canal Road, Industrial Estate",2022-06-10,premium,active,Tamil,2,95402,bronze
CUST-00350,Gaurav,Dey,gaurav.dey30@webmail.example,+91 70002 25670,male,1995-05-04,Guwahati,Assam,781333,"Flat 713, Pearl Towers, College Road, Model Town",2022-06-13,inactive,active,English,0,0,bronze
CUST-00351,Kaveri,Selvam,kaveri.selvam@netmail.example,+91 90009 31189,female,1991-08-28,Madurai,Tamil Nadu,625097,"House No. 285, Shanti Niwas, Bypass Road, Housing Board",2022-06-18,regular,active,Tamil,3,49670,bronze
CUST-00352,Ishaan,Shetty,ishaan.shetty@netmail.example,+91 70000 23886,male,1991-01-14,Hubballi,Karnataka,580066,"House No. 410, Shanti Niwas, Canal Road, New Colony",2022-06-19,new,active,English,1,13214,bronze
CUST-00353,Prasanna,Kapoor,prasanna.kapoor1180@mailbox.example,+91 90001 36199,male,1989-11-04,Hubballi,Karnataka,580866,"Flat 912, Rose Meadows, Nehru Nagar Main Road, New Colony",2022-06-19,new,active,Hindi,1,0,bronze
CUST-00354,Bhumi,Sen,bhumi.sen@netmail.example,+91 60004 50433,female,1994-12-25,Ahmedabad,Gujarat,380316,"Unit 62-D, Tulsi Garden, Lake View Road, Sector 14",2022-06-23,inactive,active,English,1,10896,bronze
CUST-00355,Reyansh,Rathore,reyansh.rathore@inbox.example,+91 60004 51935,male,1993-11-20,Kolkata,West Bengal,700963,"Flat 314, Shanti Niwas, Temple Street, Near City Mall",2022-06-25,new,active,Bengali,1,8495,bronze
CUST-00356,Tanmay,Nair,tanmay.nair@mailbox.example,+91 60001 29260,male,1994-11-11,Ahmedabad,Gujarat,380184,"Unit 73-D, Neelkanth CHS, Old Town Road, Behind Bus Stand",2022-06-25,regular,active,Hindi,3,17434,bronze
CUST-00357,Tanushree,Roy,tanushree.roy@netmail.example,+91 60007 60206,female,1994-06-01,Siliguri,West Bengal,734001,"Flat 280, Blue Lagoon Residency, Station Road, Industrial Estate",2022-06-25,inactive,active,Bengali,0,0,bronze
CUST-00358,Ritu,Negi,ritu.negi@mailbox.example,+91 60003 46989,female,1994-09-23,Jaipur,Rajasthan,302437,"48/14, Mangal Darshan, Lake View Road, Near City Mall",2022-06-28,high_value,active,Hinglish,11,263091,bronze
CUST-00359,Anjali,Sandhu,anjali.sandhu@mailbox.example,+91 60009 51862,female,1995-10-13,Indore,Madhya Pradesh,452701,"34/26, Riverview Enclave, Temple Street, Behind Bus Stand",2022-06-30,premium,active,Hinglish,12,132763,silver
CUST-00360,Pranav,Agarwal,pranav.agarwal1747@webmail.example,+91 60007 82988,male,1988-01-02,Kolkata,West Bengal,700547,"Unit 78-A, Pearl Towers, Bypass Road, Opp. Public Library",2022-06-30,regular,active,Bengali,2,1541,bronze
CUST-00361,Aarti,Kale,aarti.kale32@mailbox.example,+91 60004 18898,female,1970-07-14,Pune,Maharashtra,411494,"House No. 295, Skyline Arcade, Bypass Road, Block C",2022-07-09,premium,active,English,4,74859,bronze
CUST-00362,Swapnil,Tiwari,swapnil.tiwari@webmail.example,+91 80005 58088,male,1986-10-24,Mumbai,Maharashtra,400557,"51/21, Celestial Apartments, Station Road, Extension",2022-07-09,inactive,active,Hinglish,0,0,bronze
CUST-00363,Jaspreet,Rathore,jaspreet.rathore1856@netmail.example,+91 80004 71893,male,1999-12-31,Chandigarh,Chandigarh,160844,"Flat 387, Ashiyana Complex, Civil Lines Road, Extension",2022-07-10,premium,active,English,2,123380,bronze
CUST-00364,Lakshay,Tomar,lakshay7816.tomar@webmail.example,+91 80000 69651,male,1995-12-19,Raipur,Chhattisgarh,492856,"House No. 460, Ashiyana Complex, Station Road, Phase 2",2022-07-13,high_value,active,Hinglish,22,238041,gold
CUST-00365,Shruti,Rao,shruti.rao1109@netmail.example,+91 70000 98902,female,1989-04-14,Noida,Uttar Pradesh,201550,"House No. 175, Orchid Towers, Old Town Road, Phase 2",2022-07-15,inactive,active,Hinglish,0,0,bronze
CUST-00366,Harika,Patel,harika.patel@mailbox.example,+91 80003 34608,female,1968-12-13,Hyderabad,Telangana,500681,"House No. 350, Celestial Apartments, Link Road, Housing Board",2022-07-18,premium,active,Telugu,6,130441,bronze
CUST-00367,Dhruv,Srivastava,dhruv.srivastava1266@webmail.example,+91 70009 83321,male,1997-08-05,Delhi,Delhi,110571,"Flat 1110, Jasmine Heights, MG Road, Opp. Public Library",2022-07-20,premium,active,English,6,85430,bronze
CUST-00368,Sachin,Pillai,sachin.pillai17@inbox.example,+91 90006 28474,male,1999-02-06,Patna,Bihar,800378,"24/24, Pearl Towers, Bypass Road, Opp. Public Library",2022-07-23,inactive,active,Hindi,0,0,bronze
CUST-00369,Krishna,Bajwa,krishna.bajwa10@webmail.example,+91 60003 55521,male,1990-03-30,Ranchi,Jharkhand,834546,"34/28, Sai Krupa, Canal Road, Near City Mall",2022-08-01,regular,active,English,4,57211,bronze
CUST-00370,Mohit,Mishra,mohit.mishra@inbox.example,+91 90001 85803,male,1990-11-14,Nagpur,Maharashtra,440715,"15/28, Anand Vihar Society, Temple Street, Housing Board",2022-08-03,inactive,active,English,1,11851,bronze
CUST-00371,Rahul,Rao,rahul.rao982@netmail.example,+91 60002 27897,male,1987-03-24,Nagpur,Maharashtra,440366,"54/27, Green Valley Apartments, Gandhi Marg, Phase 2",2022-08-04,premium,active,Marathi,8,122254,bronze
CUST-00372,Rajesh,Kulkarni,rajesh.kulkarni82@mailbox.example,+91 60000 48923,male,1987-12-23,Rajkot,Gujarat,360709,"Flat 927, Celestial Apartments, Canal Road, Near City Mall",2022-08-04,regular,active,English,5,33864,silver
CUST-00373,Debashish,Chopra,debashish.chopra980@mailbox.example,+91 60001 24807,male,1990-07-17,Kolkata,West Bengal,700173,"13/24, Lotus Heights, Station Road, Model Town",2022-08-06,inactive,suspended,Bengali,0,0,bronze
CUST-00374,Jyoti,Fernandes,jyoti.fernandes@mailbox.example,+91 90007 88072,female,1992-05-30,Mumbai,Maharashtra,400162,"26/17, Palm Grove, Garden Lane, Industrial Estate",2022-08-07,premium,active,English,10,88060,gold
CUST-00375,Suresh,Khanna,suresh.khanna1846@webmail.example,+91 90002 94269,male,1973-12-10,Nashik,Maharashtra,422521,"45/12, Riverview Enclave, Temple Street, Model Town",2022-08-10,regular,active,Hinglish,3,59971,bronze
CUST-00376,Meera,Bhatia,meera.bhatia1952@inbox.example,+91 60004 87708,female,1999-02-11,Coimbatore,Tamil Nadu,641865,"59/24, Lotus Heights, Civil Lines Road, Sector 14",2022-08-12,premium,active,Tamil,11,93061,silver
CUST-00377,Manish,Fernandes,manish.fernandes@inbox.example,+91 80004 97415,male,1991-06-01,Delhi,Delhi,110155,"Unit 76-A, Blue Lagoon Residency, 5th Cross, Industrial Estate",2022-08-14,premium,active,English,7,105761,bronze
CUST-00378,Reyansh,Prasad,reyansh.prasad21@webmail.example,+91 60006 61147,male,1982-08-04,Hyderabad,Telangana,500346,"Flat 1166, Neelkanth CHS, Park Avenue, West End",2022-08-15,regular,active,English,3,38236,bronze
CUST-00379,Mohit,Modi,mohit.modi@inbox.example,+91 90004 04129,other,1997-09-21,Rajkot,Gujarat,360202,"Flat 355, Heritage Villas, Link Road, Sector 14",2022-08-16,new,active,English,1,8966,bronze
CUST-00380,Diya,Tomar,diya.tomar34@webmail.example,+91 90002 90077,female,1974-12-25,Patna,Bihar,800031,"24/23, Anand Vihar Society, Lake View Road, Phase 2",2022-08-18,high_value,active,English,18,334392,silver
CUST-00381,Kiara,Banerjee,kiara.banerjee547@mailbox.example,+91 80005 98291,female,1985-05-01,Bhubaneswar,Odisha,751507,"Flat 460, Emerald Park, Temple Street, New Colony",2022-08-18,regular,active,Bengali,5,35624,bronze
CUST-00382,Nisha,Dhillon,nisha.dhillon@webmail.example,+91 60004 98565,female,1996-07-08,Ludhiana,Punjab,141009,"Flat 810, Mangal Darshan, Market Cross Road, Housing Board",2022-08-18,premium,active,English,10,82625,gold
CUST-00383,Akshay,Bansal,akshay.bansal@mailbox.example,+91 70007 39236,male,1998-08-08,Pune,Maharashtra,411058,"3/17, Jasmine Heights, Link Road, Block C",2022-08-22,regular,active,English,4,32987,bronze
CUST-00384,Siddharth,Kumar,siddharth.kumar@netmail.example,+91 90005 62697,male,2001-09-27,Siliguri,West Bengal,734707,"25/29, Riverview Enclave, Nagar Road, Sector 14",2022-08-23,high_value,active,English,22,298866,platinum
CUST-00385,Mohit,Dsouza,mohit.dsouza78@mailbox.example,+91 60001 46446,male,1992-08-17,Udaipur,Rajasthan,313670,"Flat 463, Rose Meadows, Ring Road, Sector 14",2022-08-24,premium,active,Hinglish,14,107253,silver
CUST-00386,Sakshi,Deshmukh,sakshi.deshmukh@webmail.example,+91 60006 88750,female,2003-08-27,Nagpur,Maharashtra,440596,"Unit 24-D, Tulsi Garden, Nagar Road, Near City Mall",2022-08-27,inactive,active,Hinglish,0,0,bronze
CUST-00387,Shivam,Sharma,shivam.sharma9@netmail.example,+91 60002 75982,male,1980-11-25,Gurugram,Haryana,122980,"Unit 3-A, Palm Grove, 5th Cross, Industrial Estate",2022-08-29,premium,active,English,9,125405,silver
CUST-00388,Pooja,Dutta,pooja.dutta611@inbox.example,+91 70000 48062,female,1996-08-17,Mysuru,Karnataka,570331,"House No. 377, Rose Meadows, College Road, Behind Bus Stand",2022-09-02,high_value,active,Hinglish,14,471660,gold
CUST-00389,Shweta,Rathore,shweta.rathore@mailbox.example,+91 60002 14816,female,1969-01-14,Ahmedabad,Gujarat,380080,"Unit 74-C, Sai Krupa, Park Avenue, Extension",2022-09-03,regular,active,Hindi,2,14764,bronze
CUST-00390,Meet,Thakkar,meet.thakkar713@netmail.example,+91 90000 97277,male,1994-06-29,Ahmedabad,Gujarat,380002,"47/12, Palm Grove, Gandhi Marg, Camp Area",2022-09-11,regular,active,English,7,56798,bronze
CUST-00391,Rahul,Sen,rahul.sen@inbox.example,+91 90006 20031,male,1985-11-28,Amritsar,Punjab,143780,"House No. 86, Rose Meadows, MG Road, Camp Area",2022-09-13,regular,active,Hinglish,4,42974,bronze
CUST-00392,Yash,Verma,yash.verma470@inbox.example,+91 60004 72066,male,1990-07-16,Kochi,Kerala,682161,"House No. 178, Blue Lagoon Residency, Garden Lane, Behind Bus Stand",2022-09-15,high_value,active,English,7,220459,bronze
CUST-00393,Sreejith,Bhat,sreejith.bhat357@inbox.example,+91 80008 07445,male,1998-09-21,Kochi,Kerala,682815,"House No. 380, Celestial Apartments, Bypass Road, Camp Area",2022-09-21,high_value,active,English,14,164595,silver
CUST-00394,Divya,Subramanian,divya.subramanian31@webmail.example,+91 80002 40829,female,1978-09-10,Coimbatore,Tamil Nadu,641567,"House No. 304, Blue Lagoon Residency, Park Avenue, West End",2022-09-24,premium,active,English,7,75783,silver
CUST-00395,Diya,Negi,diya.negi18@webmail.example,+91 80001 53809,female,1999-09-12,Raipur,Chhattisgarh,492003,"Flat 785, Neelkanth CHS, Temple Street, Housing Board",2022-09-29,inactive,active,Hinglish,0,0,bronze
CUST-00396,Divya,Reddy,divya.reddy566@webmail.example,+91 60004 92168,female,2001-12-16,Chennai,Tamil Nadu,600638,"Flat 1170, Gokul Dham, Ring Road, Sector 14",2022-09-30,inactive,active,English,0,0,bronze
CUST-00397,Vaishnavi,Mukherjee,vaishnavi.mukherjee@mailbox.example,+91 60002 18176,female,1994-11-25,Pune,Maharashtra,411632,"House No. 319, Palm Grove, Park Avenue, Model Town",2022-09-30,premium,active,English,2,64471,bronze
CUST-00398,Lakshay,Mishra,lakshay.mishra@mailbox.example,+91 80004 70907,male,1990-04-29,Patna,Bihar,800344,"Flat 512, Shanti Niwas, Nagar Road, New Colony",2022-10-02,regular,active,English,8,54453,bronze
CUST-00399,Neha,Tomar,neha.tomar@inbox.example,+91 90001 78854,female,2002-04-26,Ludhiana,Punjab,141562,"Unit 94-A, Blue Lagoon Residency, Link Road, Near City Mall",2022-10-02,premium,active,English,17,149204,gold
CUST-00400,Harpreet,Shah,harpreet.shah@mailbox.example,+91 60003 13330,male,1993-01-25,Amritsar,Punjab,143550,"Flat 948, Orchid Towers, College Road, Camp Area",2022-10-05,premium,active,English,3,63142,bronze
CUST-00401,Gurpreet,Srivastava,gurpreet.srivastava@inbox.example,+91 80004 78727,male,1988-11-21,Noida,Uttar Pradesh,201030,"38/19, Sai Krupa, Temple Street, Housing Board",2022-10-12,inactive,active,English,2,25969,bronze
CUST-00402,Mounika,Shah,mounika.shah320@webmail.example,+91 60000 47830,female,1992-09-15,Hyderabad,Telangana,500023,"House No. 88, Lotus Heights, Link Road, Behind Bus Stand",2022-10-12,regular,active,English,6,15550,bronze
CUST-00403,Preeti,Chauhan,preeti.chauhan1851@webmail.example,+91 90008 48673,female,1994-06-11,Patna,Bihar,800418,"House No. 233, Maple Court, Industrial Area Road, Opp. Public Library",2022-10-15,regular,active,English,5,38414,bronze
CUST-00404,Tanmay,Bose,tanmay.bose@netmail.example,+91 90002 43801,male,1983-10-24,Mumbai,Maharashtra,400642,"4/20, Heritage Villas, Nagar Road, Sector 14",2022-10-16,high_value,active,English,20,421582,gold
CUST-00405,Manish,Arora,manish.arora@webmail.example,+91 80007 85451,male,1993-06-14,Surat,Gujarat,395896,"2/10, Tulsi Garden, Nagar Road, Industrial Estate",2022-10-19,premium,active,Gujarati,10,77446,silver
CUST-00406,Hetal,Sethi,hetal.sethi98@inbox.example,+91 70005 72574,female,1995-09-01,Ahmedabad,Gujarat,380189,"Flat 1143, Ashiyana Complex, Nagar Road, Industrial Estate",2022-10-22,inactive,active,Gujarati,0,0,bronze
CUST-00407,Siddharth,Sethi,siddharth.sethi94@webmail.example,+91 70008 97130,male,1993-09-17,Warangal,Telangana,506044,"Flat 939, Lotus Heights, Canal Road, Extension",2022-10-25,regular,active,Telugu,4,49931,bronze
CUST-00408,Rutuja,Sawant,rutuja.sawant93@inbox.example,+91 90002 47087,female,1986-08-03,Mumbai,Maharashtra,400050,"Flat 520, Rose Meadows, Bypass Road, Industrial Estate",2022-10-26,inactive,suspended,Hindi,1,145730,bronze
CUST-00409,Ritu,Sandhu,ritu.sandhu@webmail.example,+91 90007 80492,female,1997-04-20,Delhi,Delhi,110205,"House No. 208, Silver Oak Homes, Ring Road, Sector 14",2022-10-29,premium,active,Hinglish,8,113300,bronze
CUST-00410,Tejas,Desai,tejas.desai@inbox.example,+91 70003 13146,male,1992-04-04,Pune,Maharashtra,411205,"House No. 453, Maple Court, Canal Road, Model Town",2022-10-29,inactive,active,Hinglish,1,3474,bronze
CUST-00411,Madhavi,Jain,madhavi.jain@mailbox.example,+91 80005 99702,female,1990-01-24,Hyderabad,Telangana,500775,"Flat 170, Rose Meadows, Canal Road, Block C",2022-10-31,regular,active,English,2,1769,bronze
CUST-00412,Parth,Joshi,parth.joshi@inbox.example,+91 60006 90220,male,1997-05-19,Vadodara,Gujarat,390691,"Unit 14-D, Gokul Dham, Lake View Road, Sector 14",2022-10-31,new,active,Hindi,1,13922,bronze
CUST-00413,Gaurav,Kondapalli,gaurav.kondapalli44@inbox.example,+91 70009 80099,male,1973-09-13,Hyderabad,Telangana,500834,"Flat 266, Shanti Niwas, Temple Street, Opp. Public Library",2022-11-09,high_value,active,Telugu,21,364021,gold
CUST-00414,Mahesh,Nair,mahesh.nair@webmail.example,+91 70007 22329,male,1975-07-06,Thiruvananthapuram,Kerala,695626,"Unit 97-D, Orchid Towers, Canal Road, Industrial Estate",2022-11-09,high_value,active,English,28,566309,gold
CUST-00415,Sachin,Bajwa,sachin.bajwa46@inbox.example,+91 60003 13472,male,2004-08-06,Delhi,Delhi,110042,"House No. 128, Palm Grove, Temple Street, Opp. Public Library",2022-11-09,inactive,inactive,Hindi,0,0,bronze
CUST-00416,Ekta,Ali,ekta.ali67@netmail.example,+91 90000 23908,female,1975-12-20,Udaipur,Rajasthan,313842,"18/10, Ashiyana Complex, Link Road, Opp. Public Library",2022-11-10,high_value,active,Hindi,19,458610,silver
CUST-00417,Mayank,Rawat,mayank.rawat352@webmail.example,+91 90000 27323,male,2000-02-20,Udaipur,Rajasthan,313217,"Flat 475, Celestial Apartments, Canal Road, Opp. Public Library",2022-11-12,regular,active,English,6,45857,bronze
CUST-00418,Ekta,Dubey,ekta.dubey@netmail.example,+91 90009 77250,female,1998-03-30,Jaipur,Rajasthan,302510,"House No. 437, Mangal Darshan, Station Road, Layout 3rd Stage",2022-11-15,regular,active,Hindi,3,33908,bronze
CUST-00419,Shivam,Agarwal,shivam.agarwal@inbox.example,+91 90002 50445,male,1968-11-14,Lucknow,Uttar Pradesh,226631,"Unit 38-A, Jasmine Heights, Market Cross Road, Sector 14",2022-11-17,premium,active,Hinglish,8,68411,bronze
CUST-00420,Chinmay,Ghosh,chinmay.ghosh@inbox.example,+91 80001 46287,male,2004-04-07,Mumbai,Maharashtra,400638,"Unit 56-B, Pearl Towers, Nagar Road, Phase 2",2022-11-18,regular,active,Marathi,4,22080,bronze
CUST-00421,Arjun,Banerjee,arjun.banerjee@inbox.example,+91 90008 10512,male,1979-07-24,Mumbai,Maharashtra,400313,"House No. 196, Shanti Niwas, Park Avenue, West End",2022-11-21,regular,active,English,4,27875,bronze
CUST-00422,Jinal,Chatterjee,jinal.chatterjee95@inbox.example,+91 70004 97333,female,1995-03-08,Ahmedabad,Gujarat,380884,"Flat 716, Tulsi Garden, Nagar Road, Block C",2022-11-22,regular,active,Gujarati,3,18303,bronze
CUST-00423,Komal,Warrier,komal.warrier244@webmail.example,+91 80002 19361,female,1984-02-15,Kochi,Kerala,682646,"Flat 639, Maple Court, Industrial Area Road, West End",2022-11-23,regular,active,English,7,58110,silver
CUST-00424,Krupa,Kapoor,krupa.kapoor@webmail.example,+91 60007 56668,female,1988-01-17,Rajkot,Gujarat,360165,"22/8, Riverview Enclave, Garden Lane, Opp. Public Library",2022-11-23,regular,active,English,5,47488,bronze
CUST-00425,Sandeep,Hegde,sandeep.hegde85@netmail.example,+91 70006 23444,male,1998-08-05,Kochi,Kerala,682964,"26/8, Celestial Apartments, Link Road, Behind Bus Stand",2022-11-28,inactive,active,English,1,1247,bronze
CUST-00426,Hetal,Thakkar,hetal.thakkar86@inbox.example,+91 80002 90231,female,1970-05-24,Surat,Gujarat,395502,"Flat 1090, Orchid Towers, Bypass Road, Extension",2022-11-29,premium,active,Hinglish,14,144863,silver
CUST-00427,Shruti,Sastry,shruti.sastry1195@mailbox.example,+91 90005 12055,female,1993-06-26,Hyderabad,Telangana,500223,"House No. 238, Mangal Darshan, College Road, Camp Area",2022-12-03,premium,active,Telugu,7,92750,bronze
CUST-00428,Vihaan,Bose,vihaan.bose1476@webmail.example,+91 60001 06025,male,1998-01-21,Delhi,Delhi,110980,"33/23, Orchid Towers, Ring Road, Sector 14",2022-12-03,regular,active,Hinglish,6,12958,bronze
CUST-00429,Suresh,Poojary,suresh.poojary@netmail.example,+91 90005 82591,male,1997-03-29,Bengaluru,Karnataka,560882,"4/14, Sai Krupa, MG Road, Housing Board",2022-12-05,new,active,English,1,1591,bronze
CUST-00430,Onkar,Mishra,onkar.mishra@webmail.example,+91 80001 04025,male,1996-09-14,Mumbai,Maharashtra,400742,"House No. 408, Celestial Apartments, Market Cross Road, Phase 2",2022-12-10,inactive,active,English,0,0,bronze
CUST-00431,Tara,Mishra,tara.mishra964@mailbox.example,+91 70000 22778,female,1990-10-05,Surat,Gujarat,395576,"21/16, Gokul Dham, Civil Lines Road, West End",2022-12-10,premium,active,Gujarati,5,68631,bronze
CUST-00432,Suraj,Dsouza,suraj.dsouza352@inbox.example,+91 80002 04153,male,1987-12-06,Mysuru,Karnataka,570246,"38/1, Orchid Towers, 12th Main, Opp. Public Library",2022-12-11,regular,active,English,3,8966,bronze
CUST-00433,Ekta,Dubey,ekta.dubey@webmail.example,+91 80007 56648,female,1983-01-27,Lucknow,Uttar Pradesh,226678,"House No. 54, Celestial Apartments, Ring Road, Phase 2",2022-12-12,premium,active,Hinglish,10,112337,silver
CUST-00434,Swapnil,Deshmukh,swapnil.deshmukh1314@inbox.example,+91 60006 06675,male,1978-02-08,Mumbai,Maharashtra,400529,"24/3, Lotus Heights, Civil Lines Road, Opp. Public Library",2022-12-17,regular,active,English,2,27139,bronze
CUST-00435,Nirav,Rathore,nirav.rathore@mailbox.example,+91 90000 03461,male,1992-04-20,Ahmedabad,Gujarat,380574,"19/12, Rose Meadows, Nehru Nagar Main Road, Near City Mall",2022-12-19,new,active,Hinglish,1,4991,bronze
CUST-00436,Jinal,Yadav,jinal.yadav@netmail.example,+91 90000 60873,female,1997-04-11,Surat,Gujarat,395253,"Unit 20-B, Neelkanth CHS, Temple Street, Extension",2022-12-21,high_value,active,Gujarati,4,168316,bronze
CUST-00437,Neha,Kulkarni,neha.kulkarni@mailbox.example,+91 80005 61226,female,1998-12-20,Mumbai,Maharashtra,400410,"Flat 1140, Sunrise Residency, 12th Main, West End",2022-12-21,inactive,active,English,1,3398,bronze
CUST-00438,Mansi,Fernandes,mansi.fernandes@webmail.example,+91 60004 02859,female,1990-09-06,Rajkot,Gujarat,360929,"Flat 714, Blue Lagoon Residency, Link Road, West End",2022-12-25,high_value,active,English,11,305108,silver
CUST-00439,Prathamesh,Tiwari,prathamesh.tiwari69@inbox.example,+91 90001 53197,male,2004-09-16,Mumbai,Maharashtra,400025,"Unit 37-C, Mangal Darshan, Link Road, Sector 14",2022-12-25,inactive,active,English,0,0,bronze
CUST-00440,Anuj,Yadav,anuj.yadav4@mailbox.example,+91 70006 02269,male,1996-10-31,Bhopal,Madhya Pradesh,462867,"Flat 1121, Heritage Villas, Link Road, Block C",2022-12-26,inactive,active,English,4,60767,bronze
CUST-00441,Anuj,Rao,anuj.rao@netmail.example,+91 90006 48218,male,2002-01-12,Ranchi,Jharkhand,834775,"17/9, Lotus Heights, Garden Lane, Camp Area",2022-12-28,regular,active,English,5,17527,silver
CUST-00442,Yash,Shah,yash.shah620@webmail.example,+91 70003 59455,male,2003-03-19,Delhi,Delhi,110568,"House No. 138, Emerald Park, Park Avenue, Extension",2022-12-28,regular,active,English,3,5383,silver
CUST-00443,Anuj,Tomar,anuj.tomar90@webmail.example,+91 70001 46362,male,1994-07-09,Delhi,Delhi,110097,"11/29, Silver Oak Homes, Market Cross Road, Opp. Public Library",2022-12-29,premium,active,Hindi,2,141595,bronze
CUST-00444,Arjun,Reddy,arjun.reddy@mailbox.example,+91 80008 67002,male,1978-09-20,Chennai,Tamil Nadu,600029,"40/11, Green Valley Apartments, Gandhi Marg, New Colony",2022-12-30,inactive,active,Tamil,1,6614,bronze
CUST-00445,Harish,Das,harish.das25@netmail.example,+91 90009 91015,male,1991-08-02,Chennai,Tamil Nadu,600226,"Unit 71-A, Maple Court, Market Cross Road, Industrial Estate",2023-01-02,premium,active,English,5,131663,bronze
CUST-00446,Aarav,Thakur,aarav.thakur1938@netmail.example,+91 80007 52137,male,2003-12-02,Gurugram,Haryana,122293,"32/9, Anand Vihar Society, Ring Road, Housing Board",2023-01-05,new,active,English,1,373,bronze
CUST-00447,Sowmya,Venkatesan,sowmya.venkatesan@netmail.example,+91 90008 06259,female,1980-07-20,Coimbatore,Tamil Nadu,641773,"47/9, Green Valley Apartments, Nagar Road, Extension",2023-01-08,high_value,active,English,28,625640,platinum
CUST-00448,Aadhya,Kapoor,aadhya.kapoor@inbox.example,+91 80006 81092,female,2004-02-21,Surat,Gujarat,395093,"Unit 47-D, Tulsi Garden, Temple Street, Housing Board",2023-01-10,regular,active,Gujarati,2,23177,bronze
CUST-00449,Pranav,Sastry,pranav.sastry@netmail.example,+91 70008 40850,male,1996-09-09,Hyderabad,Telangana,500340,"Unit 38-A, Neelkanth CHS, 5th Cross, Block C",2023-01-10,high_value,active,English,4,247146,bronze
CUST-00450,Lakshay,Sandhu,lakshay.sandhu@netmail.example,+91 90003 51084,male,1993-03-01,Indore,Madhya Pradesh,452424,"Unit 13-D, Blue Lagoon Residency, Ring Road, Block C",2023-01-14,inactive,active,Hinglish,1,8359,bronze
CUST-00451,Rohan,Kondapalli,rohan.kondapalli@webmail.example,+91 60002 22112,male,1983-01-26,Hyderabad,Telangana,500244,"Flat 946, Blue Lagoon Residency, Ring Road, Sector 14",2023-01-14,premium,active,Telugu,8,87445,silver
CUST-00452,Shweta,Tiwari,shweta.tiwari356@mailbox.example,+91 70002 69961,female,2003-08-17,Hyderabad,Telangana,500220,"Unit 63-C, Maple Court, Civil Lines Road, Opp. Public Library",2023-01-15,inactive,inactive,Telugu,1,8968,gold
CUST-00453,Vikram,Rawat,vikram.rawat48@inbox.example,+91 90003 16150,male,1999-11-19,Indore,Madhya Pradesh,452895,"House No. 462, Lotus Heights, Ring Road, Near City Mall",2023-01-17,high_value,active,Hindi,4,152513,bronze
CUST-00454,Rutuja,More,rutuja.more@webmail.example,+91 70000 60316,female,1991-11-22,Mumbai,Maharashtra,400901,"Flat 1117, Tulsi Garden, Canal Road, Opp. Public Library",2023-01-21,premium,active,Marathi,4,76405,bronze
CUST-00455,Ayaan,Goud,ayaan.goud75@webmail.example,+91 90008 78301,male,1989-09-26,Hyderabad,Telangana,500762,"House No. 309, Anand Vihar Society, Nehru Nagar Main Road, Layout 3rd Stage",2023-01-29,premium,active,English,5,64729,bronze
CUST-00456,Neha,Kulkarni,neha.kulkarni1446@webmail.example,+91 80006 36866,female,2001-05-03,Rajkot,Gujarat,360556,"Flat 224, Silver Oak Homes, Nagar Road, Camp Area",2023-01-29,regular,active,Hinglish,2,34995,bronze
CUST-00457,Vihaan,Rawat,vihaan.rawat52@inbox.example,+91 80008 23425,male,2000-07-14,Varanasi,Uttar Pradesh,221888,"House No. 133, Lotus Heights, Temple Street, Industrial Estate",2023-01-29,high_value,active,Hinglish,9,223576,silver
CUST-00458,Bhavna,Kulkarni,bhavna.kulkarni@inbox.example,+91 90008 60591,female,2005-01-12,Patna,Bihar,800079,"Flat 971, Heritage Villas, Market Cross Road, Phase 2",2023-01-30,inactive,inactive,Hindi,0,0,bronze
CUST-00459,Manish,Ganguly,manish.ganguly@webmail.example,+91 70001 59394,male,2001-03-26,Kolkata,West Bengal,700310,"House No. 62, Celestial Apartments, Nagar Road, Behind Bus Stand",2023-01-31,premium,active,Hindi,9,133907,silver
CUST-00460,Shruti,Iyer,shruti.iyer@mailbox.example,+91 70003 23190,female,2003-03-22,Kochi,Kerala,682222,"House No. 274, Rose Meadows, 5th Cross, Housing Board",2023-01-31,high_value,active,English,12,231818,silver
CUST-00461,Ritu,Kulkarni,ritu.kulkarni1574@netmail.example,+91 60004 13054,female,1963-10-22,Gurugram,Haryana,122977,"House No. 342, Sai Krupa, Park Avenue, Sector 14",2023-02-02,inactive,active,Hinglish,0,0,bronze
CUST-00462,Aadhya,Bhatia,aadhya.bhatia@webmail.example,+91 60006 41807,female,1995-06-25,Ahmedabad,Gujarat,380627,"House No. 165, Tulsi Garden, Nehru Nagar Main Road, Housing Board",2023-02-03,inactive,inactive,Gujarati,1,5663,bronze
CUST-00463,Krishna,Singh,krishna.singh595@inbox.example,+91 90003 95096,male,1997-04-16,Bengaluru,Karnataka,560559,"31/23, Orchid Towers, College Road, West End",2023-02-06,inactive,active,English,0,0,bronze
CUST-00464,Simran,Dhillon,simran.dhillon51@webmail.example,+91 90003 96748,female,1986-07-26,Raipur,Chhattisgarh,492712,"House No. 254, Emerald Park, Link Road, Housing Board",2023-02-09,high_value,active,English,16,284275,gold
CUST-00465,Nikhil,Ali,nikhil.ali70@mailbox.example,+91 80007 36038,other,1963-02-08,Chennai,Tamil Nadu,600936,"Flat 228, Neelkanth CHS, Market Cross Road, Camp Area",2023-02-10,new,active,Tamil,1,904,bronze
CUST-00466,Saanvi,Bhatia,saanvi.bhatia@webmail.example,+91 60001 63499,female,1996-02-21,Siliguri,West Bengal,734085,"45/8, Emerald Park, Nagar Road, Layout 3rd Stage",2023-02-11,inactive,active,Bengali,0,0,bronze
CUST-00467,Karan,Hegde,karan.hegde@netmail.example,+91 60009 09772,male,1997-01-22,Bengaluru,Karnataka,560886,"Flat 828, Riverview Enclave, 5th Cross, Behind Bus Stand",2023-02-12,regular,active,English,4,1335,bronze
CUST-00468,Srinivas,Malhotra,srinivas.malhotra51@webmail.example,+91 80007 80261,male,1989-09-01,Hyderabad,Telangana,500123,"House No. 110, Celestial Apartments, 5th Cross, Sector 14",2023-02-12,regular,active,English,2,18816,bronze
CUST-00469,Ananya,Sethi,ananya.sethi86@mailbox.example,+91 80003 20276,female,1995-08-06,Coimbatore,Tamil Nadu,641036,"House No. 153, Pearl Towers, Temple Street, Near City Mall",2023-02-18,regular,active,English,2,5936,bronze
CUST-00470,Deepak,Iyer,deepak.iyer1313@netmail.example,+91 70008 64725,male,1992-07-08,Surat,Gujarat,395290,"51/13, Mangal Darshan, MG Road, West End",2023-02-18,high_value,active,English,28,257803,platinum
CUST-00471,Omkar,Deshmukh,omkar.deshmukh1904@netmail.example,+91 80004 82226,male,1996-01-02,Mumbai,Maharashtra,400126,"Unit 74-C, Anand Vihar Society, Park Avenue, Phase 2",2023-02-19,new,active,English,1,6839,bronze
CUST-00472,Jaspreet,Yadav,jaspreet.yadav382@webmail.example,+91 60007 49117,male,1996-11-05,Delhi,Delhi,110898,"6/11, Rose Meadows, 12th Main, Model Town",2023-02-21,regular,active,Hindi,2,38650,bronze
CUST-00473,Akshay,Sawant,akshay.sawant@mailbox.example,+91 60006 38991,male,1989-08-27,Mumbai,Maharashtra,400716,"59/19, Neelkanth CHS, Market Cross Road, Industrial Estate",2023-02-23,high_value,active,Marathi,3,232927,bronze
CUST-00474,Nikhil,Pandey,nikhil.pandey@netmail.example,+91 70006 53839,other,1995-12-17,Bengaluru,Karnataka,560635,"Unit 48-C, Emerald Park, Temple Street, Near City Mall",2023-02-24,new,active,English,1,3421,bronze
CUST-00475,Ravi,Gill,ravi.gill99@mailbox.example,+91 80008 58539,male,1986-09-09,Delhi,Delhi,110977,"Flat 932, Tulsi Garden, Lake View Road, Behind Bus Stand",2023-02-24,premium,active,Hinglish,6,71656,silver
CUST-00476,Rajesh,Dave,rajesh.dave1@webmail.example,+91 70005 23788,male,1977-02-03,Ahmedabad,Gujarat,380228,"House No. 51, Riverview Enclave, Civil Lines Road, Opp. Public Library",2023-02-25,regular,active,Gujarati,2,407,bronze
CUST-00477,Yash,Fernandes,yash.fernandes@mailbox.example,+91 60000 19198,other,1967-08-15,Ahmedabad,Gujarat,380737,"27/24, Mangal Darshan, Bypass Road, Layout 3rd Stage",2023-02-25,high_value,active,Hinglish,23,162278,gold
CUST-00478,Nikhil,Gaikwad,nikhil.gaikwad1698@mailbox.example,+91 80004 21996,male,1977-09-22,Mumbai,Maharashtra,400930,"Unit 27-C, Emerald Park, Park Avenue, Extension",2023-02-28,regular,active,English,4,58301,bronze
CUST-00479,Ananya,Dhillon,ananya.dhillon818@webmail.example,+91 70009 08163,female,1993-07-27,Bhopal,Madhya Pradesh,462814,"22/11, Maple Court, MG Road, Sector 14",2023-03-06,inactive,active,English,0,0,bronze
CUST-00480,Siddharth,Poojary,siddharth.poojary@webmail.example,+91 80000 03635,male,1992-10-03,Bengaluru,Karnataka,560539,"House No. 109, Sunrise Residency, Civil Lines Road, Camp Area",2023-03-07,regular,active,English,3,46247,bronze
CUST-00481,Arjun,Ganguly,arjun.ganguly@netmail.example,+91 70000 39488,other,1991-09-26,Kolkata,West Bengal,700601,"Flat 626, Riverview Enclave, Nehru Nagar Main Road, Opp. Public Library",2023-03-08,inactive,active,English,1,11679,bronze
CUST-00482,Megha,Rao,megha.rao@webmail.example,+91 70008 31979,female,1976-07-13,Siliguri,West Bengal,734667,"Flat 258, Anand Vihar Society, Bypass Road, Model Town",2023-03-10,regular,active,Bengali,3,6607,bronze
CUST-00483,Anika,Singh,anika.singh@mailbox.example,+91 90005 48391,female,1963-05-12,Delhi,Delhi,110937,"Flat 244, Jasmine Heights, MG Road, Near City Mall",2023-03-12,regular,active,Hinglish,2,55929,bronze
CUST-00484,Ishaan,Bhosale,ishaan.bhosale20@webmail.example,+91 70007 13388,male,1982-01-28,Pune,Maharashtra,411061,"Unit 35-C, Celestial Apartments, Civil Lines Road, Block C",2023-03-12,inactive,active,Hinglish,0,0,bronze
CUST-00485,Krishna,Arora,krishna.arora1994@webmail.example,+91 80008 44306,male,1997-07-16,Bengaluru,Karnataka,560433,"House No. 339, Celestial Apartments, Old Town Road, Phase 2",2023-03-19,regular,active,English,3,27148,bronze
CUST-00486,Rajesh,Kurup,rajesh.kurup1294@inbox.example,+91 80008 14841,male,1978-06-17,Bengaluru,Karnataka,560650,"Unit 10-B, Skyline Arcade, Lake View Road, Camp Area",2023-03-19,inactive,active,English,2,29860,bronze
CUST-00487,Reyansh,Ghosh,reyansh.ghosh48@inbox.example,+91 90005 10632,male,1982-10-16,Kolkata,West Bengal,700106,"27/20, Orchid Towers, Industrial Area Road, Near City Mall",2023-03-21,regular,active,Bengali,3,18457,bronze
CUST-00488,Pratiksha,Chauhan,pratiksha.chauhan@webmail.example,+91 60008 77125,female,2003-11-18,Nashik,Maharashtra,422034,"42/1, Lotus Heights, Nehru Nagar Main Road, Extension",2023-03-22,premium,active,English,2,99256,bronze
CUST-00489,Tara,Reddy,tara.reddy@webmail.example,+91 90009 69234,female,1991-11-27,Ahmedabad,Gujarat,380094,"20/29, Shanti Niwas, Nagar Road, New Colony",2023-03-22,inactive,inactive,English,0,0,bronze
CUST-00490,Bhavesh,Naidu,bhavesh.naidu466@inbox.example,+91 60009 36061,male,1998-06-19,Vadodara,Gujarat,390989,"56/3, Silver Oak Homes, 12th Main, Layout 3rd Stage",2023-03-23,premium,active,Gujarati,5,83361,silver
CUST-00491,Sonal,Kapoor,sonal.kapoor@inbox.example,+91 90008 50663,female,1982-10-30,Delhi,Delhi,110321,"Flat 387, Celestial Apartments, Ring Road, Model Town",2023-03-23,premium,active,Hindi,9,133970,silver
CUST-00492,Anuj,Iyer,anuj.iyer@netmail.example,+91 60002 86264,male,1989-10-05,Delhi,Delhi,110442,"House No. 58, Sai Krupa, Ring Road, Extension",2023-03-24,regular,active,Hinglish,3,34803,bronze
CUST-00493,Swapnil,Tiwari,swapnil.tiwari@netmail.example,+91 60006 29939,male,2003-07-26,Mumbai,Maharashtra,400276,"28/6, Ashiyana Complex, Gandhi Marg, Camp Area",2023-03-24,inactive,active,Hindi,0,0,bronze
CUST-00494,Saanvi,Sawant,saanvi.sawant@mailbox.example,+91 70005 47171,female,1999-10-01,Pune,Maharashtra,411372,"Unit 61-C, Skyline Arcade, Link Road, Camp Area",2023-03-25,inactive,suspended,English,0,0,bronze
CUST-00495,Sakshi,Venkatesan,sakshi.venkatesan1558@netmail.example,+91 80001 98590,female,1996-01-02,Chennai,Tamil Nadu,600348,"House No. 301, Shanti Niwas, Market Cross Road, Industrial Estate",2023-04-05,inactive,active,English,0,0,bronze
CUST-00496,Suraj,Poojary,suraj.poojary1460@inbox.example,+91 90002 47183,male,1988-01-30,Bengaluru,Karnataka,560948,"Unit 24-B, Jasmine Heights, Link Road, Extension",2023-04-07,premium,active,English,2,149503,bronze
CUST-00497,Sreelakshmi,Mehta,sreelakshmi.mehta@netmail.example,+91 90001 81993,female,1989-01-06,Bengaluru,Karnataka,560975,"Flat 1134, Riverview Enclave, Gandhi Marg, Opp. Public Library",2023-04-13,regular,active,English,4,54687,bronze
CUST-00498,Mounika,Babu,mounika.babu11@mailbox.example,+91 80006 80031,female,1991-07-05,Hyderabad,Telangana,500988,"Flat 571, Gokul Dham, 5th Cross, Layout 3rd Stage",2023-04-14,regular,active,Hinglish,2,7669,bronze
CUST-00499,Onkar,Kale,onkar.kale@netmail.example,+91 70009 64281,male,1991-02-06,Mumbai,Maharashtra,400314,"Unit 37-A, Gokul Dham, Old Town Road, Behind Bus Stand",2023-04-14,new,active,English,1,28848,bronze
CUST-00500,Jinal,Dutta,jinal.dutta@inbox.example,+91 60009 55213,female,2002-10-04,Surat,Gujarat,395503,"4/30, Riverview Enclave, Garden Lane, Sector 14",2023-04-15,regular,active,Hinglish,3,11110,bronze
CUST-00501,Arvind,Bhatia,arvind.bhatia19@netmail.example,+91 60007 97026,male,1988-07-05,Chennai,Tamil Nadu,600639,"House No. 252, Blue Lagoon Residency, Old Town Road, Sector 14",2023-04-25,inactive,inactive,English,0,0,bronze
CUST-00502,Ritu,Reddy,ritu.reddy@webmail.example,+91 80000 92595,female,1988-04-17,Jaipur,Rajasthan,302155,"Flat 617, Shanti Niwas, Gandhi Marg, Layout 3rd Stage",2023-04-25,regular,active,Hinglish,2,25839,bronze
CUST-00503,Shruti,Iyer,shruti.iyer79@webmail.example,+91 60005 08151,female,1986-07-30,Delhi,Delhi,110791,"32/2, Celestial Apartments, Civil Lines Road, Extension",2023-04-25,regular,active,English,6,30060,silver
CUST-00504,Varun,Sarkar,varun.sarkar@mailbox.example,+91 60007 18365,male,1998-08-03,Kolkata,West Bengal,700083,"Flat 862, Green Valley Apartments, Garden Lane, Sector 14",2023-04-25,high_value,active,Bengali,8,294577,silver
CUST-00505,Kabir,Arora,kabir.arora@webmail.example,+91 80007 73220,male,1993-06-02,Bhopal,Madhya Pradesh,462607,"Flat 1129, Emerald Park, College Road, Phase 2",2023-05-04,regular,active,English,2,18082,bronze
CUST-00506,Nayana,Bhat,nayana.bhat@inbox.example,+91 90008 31103,female,1982-02-08,Bengaluru,Karnataka,560833,"Flat 1198, Green Valley Apartments, Garden Lane, Housing Board",2023-05-07,premium,active,English,7,105406,bronze
CUST-00507,Preeti,Rawat,preeti.rawat71@webmail.example,+91 70003 89579,female,1988-02-08,Raipur,Chhattisgarh,492831,"17/5, Lotus Heights, Old Town Road, Extension",2023-05-10,premium,active,Hinglish,10,131438,bronze
CUST-00508,Amrutha,Ghosh,amrutha.ghosh85@netmail.example,+91 60005 22660,female,1995-06-16,Bengaluru,Karnataka,560764,"Flat 130, Skyline Arcade, Civil Lines Road, New Colony",2023-05-18,regular,active,English,2,7007,bronze
CUST-00509,Siddharth,Pawar,siddharth.pawar@netmail.example,+91 80001 85338,male,1986-05-19,Nagpur,Maharashtra,440800,"House No. 340, Pearl Towers, Station Road, Model Town",2023-05-18,regular,active,Marathi,3,19622,bronze
CUST-00510,Amrutha,Warrier,amrutha.warrier@netmail.example,+91 90001 46618,female,1993-09-04,Bengaluru,Karnataka,560713,"Flat 121, Green Valley Apartments, Nehru Nagar Main Road, Housing Board",2023-05-20,inactive,active,English,0,0,bronze
CUST-00511,Simran,Bajwa,simran.bajwa52@inbox.example,+91 90005 11377,female,1991-06-07,Lucknow,Uttar Pradesh,226031,"24/13, Maple Court, Garden Lane, Industrial Estate",2023-05-21,premium,suspended,Hindi,6,94519,gold
CUST-00512,Tejas,Joshi,tejas.joshi@mailbox.example,+91 90006 05906,male,1979-01-02,Mumbai,Maharashtra,400344,"Unit 67-D, Tulsi Garden, Industrial Area Road, Industrial Estate",2023-05-21,high_value,active,Marathi,10,366993,silver
CUST-00513,Anjana,Das,anjana.das@inbox.example,+91 90008 25583,female,1999-12-19,Bengaluru,Karnataka,560304,"56/10, Gokul Dham, College Road, West End",2023-05-26,premium,active,English,6,64413,bronze
CUST-00514,Swati,Singh,swati.singh@webmail.example,+91 90003 98062,female,1982-10-12,Warangal,Telangana,506180,"Flat 768, Mangal Darshan, Old Town Road, Industrial Estate",2023-05-31,premium,active,Telugu,4,93933,bronze
CUST-00515,Bhavna,Rawat,bhavna.rawat15@webmail.example,+91 80006 05027,female,1991-06-25,Indore,Madhya Pradesh,452493,"44/11, Gokul Dham, Canal Road, New Colony",2023-06-02,regular,active,Hinglish,2,3854,bronze
CUST-00516,Lakshmi,Venkatesan,lakshmi.venkatesan@netmail.example,+91 60002 93139,female,1984-07-06,Chennai,Tamil Nadu,600701,"Flat 102, Skyline Arcade, Nagar Road, Layout 3rd Stage",2023-06-03,premium,active,English,9,113954,silver
CUST-00517,Rashmi,Pillai,rashmi.pillai1780@mailbox.example,+91 90002 02715,female,1962-12-12,Nashik,Maharashtra,422088,"Flat 452, Tulsi Garden, Park Avenue, Opp. Public Library",2023-06-08,new,active,English,1,29379,bronze
CUST-00518,Yash,Singh,yash.singh@netmail.example,+91 60000 98040,male,1995-06-24,Hyderabad,Telangana,500512,"House No. 85, Gokul Dham, Market Cross Road, Block C",2023-06-08,premium,active,English,3,85074,bronze
CUST-00519,Nidhi,Tomar,nidhi.tomar@inbox.example,+91 60001 82907,female,2005-02-01,Lucknow,Uttar Pradesh,226368,"Unit 86-C, Emerald Park, Nehru Nagar Main Road, Housing Board",2023-06-10,new,active,English,1,3303,bronze
CUST-00520,Megha,Chowdary,megha.chowdary99@mailbox.example,+91 90002 31076,female,1992-06-01,Hyderabad,Telangana,500987,"48/1, Sunrise Residency, Garden Lane, Industrial Estate",2023-06-13,regular,active,Hinglish,3,38230,bronze
CUST-00521,Simran,Dutta,simran.dutta819@mailbox.example,+91 80008 15301,female,2002-01-05,Jaipur,Rajasthan,302191,"House No. 135, Skyline Arcade, MG Road, West End",2023-06-13,regular,active,Hinglish,2,22859,bronze
CUST-00522,Arjun,Bansal,arjun.bansal373@inbox.example,+91 90001 20360,male,1994-01-26,Chennai,Tamil Nadu,600386,"Flat 1197, Mangal Darshan, Old Town Road, Behind Bus Stand",2023-06-14,inactive,active,Tamil,0,0,bronze
CUST-00523,Arjun,Das,arjun.das1665@mailbox.example,+91 70009 79160,male,1993-01-15,Madurai,Tamil Nadu,625409,"Flat 610, Heritage Villas, Industrial Area Road, Opp. Public Library",2023-06-15,regular,active,English,7,35429,bronze
CUST-00524,Anika,Desai,anika.desai@inbox.example,+91 60002 46013,female,1994-02-11,Mumbai,Maharashtra,400363,"Unit 30-C, Skyline Arcade, Link Road, Block C",2023-06-18,inactive,active,Marathi,1,9753,silver
CUST-00525,Harleen,Jain,harleen.jain64@mailbox.example,+91 70007 92584,female,2004-12-07,Chandigarh,Chandigarh,160574,"Unit 66-B, Silver Oak Homes, Ring Road, Camp Area",2023-06-19,regular,active,English,4,17591,bronze
CUST-00526,Siddharth,Roy,siddharth.roy58@netmail.example,+91 60004 40367,male,1996-05-31,Guwahati,Assam,781190,"House No. 61, Blue Lagoon Residency, Industrial Area Road, Sector 14",2023-06-21,premium,active,Bengali,9,94926,silver
CUST-00527,Ankit,Srivastava,ankit.srivastava@mailbox.example,+91 70003 31216,male,1991-10-19,Noida,Uttar Pradesh,201515,"58/23, Emerald Park, 12th Main, Sector 14",2023-06-22,regular,active,Hinglish,2,10159,bronze
CUST-00528,Harpreet,Rathore,harpreet.rathore@inbox.example,+91 80004 54107,male,1987-04-12,Delhi,Delhi,110356,"Unit 97-C, Shanti Niwas, Garden Lane, Layout 3rd Stage",2023-06-23,regular,active,English,3,40212,bronze
CUST-00529,Karan,Chopra,karan.chopra644@webmail.example,+91 70000 85920,male,2005-04-19,Kolkata,West Bengal,700805,"Flat 386, Neelkanth CHS, Nagar Road, Extension",2023-06-24,regular,active,Bengali,3,52887,bronze
CUST-00530,Anjana,Patil,anjana.patil@mailbox.example,+91 90002 64244,female,1997-07-08,Thiruvananthapuram,Kerala,695285,"Flat 634, Silver Oak Homes, Station Road, Sector 14",2023-06-27,high_value,active,English,23,325491,platinum
CUST-00531,Shivam,Bansal,shivam.bansal571@webmail.example,+91 60002 44819,male,1992-04-04,Delhi,Delhi,110643,"Flat 416, Riverview Enclave, Ring Road, Camp Area",2023-06-28,high_value,active,English,6,319533,bronze
CUST-00532,Vikram,Rawat,vikram.rawat25@inbox.example,+91 70007 44845,male,1992-01-01,Gurugram,Haryana,122002,"Flat 687, Green Valley Apartments, Industrial Area Road, Near City Mall",2023-06-28,new,active,Hindi,1,1673,bronze
CUST-00533,Ayaan,Rathore,ayaan.rathore97@inbox.example,+91 90000 22639,male,2001-12-05,Coimbatore,Tamil Nadu,641321,"House No. 414, Palm Grove, 5th Cross, Near City Mall",2023-06-30,regular,active,English,2,14334,bronze
CUST-00534,Tanmay,Prasad,tanmay.prasad82@webmail.example,+91 90007 12964,male,2000-09-11,Hyderabad,Telangana,500165,"Unit 71-D, Shanti Niwas, 5th Cross, Near City Mall",2023-06-30,regular,active,English,6,53944,bronze
CUST-00535,Bhavna,Srivastava,bhavna.srivastava1985@netmail.example,+91 90003 20781,female,1997-10-19,Delhi,Delhi,110050,"33/3, Mangal Darshan, Park Avenue, Opp. Public Library",2023-07-04,regular,active,Hinglish,4,33366,bronze
CUST-00536,Isha,Venkatesan,isha.venkatesan@inbox.example,+91 90000 72039,female,1989-11-04,Chennai,Tamil Nadu,600450,"Flat 801, Celestial Apartments, Garden Lane, Industrial Estate",2023-07-05,high_value,active,Tamil,24,373052,gold
CUST-00537,Sandeep,Desai,sandeep.desai1891@mailbox.example,+91 70006 11838,male,1994-01-31,Ahmedabad,Gujarat,380557,"Flat 997, Palm Grove, Nagar Road, Camp Area",2023-07-09,new,active,Hinglish,1,3185,bronze
CUST-00538,Harleen,Saxena,harleen.saxena933@netmail.example,+91 60007 77411,female,2004-08-23,Delhi,Delhi,110690,"18/17, Celestial Apartments, Temple Street, Industrial Estate",2023-07-14,regular,active,Hindi,3,29545,bronze
CUST-00539,Neha,Jadhav,neha.jadhav1835@inbox.example,+91 60006 38092,female,1991-08-16,Nagpur,Maharashtra,440544,"House No. 34, Riverview Enclave, Garden Lane, Layout 3rd Stage",2023-07-14,high_value,active,English,24,591182,gold
CUST-00540,Isha,Sarkar,isha.sarkar@inbox.example,+91 80003 01149,female,1982-09-18,Bhubaneswar,Odisha,751366,"Flat 855, Tulsi Garden, Nagar Road, Layout 3rd Stage",2023-07-15,regular,active,Bengali,3,10932,bronze
CUST-00541,Nidhi,Sandhu,nidhi.sandhu@netmail.example,+91 90003 09614,female,1981-11-24,Faridabad,Haryana,121390,"54/27, Rose Meadows, Market Cross Road, Extension",2023-07-15,inactive,inactive,Hindi,9,129032,platinum
CUST-00542,Garima,Menon,garima.menon1416@mailbox.example,+91 90003 10215,female,1996-04-08,Delhi,Delhi,110689,"Unit 91-D, Palm Grove, Industrial Area Road, Block C",2023-07-16,regular,active,Hindi,2,11249,silver
CUST-00543,Ritu,Dubey,ritu.dubey@webmail.example,+91 90000 74960,female,1985-12-20,Gurugram,Haryana,122028,"43/8, Anand Vihar Society, Nagar Road, West End",2023-07-16,regular,active,Hindi,4,28959,bronze
CUST-00544,Vidya,Tiwari,vidya.tiwari13@netmail.example,+91 80002 75882,female,1987-05-22,Chennai,Tamil Nadu,600351,"Unit 25-B, Green Valley Apartments, Temple Street, Phase 2",2023-07-16,high_value,active,English,16,186659,silver
CUST-00545,Megha,Naidu,megha.naidu@inbox.example,+91 70004 77218,female,1995-12-14,Coimbatore,Tamil Nadu,641819,"House No. 168, Orchid Towers, Old Town Road, Layout 3rd Stage",2023-07-17,regular,active,English,3,13324,bronze
CUST-00546,Pallavi,Ali,pallavi.ali926@mailbox.example,+91 60002 70587,female,2001-02-28,Chennai,Tamil Nadu,600567,"42/5, Silver Oak Homes, Canal Road, Behind Bus Stand",2023-07-18,premium,active,English,5,91167,bronze
CUST-00547,Kavya,Mishra,kavya.mishra@netmail.example,+91 80005 43220,female,1991-07-12,Hyderabad,Telangana,500967,"Unit 20-B, Tulsi Garden, Old Town Road, Near City Mall",2023-07-20,premium,active,Telugu,10,73778,silver
CUST-00548,Payel,Dutta,payel.dutta@mailbox.example,+91 90003 65316,female,1977-08-09,Kolkata,West Bengal,700226,"House No. 196, Riverview Enclave, Old Town Road, New Colony",2023-08-04,regular,active,English,3,17695,bronze
CUST-00549,Athira,Kamath,athira.kamath92@webmail.example,+91 90006 72215,female,1992-01-08,Bengaluru,Karnataka,560993,"House No. 361, Palm Grove, Link Road, Housing Board",2023-08-05,high_value,active,English,14,285955,gold
CUST-00550,Karthik,Balaji,karthik.balaji1345@webmail.example,+91 70003 85978,male,2001-03-12,Chennai,Tamil Nadu,600764,"Unit 4-D, Rose Meadows, 5th Cross, Camp Area",2023-08-06,high_value,active,English,30,417991,gold
CUST-00551,Moumita,Kulkarni,moumita.kulkarni@mailbox.example,+91 80000 81763,female,1997-08-27,Kolkata,West Bengal,700754,"Flat 645, Ashiyana Complex, Old Town Road, Extension",2023-08-06,regular,active,Hindi,3,6707,bronze
CUST-00552,Sagar,Kapoor,sagar.kapoor762@netmail.example,+91 70004 19495,male,1986-09-27,Mumbai,Maharashtra,400617,"Flat 950, Sunrise Residency, College Road, Opp. Public Library",2023-08-06,new,active,Marathi,1,5493,bronze
CUST-00553,Varun,Khan,varun.khan1591@mailbox.example,+91 90000 85422,male,1987-11-23,Mumbai,Maharashtra,400870,"30/8, Mangal Darshan, Temple Street, New Colony",2023-08-06,high_value,active,Hindi,10,157495,bronze
CUST-00554,Abhilash,Mehta,abhilash.mehta59@mailbox.example,+91 70004 55719,male,1983-03-24,Kochi,Kerala,682404,"17/10, Riverview Enclave, 12th Main, Phase 2",2023-08-07,high_value,active,English,39,654380,platinum
CUST-00555,Sandeep,Vyas,sandeep.vyas78@netmail.example,+91 80001 40298,male,2001-01-20,Ahmedabad,Gujarat,380304,"14/12, Lotus Heights, Lake View Road, New Colony",2023-08-10,inactive,inactive,English,0,0,bronze
CUST-00556,Meera,Kulkarni,meera.kulkarni6@webmail.example,+91 70007 43185,female,1997-06-13,Nagpur,Maharashtra,440457,"House No. 407, Green Valley Apartments, Bypass Road, Extension",2023-08-12,high_value,active,Hindi,14,293838,gold
CUST-00557,Rahul,Parekh,rahul.parekh1630@netmail.example,+91 70001 54806,male,1993-03-26,Surat,Gujarat,395709,"House No. 446, Emerald Park, Industrial Area Road, Near City Mall",2023-08-14,high_value,active,Gujarati,22,289052,platinum
CUST-00558,Gokul,Chatterjee,gokul.chatterjee1822@inbox.example,+91 60005 24284,male,1990-05-04,Chennai,Tamil Nadu,600348,"Unit 80-A, Sai Krupa, Station Road, Camp Area",2023-08-16,inactive,active,English,3,8413,bronze
CUST-00559,Sandeep,Jain,sandeep.jain@netmail.example,+91 90002 78783,other,1981-12-28,Nagpur,Maharashtra,440425,"Unit 57-B, Skyline Arcade, Industrial Area Road, Block C",2023-08-16,high_value,active,Hindi,18,501265,silver
CUST-00560,Rakesh,Varghese,rakesh.varghese756@webmail.example,+91 70003 57364,male,1990-08-06,Hubballi,Karnataka,580229,"Unit 57-B, Sai Krupa, Garden Lane, Phase 2",2023-08-17,inactive,inactive,English,0,0,bronze
CUST-00561,Zoya,Shinde,zoya.shinde@webmail.example,+91 70007 37991,female,1986-04-09,Mumbai,Maharashtra,400990,"House No. 47, Palm Grove, Ring Road, Layout 3rd Stage",2023-08-17,inactive,active,Hindi,0,0,bronze
CUST-00562,Anuj,Shukla,anuj.shukla1250@inbox.example,+91 70004 69317,male,1980-03-16,Jaipur,Rajasthan,302538,"15/23, Sai Krupa, Civil Lines Road, Model Town",2023-08-18,new,active,Hindi,1,8040,bronze
CUST-00563,Isha,Mehta,isha.mehta@webmail.example,+91 90005 30098,female,2004-01-06,Delhi,Delhi,110821,"House No. 428, Lotus Heights, Nehru Nagar Main Road, Near City Mall",2023-08-18,inactive,active,English,0,0,bronze
CUST-00564,Tejas,Joshi,tejas.joshi1057@webmail.example,+91 90004 76413,male,1989-03-19,Pune,Maharashtra,411304,"Flat 907, Blue Lagoon Residency, Gandhi Marg, Near City Mall",2023-08-18,regular,active,Hinglish,8,38450,gold
CUST-00565,Mahesh,Shetty,mahesh.shetty1123@inbox.example,+91 90004 77491,male,1988-10-24,Thiruvananthapuram,Kerala,695594,"Unit 40-C, Neelkanth CHS, 12th Main, Housing Board",2023-08-19,inactive,inactive,English,2,76377,bronze
CUST-00566,Indranil,Kumar,indranil.kumar89@webmail.example,+91 60005 69407,male,1999-09-02,Howrah,West Bengal,711197,"Flat 1035, Gokul Dham, Market Cross Road, Extension",2023-08-24,regular,active,English,7,58441,silver
CUST-00567,Karan,Gupta,karan.gupta@webmail.example,+91 80008 35654,male,2003-12-26,Guwahati,Assam,781749,"Unit 90-C, Anand Vihar Society, Canal Road, Behind Bus Stand",2023-08-24,inactive,active,Bengali,0,0,bronze
CUST-00568,Shivam,Patel,shivam.patel399@inbox.example,+91 90008 97134,male,1976-02-02,Indore,Madhya Pradesh,452222,"1/19, Neelkanth CHS, Link Road, Model Town",2023-08-24,new,active,Hinglish,1,7669,bronze
CUST-00569,Gokul,Gupta,gokul.gupta@netmail.example,+91 90002 56825,male,2005-02-23,Chennai,Tamil Nadu,600821,"11/30, Emerald Park, Bypass Road, Layout 3rd Stage",2023-08-27,premium,active,Tamil,3,119001,bronze
CUST-00570,Reyansh,Verma,reyansh.verma@netmail.example,+91 80004 76177,male,1991-06-13,Bengaluru,Karnataka,560706,"House No. 189, Mangal Darshan, Old Town Road, Industrial Estate",2023-08-29,high_value,active,English,12,154521,silver
CUST-00571,Varun,Mukherjee,varun.mukherjee619@netmail.example,+91 70005 10600,male,1993-04-12,Jaipur,Rajasthan,302785,"Flat 247, Blue Lagoon Residency, Lake View Road, Housing Board",2023-08-30,high_value,active,English,26,364373,platinum
CUST-00572,Aarav,Kumar,aarav.kumar1391@netmail.example,+91 90006 36851,male,1987-12-31,Bengaluru,Karnataka,560651,"House No. 468, Pearl Towers, Old Town Road, New Colony",2023-08-31,high_value,active,English,17,470327,gold
CUST-00573,Gaurav,Chopra,gaurav.chopra@inbox.example,+91 70007 66144,male,1995-11-24,Bengaluru,Karnataka,560671,"Unit 63-A, Gokul Dham, Temple Street, Layout 3rd Stage",2023-09-01,regular,active,Hinglish,2,18073,bronze
CUST-00574,Ananya,Murugan,ananya.murugan@mailbox.example,+91 60001 67017,female,1995-08-12,Coimbatore,Tamil Nadu,641054,"Unit 5-D, Anand Vihar Society, Ring Road, New Colony",2023-09-08,new,active,English,1,8307,bronze
CUST-00575,Chinmay,Kulkarni,chinmay.kulkarni@inbox.example,+91 80005 05022,male,1996-03-06,Pune,Maharashtra,411479,"House No. 51, Celestial Apartments, Lake View Road, Opp. Public Library",2023-09-10,regular,active,Hinglish,3,31323,bronze
CUST-00576,Nidhi,Sen,nidhi.sen@inbox.example,+91 60003 79655,female,1981-01-10,Ranchi,Jharkhand,834064,"Flat 1062, Green Valley Apartments, Nagar Road, Opp. Public Library",2023-09-11,premium,active,Hindi,13,145722,gold
CUST-00577,Diya,Chopra,diya.chopra@mailbox.example,+91 90006 43112,female,1999-02-14,Chennai,Tamil Nadu,600909,"Flat 1106, Anand Vihar Society, Garden Lane, Camp Area",2023-09-12,new,active,English,1,0,bronze
CUST-00578,Gaurav,Singh,gaurav.singh@webmail.example,+91 60001 84830,male,1991-07-09,Bengaluru,Karnataka,560282,"Unit 74-B, Lotus Heights, Garden Lane, Model Town",2023-09-13,high_value,active,English,12,200499,bronze
CUST-00579,Nirali,Vyas,nirali.vyas31@mailbox.example,+91 70009 72833,female,1992-06-17,Ahmedabad,Gujarat,380393,"Flat 470, Silver Oak Homes, Temple Street, New Colony",2023-09-13,inactive,inactive,English,0,0,bronze
CUST-00580,Tanmay,Hegde,tanmay.hegde67@inbox.example,+91 90000 16738,male,1974-02-18,Bengaluru,Karnataka,560110,"8/5, Gokul Dham, Link Road, Camp Area",2023-09-13,premium,active,English,8,84371,silver
CUST-00581,Aditya,Dsouza,aditya.dsouza1705@webmail.example,+91 70007 11658,male,1978-05-04,Chennai,Tamil Nadu,600140,"Unit 51-D, Maple Court, 12th Main, Housing Board",2023-09-15,regular,active,English,3,21841,bronze
CUST-00582,Divya,Dubey,divya.dubey@mailbox.example,+91 80009 30084,female,1987-10-13,Gurugram,Haryana,122482,"2/6, Mangal Darshan, Link Road, Camp Area",2023-09-15,high_value,active,Hinglish,9,270352,silver
CUST-00583,Sneha,Singh,sneha.singh17@mailbox.example,+91 80007 23410,female,1988-10-27,Coimbatore,Tamil Nadu,641775,"Flat 102, Neelkanth CHS, Station Road, Behind Bus Stand",2023-09-17,regular,active,Tamil,3,16560,bronze
CUST-00584,Deepa,Krishnan,deepa.krishnan1805@netmail.example,+91 80004 62059,female,1997-09-07,Chennai,Tamil Nadu,600912,"House No. 71, Green Valley Apartments, Link Road, Near City Mall",2023-09-19,inactive,active,English,0,0,bronze
CUST-00585,Jyoti,More,jyoti.more@mailbox.example,+91 60000 75157,female,1990-08-07,Pune,Maharashtra,411827,"Unit 2-A, Orchid Towers, Civil Lines Road, Industrial Estate",2023-09-20,premium,active,Marathi,6,120087,bronze
CUST-00586,Mayank,Bajwa,mayank.bajwa695@mailbox.example,+91 80003 83616,male,1999-02-06,Lucknow,Uttar Pradesh,226674,"Unit 98-D, Green Valley Apartments, 12th Main, Extension",2023-09-20,regular,active,English,4,42131,bronze
CUST-00587,Prasanna,Hegde,prasanna.hegde47@webmail.example,+91 70006 19085,male,1994-03-22,Thiruvananthapuram,Kerala,695834,"Flat 663, Shanti Niwas, Gandhi Marg, West End",2023-09-20,new,active,English,1,29179,bronze
CUST-00588,Arjun,Mishra,arjun.mishra55@webmail.example,+91 70001 18539,male,1997-01-18,Kolkata,West Bengal,700910,"Unit 76-D, Anand Vihar Society, Bypass Road, New Colony",2023-09-26,high_value,active,English,3,196466,bronze
CUST-00589,Arnab,Ganguly,arnab.ganguly375@mailbox.example,+91 80002 86069,male,1991-09-09,Kolkata,West Bengal,700654,"Unit 98-D, Lotus Heights, Old Town Road, West End",2023-09-26,high_value,active,Bengali,24,649025,gold
CUST-00590,Ankit,Rawat,ankit.rawat1206@inbox.example,+91 60004 18993,male,1976-03-09,Kanpur,Uttar Pradesh,208506,"Flat 711, Emerald Park, Gandhi Marg, Model Town",2023-09-28,high_value,active,Hindi,11,269980,silver
CUST-00591,Tara,Srivastava,tara.srivastava@netmail.example,+91 80001 17792,female,1983-07-10,Patna,Bihar,800315,"Unit 61-B, Gokul Dham, Market Cross Road, West End",2023-09-28,regular,active,Hindi,2,26626,bronze
CUST-00592,Preeti,Negi,preeti.negi@inbox.example,+91 90001 30980,female,1988-09-19,Gurugram,Haryana,122000,"Flat 1193, Sai Krupa, Lake View Road, Model Town",2023-09-30,regular,active,Hinglish,3,43728,bronze
CUST-00593,Karthik,Sundaram,karthik.sundaram@mailbox.example,+91 90008 72809,male,2005-01-01,Chennai,Tamil Nadu,600409,"17/9, Palm Grove, MG Road, Phase 2",2023-10-01,regular,active,English,2,41386,bronze
CUST-00594,Rahul,Mehta,rahul.mehta@netmail.example,+91 90004 99097,male,1985-05-29,Vadodara,Gujarat,390032,"3/19, Jasmine Heights, 5th Cross, Model Town",2023-10-01,new,active,Gujarati,1,89679,bronze
CUST-00595,Tanmoy,Pandey,tanmoy.pandey1271@webmail.example,+91 60002 00952,male,1999-04-23,Howrah,West Bengal,711978,"House No. 283, Emerald Park, Ring Road, Camp Area",2023-10-02,regular,active,English,4,10477,bronze
CUST-00596,Harish,Kulkarni,harish.kulkarni@webmail.example,+91 70008 56036,male,1990-11-12,Coimbatore,Tamil Nadu,641485,"House No. 219, Silver Oak Homes, Ring Road, West End",2023-10-03,premium,active,Tamil,6,74401,silver
CUST-00597,Riya,Sarkar,riya.sarkar24@webmail.example,+91 70006 77700,female,1993-06-28,Kolkata,West Bengal,700308,"28/22, Skyline Arcade, College Road, Layout 3rd Stage",2023-10-03,inactive,inactive,Hindi,0,0,bronze
CUST-00598,Jaspreet,Sen,jaspreet.sen30@mailbox.example,+91 90004 04320,male,2002-10-13,Dehradun,Uttarakhand,248975,"Flat 710, Ashiyana Complex, Lake View Road, Industrial Estate",2023-10-11,high_value,active,Hinglish,5,237899,bronze
CUST-00599,Nilesh,More,nilesh.more@mailbox.example,+91 60004 13701,male,2001-04-13,Mumbai,Maharashtra,400818,"Flat 469, Silver Oak Homes, Garden Lane, Model Town",2023-10-11,new,active,English,1,258,bronze
CUST-00600,Isha,Dubey,isha.dubey@webmail.example,+91 60004 39592,female,1987-04-07,Jaipur,Rajasthan,302269,"Unit 20-B, Rose Meadows, Garden Lane, Industrial Estate",2023-10-12,premium,active,English,12,59031,gold
CUST-00601,Omkar,Rao,omkar.rao63@inbox.example,+91 70008 74535,male,1994-08-11,Pune,Maharashtra,411289,"Unit 53-D, Gokul Dham, Nehru Nagar Main Road, Opp. Public Library",2023-10-12,premium,active,Hinglish,4,112922,bronze
CUST-00602,Debashish,Tiwari,debashish.tiwari@webmail.example,+91 90007 66466,male,1994-08-15,Kolkata,West Bengal,700697,"Flat 1005, Emerald Park, Temple Street, Layout 3rd Stage",2023-10-13,high_value,active,Bengali,20,185770,platinum
CUST-00603,Manasi,Shinde,manasi.shinde@mailbox.example,+91 80007 63345,female,2000-10-27,Nagpur,Maharashtra,440528,"Flat 776, Green Valley Apartments, Industrial Area Road, Phase 2",2023-10-13,regular,active,Hindi,4,46327,silver
CUST-00604,Parth,Gupta,parth.gupta84@inbox.example,+91 60006 24954,male,1991-04-07,Ahmedabad,Gujarat,380233,"Unit 57-C, Silver Oak Homes, Canal Road, Layout 3rd Stage",2023-10-21,new,active,English,1,0,bronze
CUST-00605,Prathamesh,Kale,prathamesh.kale82@mailbox.example,+91 90003 91795,male,2001-04-16,Mumbai,Maharashtra,400093,"House No. 6, Palm Grove, Market Cross Road, Housing Board",2023-10-23,inactive,active,Hinglish,0,0,bronze
CUST-00606,Jyoti,Sharma,jyoti.sharma90@webmail.example,+91 70008 51775,female,1998-12-15,Siliguri,West Bengal,734847,"14/25, Green Valley Apartments, Bypass Road, Housing Board",2023-10-24,regular,active,English,4,39266,bronze
CUST-00607,Saanvi,Solanki,saanvi.solanki@netmail.example,+91 60005 58607,female,2004-11-21,Rajkot,Gujarat,360080,"Flat 606, Emerald Park, 12th Main, West End",2023-10-25,high_value,active,Gujarati,18,183480,silver
CUST-00608,Tara,Arora,tara.arora23@inbox.example,+91 60009 17103,female,1982-10-12,Pune,Maharashtra,411909,"Unit 77-D, Blue Lagoon Residency, Civil Lines Road, Opp. Public Library",2023-10-25,regular,active,Marathi,4,29796,bronze
CUST-00609,Diya,Tomar,diya.tomar68@inbox.example,+91 70000 51671,female,2003-05-03,Patna,Bihar,800131,"Flat 493, Rose Meadows, MG Road, Sector 14",2023-10-26,new,active,Hindi,1,110694,bronze
CUST-00610,Ananya,Warrier,ananya.warrier397@mailbox.example,+91 70006 82544,female,1983-06-12,Mysuru,Karnataka,570669,"Flat 962, Orchid Towers, College Road, Housing Board",2023-10-29,inactive,active,English,1,27081,bronze
CUST-00611,Anika,Sen,anika.sen21@webmail.example,+91 90009 08579,female,1983-12-25,Jaipur,Rajasthan,302817,"Flat 886, Emerald Park, 5th Cross, Model Town",2023-10-31,inactive,active,Hinglish,0,0,bronze
CUST-00612,Kunal,Negi,kunal.negi908@netmail.example,+91 60006 51373,male,1986-09-24,Noida,Uttar Pradesh,201273,"Flat 851, Blue Lagoon Residency, Civil Lines Road, Layout 3rd Stage",2023-11-01,regular,active,Hindi,3,23298,bronze
CUST-00613,Kavya,Srivastava,kavya.srivastava@webmail.example,+91 60007 56759,female,1989-04-30,Delhi,Delhi,110869,"Flat 389, Maple Court, Civil Lines Road, Model Town",2023-11-03,premium,active,Hindi,4,96216,bronze
CUST-00614,Srinivas,Ghosh,srinivas.ghosh407@netmail.example,+91 60005 21585,male,1994-04-17,Hyderabad,Telangana,500077,"58/30, Tulsi Garden, Old Town Road, Behind Bus Stand",2023-11-03,regular,active,English,2,22084,bronze
CUST-00615,Vihaan,Kale,vihaan.kale@mailbox.example,+91 60004 59280,other,2005-06-07,Nagpur,Maharashtra,440115,"Unit 90-D, Tulsi Garden, Nagar Road, West End",2023-11-05,premium,active,English,3,61966,bronze
CUST-00616,Karan,Rawat,karan.rawat39@mailbox.example,+91 60000 22909,male,1987-07-26,Delhi,Delhi,110376,"House No. 249, Emerald Park, Industrial Area Road, Phase 2",2023-11-06,inactive,inactive,English,0,0,bronze
CUST-00617,Aarav,Parekh,aarav.parekh@mailbox.example,+91 60009 76962,male,2001-04-18,Ahmedabad,Gujarat,380025,"59/5, Jasmine Heights, Gandhi Marg, New Colony",2023-11-07,regular,active,Hindi,3,1165,bronze
CUST-00618,Kiran,Khanna,kiran.khanna@netmail.example,+91 60007 82855,male,1993-09-03,Hyderabad,Telangana,500511,"House No. 423, Sunrise Residency, Temple Street, Industrial Estate",2023-11-08,regular,active,Telugu,4,13953,bronze
CUST-00619,Simran,Mukherjee,simran.mukherjee@mailbox.example,+91 90002 14781,female,2004-11-14,Noida,Uttar Pradesh,201864,"Unit 13-C, Tulsi Garden, Temple Street, Industrial Estate",2023-11-09,inactive,active,Hindi,1,14749,bronze
CUST-00620,Ekta,Bose,ekta.bose74@mailbox.example,+91 90005 51173,female,1979-03-10,Delhi,Delhi,110870,"Flat 1132, Maple Court, Lake View Road, Camp Area",2023-11-10,regular,active,Hinglish,3,28952,bronze
CUST-00621,Komal,Bajwa,komal.bajwa@netmail.example,+91 60005 30489,female,1987-08-04,Bhopal,Madhya Pradesh,462971,"Unit 99-B, Maple Court, Canal Road, Camp Area",2023-11-13,inactive,active,English,0,0,bronze
CUST-00622,Raju,Mukherjee,raju.mukherjee21@inbox.example,+91 60003 65539,male,1989-06-06,Hyderabad,Telangana,500439,"10/18, Blue Lagoon Residency, 12th Main, Housing Board",2023-11-15,inactive,active,Telugu,0,0,bronze
CUST-00623,Mayank,Gill,mayank.gill@inbox.example,+91 90004 16557,male,1989-08-02,Delhi,Delhi,110158,"House No. 357, Mangal Darshan, Lake View Road, Opp. Public Library",2023-11-22,new,active,English,1,13593,bronze
CUST-00624,Onkar,Gaikwad,onkar.gaikwad@mailbox.example,+91 90004 92729,male,1991-03-09,Mumbai,Maharashtra,400498,"18/5, Riverview Enclave, Park Avenue, Sector 14",2023-11-23,inactive,active,Hindi,0,0,bronze
CUST-00625,Ramesh,Sastry,ramesh.sastry@mailbox.example,+91 70000 11824,male,1986-12-03,Hyderabad,Telangana,500193,"Flat 614, Gokul Dham, Park Avenue, Extension",2023-11-23,premium,active,English,5,70347,bronze
CUST-00626,Pranav,Bhat,pranav.bhat869@mailbox.example,+91 90005 57459,male,1990-06-21,Bengaluru,Karnataka,560110,"House No. 280, Pearl Towers, Gandhi Marg, Camp Area",2023-11-29,regular,active,English,2,3539,bronze
CUST-00627,Tanmay,Mondal,tanmay.mondal1627@netmail.example,+91 90001 52850,male,1990-05-04,Kolkata,West Bengal,700948,"House No. 286, Jasmine Heights, MG Road, Sector 14",2023-12-02,new,active,English,2,0,bronze
CUST-00628,Harsh,Patil,harsh.patil7@netmail.example,+91 90005 32706,male,1993-08-17,Noida,Uttar Pradesh,201658,"Unit 71-D, Sai Krupa, Lake View Road, Layout 3rd Stage",2023-12-03,inactive,suspended,Hinglish,0,0,bronze
CUST-00629,Rohan,Bansal,rohan.bansal99@netmail.example,+91 60002 01191,male,1977-06-14,Chandigarh,Chandigarh,160736,"Unit 22-A, Blue Lagoon Residency, Industrial Area Road, Camp Area",2023-12-03,regular,active,English,2,11603,bronze
CUST-00630,Swati,Kulkarni,swati.kulkarni@mailbox.example,+91 70006 33909,female,1979-09-06,Madurai,Tamil Nadu,625385,"House No. 119, Emerald Park, College Road, Housing Board",2023-12-03,regular,active,English,3,26097,bronze
CUST-00631,Varun,Bhattacharya,varun.bhattacharya@webmail.example,+91 90005 72624,male,1980-06-23,Howrah,West Bengal,711870,"House No. 276, Mangal Darshan, Civil Lines Road, West End",2023-12-04,inactive,active,Bengali,0,0,bronze
CUST-00632,Suraj,Chatterjee,suraj.chatterjee@webmail.example,+91 70002 05627,male,1983-06-01,Bengaluru,Karnataka,560411,"House No. 79, Sunrise Residency, Bypass Road, Near City Mall",2023-12-06,regular,active,Hinglish,2,15971,bronze
CUST-00633,Tejas,Joshi,tejas.joshi36@inbox.example,+91 80005 21676,male,1973-01-11,Mumbai,Maharashtra,400200,"Flat 737, Maple Court, Ring Road, Camp Area",2023-12-06,inactive,active,Hindi,0,0,bronze
CUST-00634,Sakshi,Srivastava,sakshi.srivastava@webmail.example,+91 80004 56077,female,1983-03-11,Delhi,Delhi,110825,"Flat 1022, Tulsi Garden, Old Town Road, New Colony",2023-12-07,premium,active,Hinglish,7,120688,bronze
CUST-00635,Anjali,Joshi,anjali.joshi@webmail.example,+91 70004 19265,female,2000-04-16,Delhi,Delhi,110269,"Unit 68-D, Riverview Enclave, Bypass Road, Block C",2023-12-09,regular,active,English,4,11117,bronze
CUST-00636,Kavya,Bhatia,kavya.bhatia@netmail.example,+91 60003 20780,female,1996-02-07,Lucknow,Uttar Pradesh,226827,"House No. 345, Neelkanth CHS, 5th Cross, West End",2023-12-10,inactive,inactive,English,0,0,bronze
CUST-00637,Tanmay,Bajwa,tanmay.bajwa1168@netmail.example,+91 70000 18080,other,1999-10-20,Kanpur,Uttar Pradesh,208382,"23/30, Blue Lagoon Residency, 5th Cross, Model Town",2023-12-10,premium,active,English,10,113402,silver
CUST-00638,Aadhya,Mehta,aadhya.mehta8@netmail.example,+91 80006 38507,female,1978-08-02,Ahmedabad,Gujarat,380917,"21/23, Lotus Heights, Nagar Road, Layout 3rd Stage",2023-12-11,regular,active,Gujarati,5,28971,bronze
CUST-00639,Ekta,Negi,ekta.negi1333@netmail.example,+91 80002 16395,female,2004-01-31,Delhi,Delhi,110513,"29/22, Emerald Park, Canal Road, Layout 3rd Stage",2023-12-12,inactive,suspended,Hindi,0,0,bronze
CUST-00640,Nisha,Kulkarni,nisha.kulkarni@inbox.example,+91 90005 54790,female,2002-10-01,Chennai,Tamil Nadu,600105,"Unit 34-B, Heritage Villas, Nagar Road, Industrial Estate",2023-12-12,premium,active,Tamil,2,124324,bronze
CUST-00641,Harsh,Dhillon,harsh.dhillon@inbox.example,+91 70001 64984,male,1997-01-19,Bhopal,Madhya Pradesh,462393,"Unit 69-C, Sai Krupa, Bypass Road, Industrial Estate",2023-12-13,inactive,active,English,1,8685,bronze
CUST-00642,Nikhil,Malhotra,nikhil.malhotra@webmail.example,+91 60005 75500,male,1999-06-29,Delhi,Delhi,110871,"House No. 18, Heritage Villas, Station Road, Model Town",2023-12-15,regular,active,Hinglish,2,40589,bronze
CUST-00643,Rohan,Chandran,rohan.chandran@webmail.example,+91 70005 40617,male,1983-05-14,Coimbatore,Tamil Nadu,641582,"44/3, Skyline Arcade, Civil Lines Road, Phase 2",2023-12-16,inactive,active,English,0,0,bronze
CUST-00644,Aishwarya,Malhotra,aishwarya.malhotra67@inbox.example,+91 90001 31544,female,1995-03-22,Mumbai,Maharashtra,400054,"Unit 81-C, Mangal Darshan, MG Road, Housing Board",2023-12-20,high_value,active,Hinglish,11,486094,silver
CUST-00645,Omkar,Jadhav,omkar.jadhav73@webmail.example,+91 70006 78001,male,1995-11-25,Mumbai,Maharashtra,400538,"Unit 13-C, Emerald Park, Lake View Road, Phase 2",2023-12-28,regular,active,Hindi,7,53750,silver
CUST-00646,Harsh,Joshi,harsh.joshi@netmail.example,+91 60005 00272,male,1996-10-30,Indore,Madhya Pradesh,452453,"23/30, Pearl Towers, Ring Road, Block C",2023-12-30,inactive,inactive,Hinglish,0,0,silver
CUST-00647,Kabir,Nandi,kabir.nandi27@inbox.example,+91 70000 51946,male,1985-09-02,Kolkata,West Bengal,700674,"35/15, Palm Grove, Gandhi Marg, Block C",2024-01-01,regular,active,English,3,19380,silver
CUST-00648,Pallavi,Reddy,pallavi.reddy960@inbox.example,+91 90005 21359,female,1978-06-29,Delhi,Delhi,110674,"34/29, Silver Oak Homes, 12th Main, New Colony",2024-01-02,inactive,active,Hindi,0,0,bronze
CUST-00649,Chaitra,Nambiar,chaitra.nambiar11@inbox.example,+91 80003 51951,female,1994-05-27,Bengaluru,Karnataka,560625,"Unit 82-B, Palm Grove, Garden Lane, Extension",2024-01-04,new,active,English,1,76789,bronze
CUST-00650,Sandeep,Patel,sandeep.patel@netmail.example,+91 70008 49179,male,1986-09-22,Kochi,Kerala,682948,"House No. 41, Heritage Villas, Canal Road, Near City Mall",2024-01-04,regular,active,English,3,56597,bronze
CUST-00651,Venkat,Mukherjee,venkat.mukherjee74@netmail.example,+91 70000 35838,male,1980-03-27,Hyderabad,Telangana,500141,"House No. 443, Maple Court, Old Town Road, Model Town",2024-01-09,premium,active,English,7,136137,bronze
CUST-00652,Harish,Natarajan,harish.natarajan1570@inbox.example,+91 60003 94558,male,1992-06-09,Chennai,Tamil Nadu,600775,"House No. 117, Neelkanth CHS, Lake View Road, Opp. Public Library",2024-01-12,regular,active,English,5,37364,bronze
CUST-00653,Rajesh,Joshi,rajesh.joshi80@netmail.example,+91 70006 65880,male,1991-07-08,Mumbai,Maharashtra,400125,"Unit 94-D, Pearl Towers, Garden Lane, Near City Mall",2024-01-12,inactive,active,Hindi,1,0,bronze
CUST-00654,Ankit,Warrier,ankit.warrier1118@inbox.example,+91 90007 09232,male,1991-04-18,Kochi,Kerala,682388,"Flat 907, Maple Court, Old Town Road, Layout 3rd Stage",2024-01-13,inactive,active,English,0,0,bronze
CUST-00655,Vihaan,Rao,vihaan.rao@mailbox.example,+91 60001 58304,male,1995-10-24,Siliguri,West Bengal,734378,"Unit 29-A, Orchid Towers, Temple Street, Opp. Public Library",2024-01-13,inactive,active,Bengali,0,0,bronze
CUST-00656,Bhavna,Iyer,bhavna.iyer523@mailbox.example,+91 70006 32722,female,1995-10-24,Noida,Uttar Pradesh,201751,"25/30, Green Valley Apartments, Industrial Area Road, Sector 14",2024-01-16,regular,active,Hinglish,4,39996,bronze
CUST-00657,Karthik,Murugan,karthik.murugan1659@inbox.example,+91 70005 20385,male,1988-07-28,Chennai,Tamil Nadu,600628,"Flat 268, Maple Court, Old Town Road, Camp Area",2024-01-22,regular,active,Tamil,8,59892,silver
CUST-00658,Vikram,Pillai,vikram.pillai27@inbox.example,+91 70003 27618,male,1995-11-12,Hyderabad,Telangana,500795,"17/8, Green Valley Apartments, Canal Road, Behind Bus Stand",2024-01-23,high_value,active,English,15,255944,gold
CUST-00659,Divya,Mondal,divya.mondal819@inbox.example,+91 70006 42334,female,1986-10-02,Kolkata,West Bengal,700353,"Flat 1143, Sunrise Residency, Nagar Road, Block C",2024-01-24,new,active,Bengali,1,868,bronze
CUST-00660,Neha,Varghese,neha.varghese@netmail.example,+91 70002 18645,female,1985-01-13,Kochi,Kerala,682229,"59/23, Blue Lagoon Residency, Ring Road, Layout 3rd Stage",2024-01-24,inactive,inactive,English,0,0,bronze
CUST-00661,Diya,Khanna,diya.khanna@inbox.example,+91 80008 84558,female,1997-01-22,Delhi,Delhi,110092,"House No. 165, Silver Oak Homes, Bypass Road, Housing Board",2024-01-30,inactive,inactive,Hinglish,0,0,bronze
CUST-00662,Suresh,Warrier,suresh.warrier1736@netmail.example,+91 80006 34427,male,1984-05-02,Bengaluru,Karnataka,560388,"House No. 204, Pearl Towers, Park Avenue, Opp. Public Library",2024-02-03,high_value,active,English,3,188044,bronze
CUST-00663,Bhavesh,Dutta,bhavesh.dutta1860@webmail.example,+91 80000 68909,male,2001-03-08,Rajkot,Gujarat,360647,"Flat 122, Emerald Park, Industrial Area Road, Opp. Public Library",2024-02-06,new,active,Gujarati,1,1945,bronze
CUST-00664,Gauri,Kale,gauri4702.kale@netmail.example,+91 80003 82372,female,2004-02-28,Pune,Maharashtra,411713,"Unit 60-A, Skyline Arcade, MG Road, Model Town",2024-02-06,inactive,active,Hindi,3,19671,bronze
CUST-00665,Swati,Sharma,swati.sharma@webmail.example,+91 80000 59208,female,1989-07-30,Madurai,Tamil Nadu,625199,"House No. 384, Mangal Darshan, Temple Street, Camp Area",2024-02-06,regular,active,English,5,23240,bronze
CUST-00666,Saanvi,Agarwal,saanvi.agarwal@mailbox.example,+91 70004 90579,female,1983-11-29,Vadodara,Gujarat,390452,"Unit 65-C, Emerald Park, Station Road, Housing Board",2024-02-07,high_value,active,Gujarati,12,235196,silver
CUST-00667,Vishnu,Dsouza,vishnu.dsouza786@netmail.example,+91 70007 56590,male,1985-01-15,Bengaluru,Karnataka,560971,"Unit 14-A, Green Valley Apartments, Old Town Road, Opp. Public Library",2024-02-09,regular,active,English,4,56447,bronze
CUST-00668,Rajesh,Banerjee,rajesh.banerjee@mailbox.example,+91 90003 14202,male,1998-02-01,Kolkata,West Bengal,700792,"45/26, Shanti Niwas, Market Cross Road, Near City Mall",2024-02-11,regular,active,Bengali,5,18196,bronze
CUST-00669,Anoop,Pandey,anoop.pandey97@netmail.example,+91 60000 73826,male,1993-02-22,Hubballi,Karnataka,580689,"Unit 98-B, Emerald Park, Nagar Road, Industrial Estate",2024-02-12,high_value,active,English,31,587224,gold
CUST-00670,Aditya,Raju,aditya.raju@inbox.example,+91 90009 17930,male,1979-03-07,Hyderabad,Telangana,500799,"Unit 95-C, Celestial Apartments, Nagar Road, Industrial Estate",2024-02-14,premium,active,English,8,131968,silver
CUST-00671,Varun,Babu,varun.babu75@webmail.example,+91 90000 27974,male,1983-03-10,Vijayawada,Andhra Pradesh,520821,"Flat 654, Green Valley Apartments, Garden Lane, Model Town",2024-02-19,regular,active,English,2,630,bronze
CUST-00672,Bhavani,Goud,bhavani.goud1660@netmail.example,+91 90002 09718,female,2004-01-09,Hyderabad,Telangana,500520,"Unit 82-A, Riverview Enclave, Market Cross Road, Phase 2",2024-02-20,high_value,active,English,7,169621,silver
CUST-00673,Chaitra,Kapoor,chaitra.kapoor@mailbox.example,+91 60003 56684,female,1984-02-28,Kochi,Kerala,682199,"House No. 45, Sai Krupa, Nagar Road, Near City Mall",2024-02-22,high_value,active,English,4,270824,bronze
CUST-00674,Gurpreet,Bajwa,gurpreet.bajwa@mailbox.example,+91 70003 51797,male,2002-10-25,Jaipur,Rajasthan,302702,"Flat 167, Blue Lagoon Residency, Gandhi Marg, Near City Mall",2024-02-23,inactive,active,Hindi,0,0,bronze
CUST-00675,Isha,Ahmed,isha.ahmed@webmail.example,+91 60000 74502,female,1989-05-22,Pune,Maharashtra,411115,"Flat 549, Sunrise Residency, Market Cross Road, Model Town",2024-02-24,premium,active,English,6,109349,bronze
CUST-00676,Sreejith,Shah,sreejith.shah@inbox.example,+91 90001 73998,male,1990-10-10,Bengaluru,Karnataka,560182,"House No. 314, Silver Oak Homes, Market Cross Road, Extension",2024-02-25,high_value,active,English,3,358127,bronze
CUST-00677,Lakshay,Mukherjee,lakshay.mukherjee76@netmail.example,+91 90005 49494,male,1991-12-28,Ludhiana,Punjab,141396,"Unit 46-B, Rose Meadows, Park Avenue, Opp. Public Library",2024-02-26,regular,active,English,2,33022,bronze
CUST-00678,Abirami,Sundaram,abirami.sundaram@webmail.example,+91 70007 48291,female,1996-08-28,Coimbatore,Tamil Nadu,641571,"House No. 320, Tulsi Garden, Station Road, Phase 2",2024-02-27,high_value,active,English,16,268061,gold
CUST-00679,Diya,Sethi,diya.sethi@webmail.example,+91 70008 89464,female,1997-06-19,Mumbai,Maharashtra,400212,"Flat 893, Anand Vihar Society, Civil Lines Road, Opp. Public Library",2024-02-27,new,active,Hindi,1,6135,bronze
CUST-00680,Rahul,Patel,rahul.patel40@mailbox.example,+91 70001 50672,male,1995-05-11,Ahmedabad,Gujarat,380140,"12/24, Lotus Heights, Industrial Area Road, Near City Mall",2024-03-02,regular,active,English,5,29495,bronze
CUST-00681,Rajesh,Varghese,rajesh.varghese@inbox.example,+91 60003 10844,male,1982-06-07,Bengaluru,Karnataka,560475,"Flat 279, Heritage Villas, Garden Lane, Industrial Estate",2024-03-04,inactive,active,English,0,0,bronze
CUST-00682,Preeti,Gill,preeti.gill@inbox.example,+91 90000 76699,female,1997-02-15,Patna,Bihar,800188,"24/29, Blue Lagoon Residency, Lake View Road, New Colony",2024-03-07,inactive,suspended,Hinglish,0,0,bronze
CUST-00683,Preeti,Verma,preeti.verma@mailbox.example,+91 60008 31092,female,2003-06-08,Kanpur,Uttar Pradesh,208760,"21/21, Neelkanth CHS, Market Cross Road, Opp. Public Library",2024-03-07,premium,active,English,2,91222,bronze
CUST-00684,Ankit,Sharma,ankit.sharma1016@webmail.example,+91 90008 58259,male,2004-06-03,Mysuru,Karnataka,570978,"20/3, Ashiyana Complex, Station Road, Extension",2024-03-08,premium,active,English,7,87677,silver
CUST-00685,Khushboo,Trivedi,khushboo.trivedi80@webmail.example,+91 90000 82866,female,1982-10-08,Vadodara,Gujarat,390656,"House No. 436, Pearl Towers, Garden Lane, Phase 2",2024-03-08,regular,active,Gujarati,3,51853,bronze
CUST-00686,Pallavi,Zaveri,pallavi.zaveri55@netmail.example,+91 90009 40842,female,1994-08-07,Ahmedabad,Gujarat,380380,"17/29, Skyline Arcade, MG Road, West End",2024-03-08,regular,active,Hindi,2,3676,bronze
CUST-00687,Pavan,Goud,pavan.goud@webmail.example,+91 80006 97230,male,1994-02-08,Vijayawada,Andhra Pradesh,520651,"Unit 94-C, Jasmine Heights, MG Road, Near City Mall",2024-03-08,regular,active,English,8,45823,bronze
CUST-00688,Anuj,Bajwa,anuj.bajwa@netmail.example,+91 90001 34184,male,1990-02-10,Patna,Bihar,800816,"House No. 229, Blue Lagoon Residency, Ring Road, Camp Area",2024-03-12,inactive,active,Hindi,0,0,bronze
CUST-00689,Myra,Krishnan,myra.krishnan@webmail.example,+91 90000 26809,female,1983-03-07,Coimbatore,Tamil Nadu,641999,"1/13, Tulsi Garden, Link Road, Phase 2",2024-03-12,regular,active,Tamil,3,18052,bronze
CUST-00690,Rashmi,Khanna,rashmi.khanna@inbox.example,+91 70002 95613,female,1988-07-31,Surat,Gujarat,395922,"Flat 801, Heritage Villas, Ring Road, Industrial Estate",2024-03-12,regular,active,Hinglish,3,31721,bronze
CUST-00691,Moumita,Das,moumita.das52@inbox.example,+91 60009 91373,female,1992-06-26,Kolkata,West Bengal,700445,"House No. 361, Emerald Park, Ring Road, Industrial Estate",2024-03-15,regular,active,Bengali,5,39845,silver
CUST-00692,Pavithra,Gowda,pavithra.gowda@mailbox.example,+91 60009 14848,female,2005-05-19,Bengaluru,Karnataka,560236,"Unit 71-A, Emerald Park, Nehru Nagar Main Road, Behind Bus Stand",2024-03-19,premium,active,Hindi,5,61109,bronze
CUST-00693,Rajib,Majumdar,rajib.majumdar@inbox.example,+91 80004 27214,male,1972-10-20,Bhubaneswar,Odisha,751751,"Flat 550, Blue Lagoon Residency, Ring Road, Opp. Public Library",2024-03-25,premium,active,English,8,104909,silver
CUST-00694,Myra,Das,myra.das57@webmail.example,+91 80007 09451,female,1983-12-15,Warangal,Telangana,506122,"10/17, Green Valley Apartments, Gandhi Marg, Near City Mall",2024-03-26,high_value,active,Telugu,14,316159,gold
CUST-00695,Myra,Dave,myra.dave575@mailbox.example,+91 70005 73587,female,1996-03-06,Ahmedabad,Gujarat,380411,"28/12, Jasmine Heights, Link Road, Near City Mall",2024-03-28,premium,active,Hindi,3,70944,bronze
CUST-00696,Suraj,Dutta,suraj.dutta@webmail.example,+91 60004 70769,male,1999-01-08,Bengaluru,Karnataka,560941,"Unit 74-A, Orchid Towers, Industrial Area Road, Opp. Public Library",2024-03-29,regular,active,English,4,21932,bronze
CUST-00697,Simran,Malhotra,simran.malhotra@netmail.example,+91 70004 65267,female,1991-10-29,Patna,Bihar,800817,"14/19, Celestial Apartments, Old Town Road, Opp. Public Library",2024-03-30,inactive,active,Hinglish,1,9674,bronze
CUST-00698,Simran,Iyer,simran.iyer1505@netmail.example,+91 80006 99509,female,1987-06-05,Delhi,Delhi,110628,"House No. 390, Heritage Villas, MG Road, Model Town",2024-04-01,high_value,active,Hindi,21,512689,gold
CUST-00699,Rohan,Chopra,rohan.chopra1432@webmail.example,+91 90004 04533,male,1985-02-27,Mumbai,Maharashtra,400657,"House No. 97, Mangal Darshan, Lake View Road, Near City Mall",2024-04-03,regular,active,English,3,53230,bronze
CUST-00700,Tanmay,Sethi,tanmay.sethi3@webmail.example,+91 60008 05953,male,1994-12-18,Mumbai,Maharashtra,400252,"17/12, Sai Krupa, Gandhi Marg, Layout 3rd Stage",2024-04-05,new,active,Marathi,1,7735,bronze
CUST-00701,Mohit,Patil,mohit.patil@netmail.example,+91 90003 35578,male,1996-04-19,Vadodara,Gujarat,390741,"Flat 793, Pearl Towers, 5th Cross, Industrial Estate",2024-04-09,high_value,active,Hindi,9,254348,bronze
CUST-00702,Varun,Kulkarni,varun.kulkarni68@webmail.example,+91 60000 31031,male,1981-12-06,Delhi,Delhi,110723,"Flat 1087, Neelkanth CHS, Station Road, Sector 14",2024-04-13,high_value,active,English,13,359920,silver
CUST-00703,Kavya,Kamath,kavya.kamath147@netmail.example,+91 70004 31427,female,1993-09-25,Kochi,Kerala,682875,"35/24, Celestial Apartments, Station Road, Industrial Estate",2024-04-14,inactive,active,English,0,0,bronze
CUST-00704,Vihaan,Ghosh,vihaan.ghosh327@netmail.example,+91 90003 27763,male,2005-10-11,Patna,Bihar,800531,"House No. 95, Neelkanth CHS, College Road, Layout 3rd Stage",2024-04-14,high_value,active,English,4,164603,bronze
CUST-00705,Krishna,Srivastava,krishna.srivastava@netmail.example,+91 60000 93114,male,1977-05-12,Delhi,Delhi,110752,"Unit 52-D, Palm Grove, Nagar Road, Extension",2024-04-16,inactive,active,English,0,0,bronze
CUST-00706,Gaurav,Varma,gaurav.varma@mailbox.example,+91 70004 63996,male,1979-08-25,Hyderabad,Telangana,500334,"House No. 54, Tulsi Garden, Civil Lines Road, Sector 14",2024-04-17,regular,active,English,5,9667,bronze
CUST-00707,Sonal,Kulkarni,sonal.kulkarni@inbox.example,+91 70009 64420,female,1995-08-31,Amritsar,Punjab,143768,"Flat 126, Anand Vihar Society, MG Road, Phase 2",2024-04-17,premium,active,Hinglish,9,134206,silver
CUST-00708,Sneha,Chopra,sneha.chopra15@webmail.example,+91 60004 37314,female,1999-05-04,Mumbai,Maharashtra,400305,"Flat 479, Rose Meadows, Nagar Road, West End",2024-04-18,premium,active,Marathi,17,126384,silver
CUST-00709,Ananya,Verma,ananya.verma431@netmail.example,+91 80003 40680,female,1995-11-20,Hyderabad,Telangana,500643,"Flat 992, Neelkanth CHS, Park Avenue, New Colony",2024-04-23,regular,active,Telugu,2,10625,bronze
CUST-00710,Gokul,Murugan,gokul.murugan18@webmail.example,+91 60009 35618,male,2005-05-28,Chennai,Tamil Nadu,600929,"52/9, Tulsi Garden, Industrial Area Road, Layout 3rd Stage",2024-04-24,inactive,active,English,0,0,bronze
CUST-00711,Sneha,Gill,sneha.gill1165@mailbox.example,+91 80002 62217,female,1978-01-25,Jaipur,Rajasthan,302135,"Flat 661, Anand Vihar Society, Bypass Road, Housing Board",2024-04-25,inactive,active,English,0,0,bronze
CUST-00712,Ekta,Rawat,ekta.rawat96@netmail.example,+91 60001 84270,female,1973-03-26,Varanasi,Uttar Pradesh,221083,"House No. 226, Ashiyana Complex, 12th Main, New Colony",2024-04-26,new,active,Hinglish,1,24091,bronze
CUST-00713,Rohan,Singh,rohan.singh594@webmail.example,+91 60002 15992,male,2005-08-01,Kolkata,West Bengal,700103,"Flat 113, Shanti Niwas, Industrial Area Road, Housing Board",2024-04-26,inactive,active,Bengali,0,0,bronze
CUST-00714,Harleen,Sen,harleen.sen@mailbox.example,+91 60000 02485,female,1996-12-13,Amritsar,Punjab,143021,"House No. 456, Maple Court, Ring Road, New Colony",2024-05-01,premium,active,Hinglish,9,99353,silver
CUST-00715,Sakshi,Das,sakshi.das@inbox.example,+91 80007 27327,female,1991-05-13,Delhi,Delhi,110482,"14/5, Ashiyana Complex, Lake View Road, Opp. Public Library",2024-05-02,inactive,active,English,0,0,bronze
CUST-00716,Keerthi,Sastry,keerthi.sastry@netmail.example,+91 60005 28682,female,1991-11-17,Vijayawada,Andhra Pradesh,520782,"House No. 195, Celestial Apartments, Link Road, Block C",2024-05-03,regular,active,Telugu,3,18520,bronze
CUST-00717,Abirami,Krishnan,abirami.krishnan14@webmail.example,+91 60007 39489,female,1995-05-19,Chennai,Tamil Nadu,600361,"Flat 624, Rose Meadows, Park Avenue, Block C",2024-05-06,premium,active,Tamil,7,86928,bronze
CUST-00718,Rashmi,Rathore,rashmi.rathore@mailbox.example,+91 90000 66539,female,1989-03-26,Madurai,Tamil Nadu,625478,"35/30, Sunrise Residency, 12th Main, Behind Bus Stand",2024-05-06,inactive,active,English,0,0,bronze
CUST-00719,Ankit,Ahmed,ankit.ahmed@mailbox.example,+91 70002 17359,male,1989-04-11,Ahmedabad,Gujarat,380827,"House No. 426, Riverview Enclave, Nehru Nagar Main Road, Extension",2024-05-08,inactive,active,English,0,0,bronze
CUST-00720,Rahul,Patil,rahul.patil72@mailbox.example,+91 70003 15044,male,1993-01-16,Hyderabad,Telangana,500267,"Unit 56-A, Ashiyana Complex, Old Town Road, Behind Bus Stand",2024-05-08,regular,active,Telugu,3,27126,bronze
CUST-00721,Tanvi,Zaveri,tanvi.zaveri@webmail.example,+91 60009 41919,female,1999-03-24,Ahmedabad,Gujarat,380449,"43/12, Mangal Darshan, MG Road, Model Town",2024-05-11,inactive,active,Gujarati,0,0,bronze
CUST-00722,Komal,Nair,komal.nair@webmail.example,+91 70003 07114,female,1986-12-20,Patna,Bihar,800911,"Flat 250, Anand Vihar Society, Canal Road, New Colony",2024-05-13,regular,active,Hindi,2,36579,bronze
CUST-00723,Ritika,Verma,ritika.verma@inbox.example,+91 60008 29826,female,1981-07-22,Siliguri,West Bengal,734078,"Unit 74-C, Anand Vihar Society, Link Road, Block C",2024-05-15,premium,active,Bengali,3,129286,bronze
CUST-00724,Nidhi,Bajwa,nidhi.bajwa@inbox.example,+91 60007 94215,female,1988-05-22,Bhopal,Madhya Pradesh,462696,"House No. 135, Anand Vihar Society, Ring Road, Near City Mall",2024-05-17,inactive,active,English,1,31269,bronze
CUST-00725,Sneha,Dutta,sneha.dutta@webmail.example,+91 60004 11601,female,2003-12-05,Mumbai,Maharashtra,400922,"Flat 232, Neelkanth CHS, Industrial Area Road, Housing Board",2024-05-17,new,active,English,1,238,bronze
CUST-00726,Ishaan,Iyer,ishaan.iyer35@inbox.example,+91 60005 19270,male,1996-10-12,Gurugram,Haryana,122186,"Flat 240, Riverview Enclave, Park Avenue, Opp. Public Library",2024-05-21,inactive,active,Hindi,3,19231,bronze
CUST-00727,Sachin,Ali,sachin.ali44@mailbox.example,+91 60003 71432,male,2006-03-22,Delhi,Delhi,110753,"47/26, Lotus Heights, Park Avenue, Layout 3rd Stage",2024-05-23,high_value,active,Hinglish,18,364303,gold
CUST-00728,Tanmay,Bansal,tanmay.bansal@inbox.example,+91 70009 85318,male,1996-10-17,Nashik,Maharashtra,422180,"16/15, Anand Vihar Society, College Road, Layout 3rd Stage",2024-05-23,new,active,Marathi,1,0,bronze
CUST-00729,Pranav,Desai,pranav.desai@netmail.example,+91 90004 96113,male,2004-11-11,Kolkata,West Bengal,700567,"29/11, Celestial Apartments, Old Town Road, West End",2024-05-25,high_value,active,English,14,486801,gold
CUST-00730,Vikram,Shukla,vikram.shukla1176@netmail.example,+91 60009 26939,male,1993-11-11,Jodhpur,Rajasthan,342796,"House No. 82, Jasmine Heights, Market Cross Road, Near City Mall",2024-05-25,new,active,English,1,10029,bronze
CUST-00731,Aarti,Tiwari,aarti.tiwari1213@webmail.example,+91 80005 33477,female,1989-01-17,Bengaluru,Karnataka,560991,"28/13, Ashiyana Complex, Bypass Road, Layout 3rd Stage",2024-05-27,inactive,active,Hindi,1,33540,bronze
CUST-00732,Moumita,Yadav,moumita.yadav778@mailbox.example,+91 70000 46486,female,1984-01-17,Kolkata,West Bengal,700212,"Unit 68-B, Sunrise Residency, Canal Road, Block C",2024-05-27,high_value,active,Hindi,13,232590,silver
CUST-00733,Reyansh,Bhatia,reyansh.bhatia@webmail.example,+91 60007 92463,male,1984-09-18,Vadodara,Gujarat,390460,"House No. 7, Blue Lagoon Residency, Nehru Nagar Main Road, Block C",2024-05-27,high_value,active,Hinglish,14,200989,gold
CUST-00734,Diya,Parekh,diya.parekh1647@netmail.example,+91 90006 32534,female,1997-08-05,Vadodara,Gujarat,390485,"39/9, Blue Lagoon Residency, Industrial Area Road, Layout 3rd Stage",2024-05-29,new,active,Hinglish,1,2655,bronze
CUST-00735,Sravani,Goud,sravani.goud1485@inbox.example,+91 90002 60875,female,1979-12-01,Hyderabad,Telangana,500364,"3/13, Lotus Heights, Nehru Nagar Main Road, Extension",2024-05-29,inactive,active,Telugu,1,15694,bronze
CUST-00736,Kunal,Dhillon,kunal.dhillon1422@webmail.example,+91 60008 93878,male,1976-09-29,Noida,Uttar Pradesh,201838,"Unit 20-C, Heritage Villas, Nehru Nagar Main Road, Model Town",2024-05-31,high_value,active,Hinglish,9,349578,silver
CUST-00737,Sneha,Patil,sneha.patil@netmail.example,+91 70002 97860,female,1990-08-07,Ahmedabad,Gujarat,380625,"Unit 84-B, Orchid Towers, Gandhi Marg, Near City Mall",2024-06-02,inactive,active,Hindi,0,0,bronze
CUST-00738,Diya,Kumar,diya.kumar@webmail.example,+91 60007 25259,female,1991-02-14,Bengaluru,Karnataka,560156,"Unit 80-C, Sai Krupa, Link Road, Layout 3rd Stage",2024-06-03,regular,active,English,2,48379,bronze
CUST-00739,Simran,Rao,simran.rao348@webmail.example,+91 60003 36594,female,1985-07-18,Delhi,Delhi,110309,"48/17, Pearl Towers, 5th Cross, West End",2024-06-06,inactive,inactive,English,2,69690,bronze
CUST-00740,Meera,Joshi,meera.joshi@netmail.example,+91 90002 15647,female,1990-09-04,Bengaluru,Karnataka,560456,"49/13, Anand Vihar Society, 12th Main, Opp. Public Library",2024-06-07,regular,active,English,6,39223,silver
CUST-00741,Nikhil,Gill,nikhil.gill1271@mailbox.example,+91 80005 43897,male,2006-01-15,Raipur,Chhattisgarh,492374,"4/2, Blue Lagoon Residency, Bypass Road, Near City Mall",2024-06-07,premium,active,English,2,143812,bronze
CUST-00742,Aarti,Khan,aarti.khan@netmail.example,+91 80009 47877,female,1990-07-13,Coimbatore,Tamil Nadu,641545,"House No. 436, Heritage Villas, Garden Lane, Phase 2",2024-06-08,inactive,active,English,1,7905,bronze
CUST-00743,Ananya,Pandey,ananya.pandey@mailbox.example,+91 90007 25990,female,1978-03-03,Pune,Maharashtra,411026,"House No. 163, Jasmine Heights, Garden Lane, Sector 14",2024-06-09,high_value,active,English,10,278668,bronze
CUST-00744,Arnab,Nandi,arnab.nandi16@netmail.example,+91 60007 45696,male,1991-11-21,Howrah,West Bengal,711802,"20/16, Sunrise Residency, Canal Road, New Colony",2024-06-09,premium,active,English,7,62071,bronze
CUST-00745,Kaveri,Murugan,kaveri.murugan1022@inbox.example,+91 60007 62454,female,1984-11-20,Chennai,Tamil Nadu,600796,"54/4, Skyline Arcade, Ring Road, Housing Board",2024-06-09,inactive,active,English,0,0,bronze
CUST-00746,Sandeep,Rao,sandeep.rao@mailbox.example,+91 70003 69615,male,1988-04-28,Hubballi,Karnataka,580030,"Flat 625, Heritage Villas, Canal Road, Camp Area",2024-06-11,regular,active,English,5,17209,bronze
CUST-00747,Ravi,Bajwa,ravi.bajwa@webmail.example,+91 90000 36069,male,1983-12-30,Indore,Madhya Pradesh,452524,"13/26, Skyline Arcade, Temple Street, Behind Bus Stand",2024-06-14,premium,active,Hinglish,7,81051,bronze
CUST-00748,Rutuja,Gaikwad,rutuja.gaikwad871@inbox.example,+91 60008 26239,female,1995-02-18,Mumbai,Maharashtra,400294,"Flat 626, Heritage Villas, Nagar Road, Camp Area",2024-06-16,new,active,Hindi,1,6961,bronze
CUST-00749,Varun,Ghosh,varun.ghosh85@mailbox.example,+91 70002 82549,male,1999-01-07,Bengaluru,Karnataka,560874,"58/2, Skyline Arcade, Link Road, Extension",2024-06-18,inactive,active,English,2,31912,bronze
CUST-00750,Aditya,Ahmed,aditya.ahmed@netmail.example,+91 80002 35309,male,2000-09-07,Bengaluru,Karnataka,560133,"Flat 492, Shanti Niwas, Nagar Road, Behind Bus Stand",2024-06-23,regular,active,English,5,37625,bronze
CUST-00751,Arnab,Roy,arnab.roy@mailbox.example,+91 80005 76381,male,1965-06-09,Bhubaneswar,Odisha,751543,"Unit 52-C, Silver Oak Homes, Old Town Road, Opp. Public Library",2024-06-28,new,active,Bengali,1,35989,bronze
CUST-00752,Sandeep,Shah,sandeep.shah12@netmail.example,+91 80006 68616,male,1984-06-11,Bhopal,Madhya Pradesh,462407,"Unit 82-A, Pearl Towers, Bypass Road, West End",2024-06-30,regular,active,Hinglish,7,34651,silver
CUST-00753,Dhruv,Srivastava,dhruv9026.srivastava@netmail.example,+91 60009 48974,male,1988-05-15,Gurugram,Haryana,122036,"Flat 791, Emerald Park, 12th Main, Behind Bus Stand",2024-07-01,premium,active,English,4,89943,bronze
CUST-00754,Kunal,Sen,kunal.sen@netmail.example,+91 80000 50358,male,2005-01-13,Noida,Uttar Pradesh,201754,"Flat 812, Celestial Apartments, Lake View Road, West End",2024-07-03,regular,active,Hindi,7,26130,bronze
CUST-00755,Arjun,Chopra,arjun.chopra97@webmail.example,+91 60001 93774,male,1973-07-20,Chennai,Tamil Nadu,600174,"31/15, Rose Meadows, Gandhi Marg, Near City Mall",2024-07-07,inactive,active,Tamil,2,10903,bronze
CUST-00756,Chinmay,Sen,chinmay.sen@mailbox.example,+91 90003 49163,male,2006-03-16,Mumbai,Maharashtra,400284,"Unit 20-D, Riverview Enclave, Industrial Area Road, New Colony",2024-07-08,inactive,active,Marathi,1,3406,bronze
CUST-00757,Jyoti,Ali,jyoti.ali@inbox.example,+91 70002 80345,female,1995-01-29,Mumbai,Maharashtra,400310,"House No. 213, Lotus Heights, Nehru Nagar Main Road, Housing Board",2024-07-08,premium,active,English,4,111099,bronze
CUST-00758,Simran,Tomar,simran.tomar1810@mailbox.example,+91 70009 35333,female,1979-12-24,Kanpur,Uttar Pradesh,208966,"42/12, Mangal Darshan, 12th Main, Sector 14",2024-07-08,regular,active,English,2,951,bronze
CUST-00759,Tanvi,Das,tanvi.das63@inbox.example,+91 80008 02998,female,1984-05-20,Gurugram,Haryana,122540,"House No. 149, Blue Lagoon Residency, Ring Road, Sector 14",2024-07-08,regular,active,English,2,7141,bronze
CUST-00760,Reyansh,Dubey,reyansh.dubey4@netmail.example,+91 70008 94144,male,1990-11-20,Ludhiana,Punjab,141668,"Flat 453, Lotus Heights, Canal Road, Extension",2024-07-10,inactive,active,Hindi,0,0,bronze
CUST-00761,Suresh,Kumar,suresh.kumar@mailbox.example,+91 80005 67880,male,1984-05-19,Vijayawada,Andhra Pradesh,520133,"Flat 902, Lotus Heights, 5th Cross, Sector 14",2024-07-12,premium,active,Telugu,11,92909,silver
CUST-00762,Sanket,Jadhav,sanket.jadhav@netmail.example,+91 60008 18028,male,1996-12-21,Mumbai,Maharashtra,400315,"Unit 91-A, Emerald Park, Park Avenue, Camp Area",2024-07-15,regular,active,English,4,15765,bronze
CUST-00763,Harsh,Tiwari,harsh.tiwari1315@netmail.example,+91 70002 77314,male,1982-02-07,Raipur,Chhattisgarh,492603,"44/15, Anand Vihar Society, Industrial Area Road, Sector 14",2024-07-17,high_value,active,Hindi,29,360662,platinum
CUST-00764,Aishwarya,Jain,aishwarya.jain@mailbox.example,+91 60008 29609,female,1988-09-28,Mumbai,Maharashtra,400798,"Unit 53-D, Riverview Enclave, 12th Main, Extension",2024-07-18,inactive,active,English,0,0,bronze
CUST-00765,Diya,Mehta,diya.mehta@mailbox.example,+91 90001 68613,female,1988-06-22,Bengaluru,Karnataka,560388,"40/7, Jasmine Heights, Civil Lines Road, Model Town",2024-07-18,premium,active,English,3,118700,bronze
CUST-00766,Shweta,Balaji,shweta.balaji1848@inbox.example,+91 90005 69358,female,2006-07-17,Coimbatore,Tamil Nadu,641629,"56/10, Pearl Towers, Garden Lane, Block C",2024-07-19,regular,active,English,5,21829,bronze
CUST-00767,Anil,Mishra,anil.mishra80@webmail.example,+91 60002 89660,male,1996-02-12,Visakhapatnam,Andhra Pradesh,530729,"Flat 318, Ashiyana Complex, 12th Main, Extension",2024-07-20,high_value,active,Hinglish,29,593275,gold
CUST-00768,Suresh,Dutta,suresh.dutta@inbox.example,+91 60005 39411,male,1997-01-04,Chennai,Tamil Nadu,600032,"House No. 424, Maple Court, Station Road, Layout 3rd Stage",2024-07-20,regular,active,Tamil,3,29342,bronze
CUST-00769,Gauri,Jadhav,gauri.jadhav90@netmail.example,+91 60006 23053,female,2006-02-28,Pune,Maharashtra,411210,"Flat 761, Mangal Darshan, Link Road, New Colony",2024-07-22,high_value,active,Marathi,4,252594,bronze
CUST-00770,Onkar,Gaikwad,onkar.gaikwad442@webmail.example,+91 80009 36100,male,1978-06-26,Mumbai,Maharashtra,400762,"House No. 14, Blue Lagoon Residency, Nehru Nagar Main Road, Model Town",2024-07-22,high_value,active,English,8,519911,silver
CUST-00771,Reyansh,Ganguly,reyansh.ganguly@netmail.example,+91 70008 83392,male,1982-02-18,Guwahati,Assam,781977,"27/27, Anand Vihar Society, Bypass Road, Housing Board",2024-07-23,new,active,English,1,2242,bronze
CUST-00772,Neha,Chauhan,neha.chauhan51@netmail.example,+91 60009 15668,female,1999-05-12,Bengaluru,Karnataka,560753,"Flat 842, Sunrise Residency, Bypass Road, Block C",2024-07-24,high_value,active,English,8,333656,silver
CUST-00773,Jignesh,Patil,jignesh.patil55@netmail.example,+91 90002 52374,male,1989-08-11,Vadodara,Gujarat,390112,"House No. 434, Shanti Niwas, 12th Main, Camp Area",2024-07-25,high_value,active,Gujarati,18,204839,gold
CUST-00774,Chaitanya,Agarwal,chaitanya.agarwal@mailbox.example,+91 80008 01786,male,1986-01-17,Hyderabad,Telangana,500737,"Flat 920, Palm Grove, College Road, Extension",2024-07-27,inactive,active,Telugu,0,0,bronze
CUST-00775,Rakesh,Varghese,rakesh.varghese76@mailbox.example,+91 80002 66351,male,1979-05-27,Bengaluru,Karnataka,560878,"House No. 266, Pearl Towers, 5th Cross, Behind Bus Stand",2024-07-28,premium,active,English,15,128855,gold
CUST-00776,Sandeep,Chatterjee,sandeep.chatterjee@mailbox.example,+91 90004 29537,male,1983-05-15,Gurugram,Haryana,122067,"Unit 73-C, Sunrise Residency, Nehru Nagar Main Road, Phase 2",2024-07-28,inactive,active,Hinglish,0,0,bronze
CUST-00777,Sachin,Patel,sachin.patel76@inbox.example,+91 90002 52543,male,1984-04-27,Bhopal,Madhya Pradesh,462074,"Unit 14-D, Gokul Dham, Gandhi Marg, West End",2024-07-31,premium,active,English,3,60719,bronze
CUST-00778,Sreejith,Warrier,sreejith.warrier1090@inbox.example,+91 90001 41275,male,2002-12-27,Bengaluru,Karnataka,560367,"Flat 475, Heritage Villas, Link Road, Behind Bus Stand",2024-07-31,new,active,Hinglish,1,24779,bronze
CUST-00779,Nisha,Gill,nisha.gill@mailbox.example,+91 80000 82937,female,1978-10-03,Raipur,Chhattisgarh,492156,"Unit 42-C, Tulsi Garden, 5th Cross, Near City Mall",2024-08-01,new,active,English,1,238,bronze
CUST-00780,Ravi,Sandhu,ravi.sandhu@webmail.example,+91 60008 20580,male,1995-07-04,Bhopal,Madhya Pradesh,462652,"Flat 108, Ashiyana Complex, Station Road, Behind Bus Stand",2024-08-01,inactive,suspended,Hinglish,0,0,bronze
CUST-00781,Aarti,Menon,aarti.menon876@webmail.example,+91 90000 18544,female,2006-02-17,Bengaluru,Karnataka,560867,"Unit 50-D, Celestial Apartments, Temple Street, West End",2024-08-03,regular,active,English,2,59916,bronze
CUST-00782,Tanvi,Yadav,tanvi.yadav@webmail.example,+91 60008 54634,female,1974-04-15,Hyderabad,Telangana,500808,"6/11, Ashiyana Complex, Temple Street, Housing Board",2024-08-04,inactive,active,Telugu,1,3185,bronze
CUST-00783,Prakash,Selvam,prakash.selvam@mailbox.example,+91 80006 08906,male,1999-04-27,Madurai,Tamil Nadu,625288,"41/27, Ashiyana Complex, Old Town Road, Extension",2024-08-07,regular,active,English,6,57572,bronze
CUST-00784,Venkat,Prasad,venkat.prasad@netmail.example,+91 80004 42826,male,1993-10-07,Vijayawada,Andhra Pradesh,520667,"Unit 51-A, Ashiyana Complex, Industrial Area Road, New Colony",2024-08-07,new,active,English,1,15339,bronze
CUST-00785,Ayaan,Sawant,ayaan.sawant39@netmail.example,+91 70006 20471,male,1973-12-15,Mumbai,Maharashtra,400600,"House No. 48, Green Valley Apartments, 5th Cross, Industrial Estate",2024-08-09,high_value,active,English,26,331889,platinum
CUST-00786,Janani,Saxena,janani.saxena27@mailbox.example,+91 70007 40074,female,1990-05-11,Coimbatore,Tamil Nadu,641518,"Unit 42-C, Riverview Enclave, Canal Road, Industrial Estate",2024-08-09,regular,active,English,4,54479,bronze
CUST-00787,Garima,Shukla,garima.shukla1983@inbox.example,+91 60003 12627,female,2001-10-21,Patna,Bihar,800466,"Flat 1190, Palm Grove, Nehru Nagar Main Road, Extension",2024-08-10,inactive,active,English,1,79,bronze
CUST-00788,Meera,Thakkar,meera.thakkar1171@inbox.example,+91 60007 50529,female,1988-01-12,Ahmedabad,Gujarat,380063,"Flat 617, Shanti Niwas, Temple Street, West End",2024-08-10,new,active,Hinglish,1,2831,bronze
CUST-00789,Ravi,Gupta,ravi.gupta1710@inbox.example,+91 60009 40121,male,2000-05-18,Delhi,Delhi,110966,"Flat 1134, Shanti Niwas, 5th Cross, Near City Mall",2024-08-11,inactive,active,Hindi,0,0,bronze
CUST-00790,Suraj,Gowda,suraj.gowda@webmail.example,+91 80005 84413,male,1991-08-29,Bengaluru,Karnataka,560569,"House No. 200, Pearl Towers, Canal Road, Layout 3rd Stage",2024-08-14,high_value,active,English,15,314821,silver
CUST-00791,Garima,Fernandes,garima.fernandes@netmail.example,+91 70009 43756,female,1990-04-11,Lucknow,Uttar Pradesh,226417,"House No. 196, Shanti Niwas, Garden Lane, Behind Bus Stand",2024-08-15,regular,active,Hinglish,5,40618,bronze
CUST-00792,Sneha,Kapoor,sneha.kapoor@mailbox.example,+91 90008 83731,female,2005-11-28,Bengaluru,Karnataka,560815,"House No. 470, Gokul Dham, Canal Road, Industrial Estate",2024-08-15,regular,active,English,3,919,bronze
CUST-00793,Ankit,Nair,ankit.nair64@inbox.example,+91 80002 20915,male,1976-03-19,Hyderabad,Telangana,500605,"44/21, Neelkanth CHS, Industrial Area Road, Block C",2024-08-17,high_value,active,Telugu,14,216908,gold
CUST-00794,Nidhi,Negi,nidhi.negi@netmail.example,+91 60004 28047,female,1994-10-23,Delhi,Delhi,110629,"Unit 37-D, Anand Vihar Society, Bypass Road, Behind Bus Stand",2024-08-17,regular,active,Hindi,2,8754,bronze
CUST-00795,Sachin,Rathore,sachin.rathore612@inbox.example,+91 70006 33365,male,1987-05-05,Faridabad,Haryana,121374,"17/17, Sunrise Residency, College Road, Behind Bus Stand",2024-08-23,inactive,active,English,0,0,bronze
CUST-00796,Aditya,Ghosh,aditya.ghosh@inbox.example,+91 80005 90477,male,1984-07-16,Hyderabad,Telangana,500443,"Flat 1091, Green Valley Apartments, Industrial Area Road, Phase 2",2024-08-24,regular,active,Telugu,2,769,bronze
CUST-00797,Nidhi,Dutta,nidhi.dutta789@netmail.example,+91 90001 16065,female,1993-07-07,Patna,Bihar,800091,"Flat 152, Heritage Villas, Station Road, New Colony",2024-08-25,regular,active,English,3,26104,bronze
CUST-00798,Kabir,Goud,kabir.goud18@inbox.example,+91 70000 57206,male,1998-08-13,Hyderabad,Telangana,500813,"House No. 342, Riverview Enclave, Old Town Road, Model Town",2024-08-30,high_value,active,Telugu,6,171094,bronze
CUST-00799,Yash,Sethi,yash.sethi@inbox.example,+91 80009 50310,male,1988-11-26,Bengaluru,Karnataka,560891,"House No. 190, Tulsi Garden, Market Cross Road, New Colony",2024-08-30,regular,active,English,4,20845,bronze
CUST-00800,Aarav,Sen,aarav.sen534@netmail.example,+91 70001 67835,male,1996-05-22,Noida,Uttar Pradesh,201900,"Unit 12-C, Skyline Arcade, Nehru Nagar Main Road, Block C",2024-09-01,regular,active,English,5,14317,bronze
CUST-00801,Ayaan,Sethi,ayaan.sethi@mailbox.example,+91 60005 90935,male,1995-06-10,Patna,Bihar,800099,"Flat 462, Gokul Dham, Canal Road, Opp. Public Library",2024-09-01,inactive,suspended,English,0,0,bronze
CUST-00802,Manish,Joshi,manish.joshi76@netmail.example,+91 70005 28632,male,2006-02-28,Hyderabad,Telangana,500659,"26/11, Neelkanth CHS, 5th Cross, Industrial Estate",2024-09-02,inactive,active,Telugu,0,0,bronze
CUST-00803,Dhruv,Srivastava,dhruv.srivastava1707@inbox.example,+91 70002 57950,male,1994-07-22,Chandigarh,Chandigarh,160214,"Flat 697, Maple Court, Garden Lane, Opp. Public Library",2024-09-03,premium,active,Hinglish,15,76161,silver
CUST-00804,Zoya,Naidu,zoya.naidu33@webmail.example,+91 80008 94880,female,2002-09-08,Pune,Maharashtra,411456,"Unit 29-D, Maple Court, Temple Street, Housing Board",2024-09-05,inactive,active,Marathi,0,0,bronze
CUST-00805,Priya,Agarwal,priya.agarwal@webmail.example,+91 90003 04697,female,1997-08-31,Mysuru,Karnataka,570289,"Flat 1049, Heritage Villas, 12th Main, West End",2024-09-07,new,active,English,1,10910,bronze
CUST-00806,Naveen,Natarajan,naveen.natarajan50@webmail.example,+91 90009 43569,male,1990-12-23,Chennai,Tamil Nadu,600643,"Unit 5-D, Anand Vihar Society, Old Town Road, New Colony",2024-09-10,premium,active,English,4,118777,bronze
CUST-00807,Ayaan,Joshi,ayaan.joshi@mailbox.example,+91 80000 40549,male,1983-03-04,Mumbai,Maharashtra,400810,"Flat 294, Orchid Towers, Canal Road, Layout 3rd Stage",2024-09-11,regular,active,Marathi,2,8344,bronze
CUST-00808,Siddharth,Pandey,siddharth.pandey776@mailbox.example,+91 60002 59142,male,1994-09-29,Delhi,Delhi,110245,"Unit 50-B, Sunrise Residency, Canal Road, Industrial Estate",2024-09-11,new,active,Hinglish,1,2915,bronze
CUST-00809,Dhara,Kulkarni,dhara.kulkarni@webmail.example,+91 90007 05500,female,2005-12-31,Surat,Gujarat,395763,"44/21, Sai Krupa, Ring Road, New Colony",2024-09-12,premium,active,Gujarati,11,54492,silver
CUST-00810,Lakshmi,Natarajan,lakshmi.natarajan1487@mailbox.example,+91 60003 41669,female,2006-02-27,Madurai,Tamil Nadu,625565,"59/21, Rose Meadows, Nagar Road, Sector 14",2024-09-15,premium,active,Tamil,11,86417,silver
CUST-00811,Rohan,Gill,rohan.gill@webmail.example,+91 70003 30632,male,1980-07-10,Delhi,Delhi,110583,"Unit 66-D, Maple Court, Canal Road, Model Town",2024-09-17,premium,active,English,5,81027,silver
CUST-00812,Megha,Gandhi,megha.gandhi@mailbox.example,+91 90007 73561,female,1994-08-24,Vadodara,Gujarat,390083,"11/16, Blue Lagoon Residency, Station Road, Extension",2024-09-18,regular,active,Hindi,2,36217,bronze
CUST-00813,Sanket,Singh,sanket.singh@inbox.example,+91 90004 34396,other,1996-01-03,Mumbai,Maharashtra,400992,"1/10, Neelkanth CHS, Ring Road, Industrial Estate",2024-09-20,inactive,active,English,0,0,bronze
CUST-00814,Srinivas,Nair,srinivas.nair@netmail.example,+91 90003 94007,male,1987-01-28,Vijayawada,Andhra Pradesh,520134,"18/4, Orchid Towers, College Road, Layout 3rd Stage",2024-09-21,premium,active,English,5,116614,silver
CUST-00815,Padmaja,Banerjee,padmaja.banerjee1890@netmail.example,+91 60006 07399,female,1989-01-27,Hyderabad,Telangana,500712,"Unit 22-C, Tulsi Garden, Market Cross Road, Phase 2",2024-09-22,inactive,inactive,English,0,0,bronze
CUST-00816,Rutuja,Jain,rutuja.jain@webmail.example,+91 90002 95001,female,1990-11-19,Pune,Maharashtra,411987,"Unit 89-A, Orchid Towers, College Road, Extension",2024-09-22,high_value,active,English,34,328221,platinum
CUST-00817,Chaitra,Gowda,chaitra.gowda@mailbox.example,+91 90003 47242,female,1996-02-11,Mysuru,Karnataka,570198,"House No. 26, Heritage Villas, Industrial Area Road, West End",2024-09-23,premium,active,English,12,56328,bronze
CUST-00818,Krishna,Negi,krishna.negi11@mailbox.example,+91 60000 20900,male,1987-09-10,Udaipur,Rajasthan,313798,"Unit 94-D, Celestial Apartments, Bypass Road, Sector 14",2024-09-23,regular,active,Hinglish,3,20919,bronze
CUST-00819,Debashish,Nandi,debashish.nandi@mailbox.example,+91 90001 67869,male,1994-01-21,Bhubaneswar,Odisha,751745,"Flat 854, Palm Grove, MG Road, Housing Board",2024-09-28,premium,active,English,4,91527,bronze
CUST-00820,Jaspreet,Saxena,jaspreet.saxena1721@webmail.example,+91 80003 26596,male,1977-11-13,Jodhpur,Rajasthan,342231,"14/27, Neelkanth CHS, Park Avenue, West End",2024-09-29,high_value,active,Hindi,11,179035,gold
CUST-00821,Reyansh,Nair,reyansh.nair10@inbox.example,+91 70002 16188,male,2001-06-02,Coimbatore,Tamil Nadu,641987,"Unit 52-C, Anand Vihar Society, Canal Road, Extension",2024-09-29,inactive,active,English,0,0,bronze
CUST-00822,Zoya,Gaikwad,zoya.gaikwad@inbox.example,+91 60000 04438,female,1990-04-20,Mumbai,Maharashtra,400051,"Unit 46-A, Palm Grove, Garden Lane, Model Town",2024-09-30,regular,active,Marathi,2,36929,bronze
CUST-00823,Lakshay,Sethi,lakshay.sethi84@inbox.example,+91 90008 45981,male,1971-08-07,Varanasi,Uttar Pradesh,221660,"22/29, Sai Krupa, Canal Road, Camp Area",2024-10-01,high_value,active,English,17,301219,gold
CUST-00824,Komal,Gill,komal.gill@webmail.example,+91 90007 34011,female,1996-03-28,Delhi,Delhi,110793,"Unit 97-C, Skyline Arcade, Nagar Road, Phase 2",2024-10-02,inactive,active,Hindi,0,0,bronze
CUST-00825,Anuj,Gupta,anuj.gupta91@webmail.example,+91 70003 15268,male,1995-08-13,Delhi,Delhi,110551,"Unit 78-A, Pearl Towers, Civil Lines Road, Industrial Estate",2024-10-03,regular,active,Hinglish,8,56871,bronze
CUST-00826,Divya,Kulkarni,divya.kulkarni@inbox.example,+91 90007 51267,female,1997-02-02,Chennai,Tamil Nadu,600688,"12/29, Orchid Towers, 12th Main, Model Town",2024-10-04,regular,active,English,3,59630,bronze
CUST-00827,Meera,Rawat,meera.rawat21@webmail.example,+91 70002 32695,female,1988-03-30,Bhopal,Madhya Pradesh,462879,"12/24, Neelkanth CHS, Gandhi Marg, Layout 3rd Stage",2024-10-07,regular,active,Hindi,3,10650,bronze
CUST-00828,Sandeep,Ganguly,sandeep.ganguly@webmail.example,+91 60007 29192,male,1985-04-25,Kolkata,West Bengal,700532,"Flat 823, Orchid Towers, Garden Lane, Extension",2024-10-07,regular,active,Bengali,3,50156,bronze
CUST-00829,Diya,Jain,diya.jain@webmail.example,+91 70002 29120,female,2003-06-19,Kolkata,West Bengal,700243,"Flat 514, Palm Grove, Nehru Nagar Main Road, Block C",2024-10-09,regular,active,English,3,23395,bronze
CUST-00830,Harpreet,Rathore,harpreet7369.rathore@netmail.example,+91 60000 04762,male,1989-10-18,Bhopal,Madhya Pradesh,462628,"Flat 781, Anand Vihar Society, Garden Lane, Sector 14",2024-10-09,inactive,active,Hindi,0,0,bronze
CUST-00831,Vaishnavi,Patel,vaishnavi.patel@netmail.example,+91 80002 95706,female,1983-11-18,Mumbai,Maharashtra,400503,"Flat 818, Neelkanth CHS, Gandhi Marg, Behind Bus Stand",2024-10-10,premium,active,English,4,113650,bronze
CUST-00832,Abirami,Singh,abirami.singh@mailbox.example,+91 70005 37538,female,1982-12-01,Chennai,Tamil Nadu,600752,"House No. 136, Ashiyana Complex, Link Road, Extension",2024-10-12,high_value,active,Tamil,10,253358,silver
CUST-00833,Sneha,Solanki,sneha.solanki@inbox.example,+91 80009 97839,female,1991-06-25,Vadodara,Gujarat,390263,"20/30, Jasmine Heights, Nagar Road, Block C",2024-10-13,regular,suspended,Gujarati,2,3178,bronze
CUST-00834,Spoorthi,Gowda,spoorthi.gowda@mailbox.example,+91 70008 86032,female,1990-01-19,Bengaluru,Karnataka,560963,"Unit 50-D, Skyline Arcade, Temple Street, Opp. Public Library",2024-10-13,inactive,inactive,Hindi,2,152432,gold
CUST-00835,Rahul,Iyer,rahul.iyer14@inbox.example,+91 80009 23676,male,2000-02-24,Rajkot,Gujarat,360930,"Flat 801, Blue Lagoon Residency, Old Town Road, Layout 3rd Stage",2024-10-15,premium,active,Gujarati,3,138444,bronze
CUST-00836,Anjali,Ghosh,anjali.ghosh31@inbox.example,+91 90001 44551,female,1996-07-28,Delhi,Delhi,110195,"House No. 429, Ashiyana Complex, Old Town Road, Camp Area",2024-10-18,new,active,Hindi,1,4247,bronze
CUST-00837,Bhavesh,Parekh,bhavesh.parekh1674@inbox.example,+91 80002 39290,male,2002-08-28,Rajkot,Gujarat,360229,"45/1, Gokul Dham, Bypass Road, Industrial Estate",2024-10-18,regular,active,Gujarati,3,52174,bronze
CUST-00838,Ananya,Chatterjee,ananya.chatterjee@netmail.example,+91 90008 48329,female,1992-02-20,Indore,Madhya Pradesh,452701,"Unit 60-C, Rose Meadows, Gandhi Marg, Extension",2024-10-20,new,active,English,1,0,bronze
CUST-00839,Aarav,Tiwari,aarav.tiwari@mailbox.example,+91 60005 99428,male,2005-11-15,Mumbai,Maharashtra,400411,"House No. 378, Tulsi Garden, Civil Lines Road, Extension",2024-10-21,inactive,active,English,0,0,bronze
CUST-00840,Aadhya,Nandi,aadhya.nandi@inbox.example,+91 90009 31332,female,1991-06-03,Kolkata,West Bengal,700490,"Unit 73-C, Tulsi Garden, 12th Main, Layout 3rd Stage",2024-10-22,inactive,active,English,0,0,bronze
CUST-00841,Sandeep,Arora,sandeep.arora299@webmail.example,+91 90008 14666,male,2004-06-15,Chennai,Tamil Nadu,600426,"Flat 1098, Ashiyana Complex, Old Town Road, Phase 2",2024-10-23,regular,active,Tamil,3,17583,bronze
CUST-00842,Kavya,Patil,kavya.patil@inbox.example,+91 60003 75136,female,1984-12-28,Bengaluru,Karnataka,560573,"Flat 352, Riverview Enclave, Old Town Road, Sector 14",2024-10-26,high_value,active,English,13,173563,gold
CUST-00843,Vikram,Rao,vikram.rao85@webmail.example,+91 90008 62782,male,2000-12-02,Hyderabad,Telangana,500696,"Unit 3-A, Neelkanth CHS, MG Road, Extension",2024-10-27,inactive,suspended,English,0,0,bronze
CUST-00844,Komal,Poojary,komal.poojary27@netmail.example,+91 60004 12011,female,1985-05-25,Thiruvananthapuram,Kerala,695778,"Flat 560, Celestial Apartments, 5th Cross, Camp Area",2024-10-30,regular,active,English,2,9418,bronze
CUST-00845,Meenakshi,Murugan,meenakshi.murugan34@inbox.example,+91 70005 01361,female,1982-05-19,Madurai,Tamil Nadu,625930,"Unit 92-B, Palm Grove, Station Road, Behind Bus Stand",2024-10-31,regular,active,Tamil,4,33292,bronze
CUST-00846,Anjana,Varghese,anjana.varghese@inbox.example,+91 90001 70944,female,1990-11-12,Mysuru,Karnataka,570451,"House No. 430, Ashiyana Complex, Market Cross Road, Camp Area",2024-11-01,regular,active,Hinglish,3,52979,bronze
CUST-00847,Kunal,Tomar,kunal.tomar7@inbox.example,+91 60009 15232,male,1987-01-29,Gurugram,Haryana,122973,"Flat 453, Pearl Towers, College Road, Near City Mall",2024-11-02,regular,suspended,English,2,2972,bronze
CUST-00848,Siddharth,Majumdar,siddharth.majumdar1112@netmail.example,+91 60001 47898,male,1997-02-16,Howrah,West Bengal,711167,"53/16, Celestial Apartments, Park Avenue, Block C",2024-11-04,high_value,active,English,10,206357,silver
CUST-00849,Ishaan,Rawat,ishaan.rawat96@mailbox.example,+91 60008 46744,male,1988-11-26,Delhi,Delhi,110037,"24/25, Palm Grove, Station Road, Phase 2",2024-11-05,inactive,active,Hinglish,0,0,bronze
CUST-00850,Rajib,Bhattacharya,rajib.bhattacharya15@inbox.example,+91 70004 95106,male,1995-11-14,Bhubaneswar,Odisha,751737,"House No. 435, Lotus Heights, Gandhi Marg, Behind Bus Stand",2024-11-10,regular,active,Bengali,3,16615,bronze
CUST-00851,Srinivas,Sastry,srinivas.sastry680@webmail.example,+91 80009 09708,male,1984-02-08,Visakhapatnam,Andhra Pradesh,530588,"House No. 407, Silver Oak Homes, Market Cross Road, New Colony",2024-11-10,regular,active,Hinglish,4,25015,bronze
CUST-00852,Ankit,Naidu,ankit.naidu@mailbox.example,+91 70002 59973,male,1999-10-19,Lucknow,Uttar Pradesh,226108,"53/20, Pearl Towers, Bypass Road, Housing Board",2024-11-11,regular,active,Hinglish,5,40851,bronze
CUST-00853,Ayaan,Negi,ayaan.negi@inbox.example,+91 90002 37720,other,1982-12-31,Faridabad,Haryana,121480,"20/5, Celestial Apartments, Civil Lines Road, Phase 2",2024-11-11,regular,active,Hinglish,3,9478,bronze
CUST-00854,Sakshi,Srivastava,sakshi.srivastava67@inbox.example,+91 70009 90725,female,1972-07-30,Delhi,Delhi,110366,"House No. 86, Rose Meadows, Industrial Area Road, Industrial Estate",2024-11-11,high_value,active,English,14,154645,gold
CUST-00855,Abhijit,Pandey,abhijit.pandey@mailbox.example,+91 80008 86589,male,1987-09-01,Kolkata,West Bengal,700196,"49/20, Ashiyana Complex, Garden Lane, Sector 14",2024-11-13,regular,active,Bengali,3,26650,bronze
CUST-00856,Ananya,Dubey,ananya.dubey@netmail.example,+91 90002 00139,female,1983-07-11,Gurugram,Haryana,122303,"18/8, Emerald Park, Temple Street, Industrial Estate",2024-11-13,premium,active,English,5,100889,silver
CUST-00857,Divya,Rao,divya.rao@webmail.example,+91 80003 07141,female,1988-12-29,Gurugram,Haryana,122218,"Flat 160, Ashiyana Complex, Ring Road, Opp. Public Library",2024-11-16,regular,active,Hindi,6,12951,bronze
CUST-00858,Aarti,Rathore,aarti.rathore@netmail.example,+91 60001 64398,female,1982-09-20,Jaipur,Rajasthan,302982,"Unit 10-C, Maple Court, Canal Road, Near City Mall",2024-11-17,inactive,active,Hindi,0,0,bronze
CUST-00859,Diya,Dsouza,diya.dsouza@mailbox.example,+91 60001 77632,female,1988-05-22,Bengaluru,Karnataka,560653,"Unit 9-C, Heritage Villas, Garden Lane, New Colony",2024-11-20,regular,active,Hindi,3,54042,bronze
CUST-00860,Kunjan,Rana,kunjan.rana@mailbox.example,+91 90004 29677,male,2004-04-15,Ahmedabad,Gujarat,380522,"16/14, Sunrise Residency, Link Road, Layout 3rd Stage",2024-11-20,premium,active,Hinglish,12,103101,silver
CUST-00861,Harsh,Sen,harsh.sen@inbox.example,+91 60000 18421,male,1987-11-16,Gurugram,Haryana,122596,"28/18, Lotus Heights, Old Town Road, Phase 2",2024-11-21,regular,active,Hinglish,5,37709,bronze
CUST-00862,Nisha,Ghosh,nisha.ghosh@netmail.example,+91 70005 63729,female,1996-01-25,Chennai,Tamil Nadu,600960,"House No. 119, Celestial Apartments, Industrial Area Road, Housing Board",2024-11-22,inactive,active,Tamil,1,5899,bronze
CUST-00863,Swati,Singh,swati.singh1232@inbox.example,+91 70000 40356,female,1984-10-07,Thiruvananthapuram,Kerala,695185,"Flat 480, Maple Court, Canal Road, New Colony",2024-11-22,inactive,active,Hinglish,0,0,bronze
CUST-00864,Chirag,Mukherjee,chirag.mukherjee1591@netmail.example,+91 70009 38274,male,1997-02-19,Vadodara,Gujarat,390904,"Unit 66-C, Maple Court, College Road, Behind Bus Stand",2024-11-23,premium,active,English,2,85115,bronze
CUST-00865,Saanvi,Gupta,saanvi.gupta905@webmail.example,+91 70007 85560,female,1980-11-24,Ahmedabad,Gujarat,380215,"54/19, Ashiyana Complex, Link Road, Extension",2024-11-24,regular,active,English,2,432,bronze
CUST-00866,Sneha,Kulkarni,sneha.kulkarni19@webmail.example,+91 60005 30542,female,1986-03-03,Bengaluru,Karnataka,560403,"Unit 49-D, Shanti Niwas, College Road, Camp Area",2024-11-24,inactive,active,English,1,1200,bronze
CUST-00867,Sanket,Joshi,sanket.joshi277@inbox.example,+91 60007 49936,male,2005-06-29,Mumbai,Maharashtra,400845,"47/28, Sai Krupa, Gandhi Marg, Extension",2024-11-25,high_value,active,Marathi,26,333830,gold
CUST-00868,Tara,Singh,tara.singh@netmail.example,+91 80004 94190,female,2001-03-28,Nagpur,Maharashtra,440926,"Unit 55-D, Riverview Enclave, Garden Lane, Block C",2024-11-25,inactive,active,English,0,0,bronze
CUST-00869,Rajesh,Joshi,rajesh.joshi1413@webmail.example,+91 90007 15013,male,1986-10-16,Mumbai,Maharashtra,400322,"12/15, Neelkanth CHS, Temple Street, Extension",2024-11-27,regular,active,English,4,46236,bronze
CUST-00870,Suresh,Patel,suresh.patel842@inbox.example,+91 80004 21102,male,1978-11-08,Ahmedabad,Gujarat,380763,"House No. 6, Mangal Darshan, Gandhi Marg, Near City Mall",2024-11-27,premium,active,Hinglish,4,66350,bronze
CUST-00871,Madhumita,Dey,madhumita.dey@netmail.example,+91 70004 77959,female,1987-03-29,Kolkata,West Bengal,700138,"Unit 39-D, Jasmine Heights, Market Cross Road, Phase 2",2024-11-28,high_value,active,English,21,420557,gold
CUST-00872,Manasi,Sawant,manasi.sawant@webmail.example,+91 80001 86295,female,1982-02-25,Nagpur,Maharashtra,440108,"House No. 112, Sunrise Residency, Lake View Road, Model Town",2024-12-02,inactive,suspended,Marathi,1,243,bronze
CUST-00873,Ishaan,Joshi,ishaan.joshi@inbox.example,+91 80008 89137,male,1998-06-13,Bhopal,Madhya Pradesh,462936,"Unit 85-C, Sai Krupa, Nagar Road, Opp. Public Library",2024-12-05,inactive,active,English,1,1919,bronze
CUST-00874,Tanmay,Murugan,tanmay.murugan@webmail.example,+91 60003 13537,male,1984-06-08,Chennai,Tamil Nadu,600595,"Unit 43-A, Palm Grove, MG Road, New Colony",2024-12-08,regular,active,Tamil,3,58107,bronze
CUST-00875,Debashish,Dutta,debashish.dutta22@mailbox.example,+91 60006 13030,male,2002-04-13,Kolkata,West Bengal,700756,"9/7, Neelkanth CHS, 12th Main, Behind Bus Stand",2024-12-11,regular,active,Hindi,2,11228,bronze
CUST-00876,Manasi,Deshmukh,manasi.deshmukh@webmail.example,+91 90007 08912,female,2001-02-02,Nashik,Maharashtra,422340,"House No. 460, Silver Oak Homes, Ring Road, Behind Bus Stand",2024-12-13,high_value,active,Hinglish,15,169537,gold
CUST-00877,Gaurav,Nambiar,gaurav.nambiar1225@mailbox.example,+91 60005 02402,male,1997-07-01,Bengaluru,Karnataka,560499,"37/7, Sai Krupa, Canal Road, Near City Mall",2024-12-15,new,active,Hinglish,1,5899,bronze
CUST-00878,Rakesh,Shah,rakesh.shah@webmail.example,+91 80003 46080,male,2006-02-04,Kochi,Kerala,682331,"Unit 6-D, Maple Court, 5th Cross, Block C",2024-12-16,regular,active,English,3,21114,bronze
CUST-00879,Rashmi,Patel,rashmi.patel66@mailbox.example,+91 60004 10842,female,1986-01-13,Mumbai,Maharashtra,400399,"House No. 82, Silver Oak Homes, Park Avenue, Opp. Public Library",2024-12-17,inactive,active,English,2,9894,bronze
CUST-00880,Varun,Mishra,varun.mishra@mailbox.example,+91 90005 81529,male,1991-11-19,Chennai,Tamil Nadu,600939,"Flat 795, Sunrise Residency, MG Road, Model Town",2024-12-17,high_value,active,English,30,398723,platinum
CUST-00881,Pooja,Murthy,pooja.murthy1467@netmail.example,+91 70003 02132,female,1986-09-06,Hyderabad,Telangana,500929,"41/23, Celestial Apartments, 5th Cross, Block C",2024-12-18,new,active,Telugu,1,691,bronze
CUST-00882,Saanvi,Bansal,saanvi.bansal95@webmail.example,+91 70004 51002,female,1995-10-20,Coimbatore,Tamil Nadu,641547,"42/9, Silver Oak Homes, Park Avenue, Near City Mall",2024-12-19,premium,active,Tamil,13,149047,silver
CUST-00883,Kabir,Patil,kabir.patil@mailbox.example,+91 70004 57898,male,1977-12-19,Chennai,Tamil Nadu,600897,"14/15, Anand Vihar Society, Gandhi Marg, Layout 3rd Stage",2024-12-21,premium,active,Tamil,7,112901,silver
CUST-00884,Meet,Parekh,meet.parekh28@netmail.example,+91 90007 84341,male,2002-01-31,Vadodara,Gujarat,390209,"Unit 96-A, Shanti Niwas, MG Road, Block C",2024-12-21,regular,active,English,3,41605,bronze
CUST-00885,Priya,Chatterjee,priya.chatterjee@inbox.example,+91 90007 27847,female,1999-07-30,Coimbatore,Tamil Nadu,641228,"Unit 50-A, Neelkanth CHS, Canal Road, Layout 3rd Stage",2024-12-21,regular,active,Tamil,3,17864,bronze
CUST-00886,Isha,Ghosh,isha.ghosh@netmail.example,+91 60002 57309,female,2000-11-24,Hyderabad,Telangana,500672,"Flat 179, Maple Court, Civil Lines Road, Sector 14",2024-12-22,high_value,active,Telugu,4,366111,bronze
CUST-00887,Vikram,Patel,vikram.patel66@webmail.example,+91 60004 16823,male,1995-01-12,Ranchi,Jharkhand,834043,"Unit 81-D, Mangal Darshan, Gandhi Marg, Camp Area",2024-12-22,regular,active,Hinglish,4,33957,bronze
CUST-00888,Tanushree,Ghosh,tanushree.ghosh@mailbox.example,+91 80004 29682,female,1986-02-13,Kolkata,West Bengal,700675,"Flat 1168, Celestial Apartments, Temple Street, Extension",2024-12-23,high_value,active,Hindi,12,178811,silver
CUST-00889,Venkat,Varma,venkat.varma@mailbox.example,+91 60007 77809,male,1987-07-01,Hyderabad,Telangana,500078,"43/17, Anand Vihar Society, Nehru Nagar Main Road, Behind Bus Stand",2024-12-24,inactive,inactive,Telugu,0,0,bronze
CUST-00890,Ekta,Dubey,ekta.dubey@inbox.example,+91 60002 19040,female,1978-06-05,Dehradun,Uttarakhand,248877,"House No. 181, Jasmine Heights, Nagar Road, Opp. Public Library",2024-12-25,high_value,active,Hinglish,26,356174,gold
CUST-00891,Siddharth,Sawant,siddharth.sawant@mailbox.example,+91 70009 91192,male,2006-03-31,Mumbai,Maharashtra,400408,"Flat 715, Skyline Arcade, Nagar Road, Near City Mall",2024-12-25,high_value,active,English,9,276260,silver
CUST-00892,Ananya,Solanki,ananya.solanki86@inbox.example,+91 70004 92874,female,1975-08-17,Surat,Gujarat,395815,"Unit 41-C, Celestial Apartments, MG Road, Extension",2024-12-26,inactive,active,Hindi,3,11600,bronze
CUST-00893,Shweta,Srivastava,shweta.srivastava@mailbox.example,+91 60005 02771,female,2006-07-31,Indore,Madhya Pradesh,452527,"Unit 5-C, Rose Meadows, Park Avenue, Block C",2024-12-26,regular,active,Hinglish,5,56425,bronze
CUST-00894,Anil,Chauhan,anil.chauhan58@inbox.example,+91 60008 68903,male,1984-07-01,Hyderabad,Telangana,500048,"House No. 322, Pearl Towers, Link Road, Housing Board",2024-12-29,new,active,Telugu,1,3908,bronze
CUST-00895,Meera,Chakraborty,meera.chakraborty@netmail.example,+91 70004 19667,female,1971-05-06,Guwahati,Assam,781055,"56/30, Celestial Apartments, 5th Cross, Opp. Public Library",2024-12-30,inactive,active,Bengali,0,0,bronze
CUST-00896,Aarti,Bansal,aarti.bansal@inbox.example,+91 70008 33838,female,1983-01-25,Vijayawada,Andhra Pradesh,520058,"Flat 1064, Neelkanth CHS, Gandhi Marg, Model Town",2025-01-01,new,active,Hinglish,1,57103,bronze
CUST-00897,Kaveri,Murugan,kaveri.murugan@mailbox.example,+91 90008 96850,female,2001-02-01,Chennai,Tamil Nadu,600548,"Flat 865, Sai Krupa, MG Road, Extension",2025-01-01,new,active,Tamil,1,94980,bronze
CUST-00898,Harleen,Dhillon,harleen.dhillon1358@webmail.example,+91 70002 32687,female,1990-06-10,Indore,Madhya Pradesh,452010,"Flat 261, Sai Krupa, Park Avenue, Behind Bus Stand",2025-01-03,premium,active,Hinglish,6,60109,bronze
CUST-00899,Isha,Sharma,isha.sharma8@netmail.example,+91 80001 00256,female,1995-11-30,Kolkata,West Bengal,700253,"27/8, Maple Court, Ring Road, Layout 3rd Stage",2025-01-03,regular,suspended,Bengali,2,22912,silver
CUST-00900,Arjun,Agarwal,arjun.agarwal@mailbox.example,+91 70004 25106,male,1985-05-04,Surat,Gujarat,395528,"Flat 944, Rose Meadows, 12th Main, Opp. Public Library",2025-01-04,high_value,active,Gujarati,21,485919,gold
CUST-00901,Bhumi,Dave,bhumi.dave45@mailbox.example,+91 80002 01458,female,1997-04-30,Rajkot,Gujarat,360099,"House No. 203, Heritage Villas, Bypass Road, Industrial Estate",2025-01-05,regular,active,English,6,25677,bronze
CUST-00902,Aarti,Gupta,aarti.gupta11@inbox.example,+91 60003 34927,female,1984-08-11,Bhopal,Madhya Pradesh,462992,"Unit 16-A, Silver Oak Homes, College Road, Model Town",2025-01-06,regular,active,English,2,4342,bronze
CUST-00903,Saanvi,Mehta,saanvi.mehta@webmail.example,+91 60001 69085,female,1994-01-16,Patna,Bihar,800506,"Unit 49-C, Celestial Apartments, Old Town Road, Extension",2025-01-12,inactive,active,Hinglish,0,0,bronze
CUST-00904,Vikram,Zaveri,vikram.zaveri43@mailbox.example,+91 90004 09924,male,1986-05-28,Surat,Gujarat,395312,"House No. 140, Silver Oak Homes, Nehru Nagar Main Road, Sector 14",2025-01-13,premium,active,Gujarati,18,105477,gold
CUST-00905,Rohan,Rao,rohan.rao@inbox.example,+91 90006 52846,male,1989-09-21,Bengaluru,Karnataka,560673,"Flat 629, Pearl Towers, Bypass Road, New Colony",2025-01-14,regular,active,English,4,28198,bronze
CUST-00906,Rashmi,Menon,rashmi.menon276@mailbox.example,+91 70000 07729,female,2003-05-03,Bhopal,Madhya Pradesh,462692,"House No. 231, Maple Court, Station Road, Layout 3rd Stage",2025-01-15,high_value,active,English,15,406421,gold
CUST-00907,Rahul,Joshi,rahul.joshi@webmail.example,+91 90003 37533,male,1981-06-12,Jaipur,Rajasthan,302316,"Flat 720, Anand Vihar Society, Gandhi Marg, West End",2025-01-17,inactive,active,English,0,0,bronze
CUST-00908,Anika,Verma,anika.verma@webmail.example,+91 70001 66553,female,1988-01-31,Kolkata,West Bengal,700743,"21/20, Neelkanth CHS, Civil Lines Road, Industrial Estate",2025-01-19,inactive,active,Bengali,0,0,bronze
CUST-00909,Dhara,Saxena,dhara.saxena1250@netmail.example,+91 60000 71638,female,1996-10-06,Surat,Gujarat,395116,"Unit 76-A, Rose Meadows, MG Road, Industrial Estate",2025-01-19,premium,active,English,13,101107,silver
CUST-00910,Suresh,Kumar,suresh.kumar84@inbox.example,+91 80009 92765,male,1993-10-31,Ahmedabad,Gujarat,380270,"Flat 148, Heritage Villas, Market Cross Road, Model Town",2025-01-21,regular,active,Hinglish,2,11287,bronze
CUST-00911,Shivam,Tomar,shivam.tomar64@netmail.example,+91 70009 55522,male,1988-07-28,Delhi,Delhi,110542,"House No. 125, Green Valley Apartments, College Road, Near City Mall",2025-01-22,new,active,English,1,2069,bronze
CUST-00912,Yash,Sen,yash.sen21@webmail.example,+91 70004 20484,male,1978-06-20,Noida,Uttar Pradesh,201394,"2/2, Neelkanth CHS, Garden Lane, Layout 3rd Stage",2025-01-22,inactive,active,Hindi,0,0,bronze
CUST-00913,Yash,Shetty,yash.shetty1194@inbox.example,+91 60006 03678,male,1976-09-09,Thiruvananthapuram,Kerala,695210,"45/8, Neelkanth CHS, Link Road, Near City Mall",2025-01-22,premium,active,Hindi,6,103970,bronze
CUST-00914,Pavithra,Hegde,pavithra.hegde@mailbox.example,+91 90007 76651,female,1977-10-20,Kochi,Kerala,682195,"Unit 62-B, Blue Lagoon Residency, Civil Lines Road, Camp Area",2025-01-23,inactive,active,English,0,0,bronze
CUST-00915,Sneha,Gupta,sneha.gupta@webmail.example,+91 70008 14037,female,1996-04-20,Hyderabad,Telangana,500455,"House No. 4, Jasmine Heights, Link Road, Extension",2025-01-23,regular,active,English,4,39963,bronze
CUST-00916,Lakshmi,Ahmed,lakshmi.ahmed871@inbox.example,+91 90004 62175,female,1970-07-10,Chennai,Tamil Nadu,600186,"House No. 367, Celestial Apartments, Lake View Road, Block C",2025-01-26,inactive,active,English,0,0,bronze
CUST-00917,Onkar,Kale,onkar.kale19@mailbox.example,+91 60006 19982,other,1996-05-04,Nashik,Maharashtra,422762,"Unit 36-C, Neelkanth CHS, Nehru Nagar Main Road, Housing Board",2025-01-26,regular,active,English,7,58774,bronze
CUST-00918,Diya,Tomar,diya.tomar21@webmail.example,+91 90003 68471,female,2002-08-12,Chandigarh,Chandigarh,160277,"12/6, Jasmine Heights, Lake View Road, Opp. Public Library",2025-01-27,premium,active,English,3,94535,bronze
CUST-00919,Krishna,Bhosale,krishna.bhosale@webmail.example,+91 70009 11399,male,1988-12-05,Mumbai,Maharashtra,400356,"31/18, Emerald Park, Ring Road, Extension",2025-01-27,inactive,suspended,Marathi,0,0,bronze
CUST-00920,Aarav,Nair,aarav.nair@netmail.example,+91 70002 07150,male,2005-08-28,Kochi,Kerala,682962,"1/9, Heritage Villas, Station Road, Sector 14",2025-01-29,regular,active,English,6,10381,bronze
CUST-00921,Dhruv,Srivastava,dhruv.srivastava@mailbox.example,+91 80007 62964,male,1985-03-31,Bhopal,Madhya Pradesh,462972,"Flat 739, Neelkanth CHS, Bypass Road, Sector 14",2025-01-31,premium,active,English,8,78727,silver
CUST-00922,Abhilash,Kapoor,abhilash.kapoor@inbox.example,+91 90007 39794,male,1997-07-01,Bengaluru,Karnataka,560981,"Flat 855, Gokul Dham, Link Road, Near City Mall",2025-02-04,premium,active,English,8,100349,silver
CUST-00923,Mohit,Jain,mohit.jain579@webmail.example,+91 60007 91220,male,1990-03-01,Jaipur,Rajasthan,302588,"Unit 63-A, Shanti Niwas, Civil Lines Road, Sector 14",2025-02-04,premium,active,English,4,91493,bronze
CUST-00924,Shivam,Bajwa,shivam.bajwa@inbox.example,+91 80006 88945,male,2004-01-11,Indore,Madhya Pradesh,452747,"House No. 318, Neelkanth CHS, Old Town Road, Sector 14",2025-02-04,regular,active,English,2,2516,bronze
CUST-00925,Jyoti,Bhat,jyoti.bhat@netmail.example,+91 70007 15576,female,1988-08-21,Kochi,Kerala,682394,"Unit 57-D, Neelkanth CHS, Ring Road, Behind Bus Stand",2025-02-08,regular,active,Hinglish,4,44255,bronze
CUST-00926,Aishwarya,Sen,aishwarya.sen69@netmail.example,+91 60005 66424,female,1989-03-30,Nagpur,Maharashtra,440287,"59/5, Green Valley Apartments, Canal Road, New Colony",2025-02-09,premium,active,English,4,62532,bronze
CUST-00927,Mohit,Verma,mohit.verma1144@inbox.example,+91 80009 66791,male,1986-12-18,Nagpur,Maharashtra,440422,"House No. 147, Heritage Villas, 5th Cross, Opp. Public Library",2025-02-09,premium,active,English,3,82597,bronze
CUST-00928,Reyansh,Gupta,reyansh.gupta@inbox.example,+91 90003 84778,male,1991-11-08,Hyderabad,Telangana,500039,"45/8, Silver Oak Homes, Station Road, Sector 14",2025-02-13,high_value,active,English,28,461358,gold
CUST-00929,Teja,Khanna,teja.khanna@netmail.example,+91 80008 01899,male,1980-12-26,Hyderabad,Telangana,500080,"Unit 29-A, Gokul Dham, Garden Lane, Behind Bus Stand",2025-02-13,regular,active,Hinglish,7,29148,bronze
CUST-00930,Aishwarya,More,aishwarya.more83@webmail.example,+91 80005 61915,female,2001-10-24,Pune,Maharashtra,411303,"5/1, Ashiyana Complex, Ring Road, Behind Bus Stand",2025-02-14,inactive,active,English,2,84222,bronze
CUST-00931,Garima,Bose,garima.bose14@netmail.example,+91 70002 62638,female,1997-09-19,Gurugram,Haryana,122590,"Flat 960, Silver Oak Homes, Nehru Nagar Main Road, Opp. Public Library",2025-02-15,new,active,Hindi,1,3421,bronze
CUST-00932,Komal,Sawant,komal.sawant65@mailbox.example,+91 70000 11628,female,1985-08-31,Nagpur,Maharashtra,440301,"House No. 417, Blue Lagoon Residency, 5th Cross, Layout 3rd Stage",2025-02-15,inactive,active,Marathi,0,0,bronze
CUST-00933,Swapnil,Joshi,swapnil.joshi94@inbox.example,+91 90006 51248,male,1992-12-01,Mumbai,Maharashtra,400947,"Unit 28-C, Neelkanth CHS, Market Cross Road, Housing Board",2025-02-15,high_value,active,English,6,312233,bronze
CUST-00934,Piyali,Bansal,piyali.bansal1688@mailbox.example,+91 60000 48822,female,1992-07-23,Howrah,West Bengal,711554,"Unit 85-B, Emerald Park, Link Road, New Colony",2025-02-17,inactive,suspended,English,0,0,bronze
CUST-00935,Jyoti,Gill,jyoti.gill58@mailbox.example,+91 70005 44386,female,1989-03-04,Varanasi,Uttar Pradesh,221221,"50/10, Mangal Darshan, 5th Cross, Sector 14",2025-02-19,premium,active,Hindi,8,124298,silver
CUST-00936,Kavya,Raju,kavya.raju1@netmail.example,+91 80006 02098,female,1980-09-26,Hyderabad,Telangana,500858,"Unit 95-D, Skyline Arcade, Lake View Road, Extension",2025-02-19,regular,active,Telugu,4,26582,bronze
CUST-00937,Payel,Mondal,payel.mondal@webmail.example,+91 60005 54990,female,1991-10-19,Howrah,West Bengal,711297,"Flat 105, Mangal Darshan, 5th Cross, Camp Area",2025-02-20,high_value,active,English,3,165832,bronze
CUST-00938,Tanmay,Mukherjee,tanmay.mukherjee@inbox.example,+91 70004 13601,male,1993-08-14,Jodhpur,Rajasthan,342376,"House No. 196, Celestial Apartments, Station Road, New Colony",2025-02-21,inactive,active,Hinglish,0,0,bronze
CUST-00939,Swati,Reddy,swati.reddy10@inbox.example,+91 70003 71218,female,1995-01-15,Chandigarh,Chandigarh,160376,"Flat 380, Sai Krupa, Old Town Road, Opp. Public Library",2025-02-22,inactive,active,Hindi,0,0,bronze
CUST-00940,Karthik,Dsouza,karthik.dsouza276@inbox.example,+91 70006 14581,male,1989-08-23,Madurai,Tamil Nadu,625732,"House No. 375, Sai Krupa, Market Cross Road, Model Town",2025-02-23,regular,active,Tamil,3,45619,bronze
CUST-00941,Jyoti,Dubey,jyoti.dubey@mailbox.example,+91 90006 26200,female,2007-02-09,Faridabad,Haryana,121111,"Unit 4-C, Emerald Park, Temple Street, Model Town",2025-02-28,new,active,Hindi,1,255,bronze
CUST-00942,Yash,Sarkar,yash.sarkar43@inbox.example,+91 60004 90692,male,1980-12-26,Howrah,West Bengal,711489,"Flat 286, Maple Court, 12th Main, Housing Board",2025-02-28,high_value,active,English,25,285841,platinum
CUST-00943,Nirav,Saxena,nirav.saxena@inbox.example,+91 70007 03289,male,2002-08-08,Rajkot,Gujarat,360256,"House No. 201, Palm Grove, Nehru Nagar Main Road, Sector 14",2025-03-02,inactive,active,Gujarati,0,0,bronze
CUST-00944,Nidhi,Sandhu,nidhi.sandhu53@mailbox.example,+91 90004 12422,female,2004-02-28,Kanpur,Uttar Pradesh,208750,"House No. 397, Tulsi Garden, Station Road, Model Town",2025-03-04,regular,active,Hindi,2,9255,bronze
CUST-00945,Myra,Gupta,myra.gupta@netmail.example,+91 70005 23269,female,2006-02-11,Udaipur,Rajasthan,313593,"48/28, Tulsi Garden, 12th Main, West End",2025-03-05,premium,active,Hinglish,3,111495,bronze
CUST-00946,Pavithra,Varghese,pavithra.varghese@inbox.example,+91 60002 14378,female,1989-10-25,Bengaluru,Karnataka,560430,"8/19, Silver Oak Homes, Temple Street, Near City Mall",2025-03-05,regular,active,Hinglish,3,27206,bronze
CUST-00947,Kiara,Balaji,kiara.balaji@webmail.example,+91 80001 04434,female,1998-07-29,Chennai,Tamil Nadu,600700,"House No. 107, Orchid Towers, Lake View Road, Phase 2",2025-03-09,regular,active,English,4,13161,bronze
CUST-00948,Ananya,Dhillon,ananya.dhillon@inbox.example,+91 70005 16559,female,1999-04-23,Lucknow,Uttar Pradesh,226587,"Flat 416, Shanti Niwas, Gandhi Marg, Near City Mall",2025-03-11,inactive,active,Hindi,1,1651,bronze
CUST-00949,Gurpreet,Dhillon,gurpreet.dhillon421@inbox.example,+91 90009 36008,male,1994-01-02,Chandigarh,Chandigarh,160922,"3/3, Ashiyana Complex, Canal Road, Model Town",2025-03-12,regular,active,English,3,2334,bronze
CUST-00950,Vignesh,Krishnan,vignesh.krishnan1368@mailbox.example,+91 60007 58584,male,2005-02-23,Coimbatore,Tamil Nadu,641490,"House No. 104, Green Valley Apartments, Park Avenue, Behind Bus Stand",2025-03-12,high_value,active,Tamil,22,239880,gold
CUST-00951,Megha,Bhattacharya,megha.bhattacharya@inbox.example,+91 80009 37877,female,1990-11-13,Kolkata,West Bengal,700403,"House No. 393, Gokul Dham, Market Cross Road, West End",2025-03-13,regular,suspended,Bengali,3,38481,silver
CUST-00952,Anjali,Rathore,anjali.rathore@webmail.example,+91 80005 69282,female,1996-08-06,Ludhiana,Punjab,141298,"Flat 945, Skyline Arcade, 5th Cross, Layout 3rd Stage",2025-03-15,inactive,active,English,0,0,bronze
CUST-00953,Arjun,Sharma,arjun.sharma@netmail.example,+91 60008 98524,male,1995-08-02,Noida,Uttar Pradesh,201519,"53/20, Orchid Towers, Link Road, Camp Area",2025-03-22,regular,active,Hinglish,2,11657,bronze
CUST-00954,Harleen,Srivastava,harleen.srivastava607@mailbox.example,+91 80008 17276,female,2002-09-08,Delhi,Delhi,110915,"House No. 153, Neelkanth CHS, Park Avenue, Extension",2025-03-26,high_value,active,English,4,317255,bronze
CUST-00955,Akshay,Joshi,akshay.joshi@inbox.example,+91 70001 61290,male,1986-10-20,Pune,Maharashtra,411819,"Flat 252, Neelkanth CHS, Lake View Road, Block C",2025-03-29,regular,active,English,3,7662,bronze
CUST-00956,Pallavi,Fernandes,pallavi.fernandes@inbox.example,+91 70008 84280,female,2000-05-02,Gurugram,Haryana,122273,"Flat 251, Silver Oak Homes, Nagar Road, Camp Area",2025-03-29,regular,active,English,3,21526,bronze
CUST-00957,Shivam,Bajwa,shivam6220.bajwa@netmail.example,+91 70008 01610,male,1971-09-01,Noida,Uttar Pradesh,201222,"40/25, Sai Krupa, 12th Main, Layout 3rd Stage",2025-03-30,inactive,active,English,0,0,bronze
CUST-00958,Rutuja,Das,rutuja.das@inbox.example,+91 80009 46403,female,1988-01-14,Pune,Maharashtra,411840,"Flat 762, Celestial Apartments, Ring Road, Sector 14",2025-03-31,premium,active,Hindi,3,123544,bronze
CUST-00959,Nayana,Menon,nayana.menon@inbox.example,+91 70008 35251,female,2003-11-04,Bengaluru,Karnataka,560280,"Flat 668, Sai Krupa, Gandhi Marg, New Colony",2025-04-04,high_value,active,Hindi,10,321424,bronze
CUST-00960,Rashmi,Kulkarni,rashmi.kulkarni@inbox.example,+91 70005 10094,female,1992-10-09,Patna,Bihar,800019,"House No. 74, Heritage Villas, Garden Lane, Sector 14",2025-04-04,new,active,Hinglish,1,79,bronze
CUST-00961,Nidhi,Sharma,nidhi.sharma@inbox.example,+91 60001 69037,female,1989-12-30,Patna,Bihar,800291,"33/5, Jasmine Heights, 12th Main, Near City Mall",2025-04-05,premium,active,Hinglish,5,95458,bronze
CUST-00962,Mayank,Dhillon,mayank.dhillon84@mailbox.example,+91 70006 61523,male,1999-01-04,Noida,Uttar Pradesh,201550,"Unit 89-C, Gokul Dham, 5th Cross, Layout 3rd Stage",2025-04-06,regular,active,Hindi,4,18747,bronze
CUST-00963,Deepa,Nair,deepa.nair86@mailbox.example,+91 90004 39996,female,2007-03-22,Coimbatore,Tamil Nadu,641964,"Unit 66-B, Pearl Towers, Gandhi Marg, Extension",2025-04-07,high_value,active,Tamil,28,500696,gold
CUST-00964,Keerthi,Goud,keerthi.goud369@netmail.example,+91 90002 62156,female,2005-02-17,Visakhapatnam,Andhra Pradesh,530211,"Flat 337, Sunrise Residency, Lake View Road, Layout 3rd Stage",2025-04-08,premium,active,English,2,87318,bronze
CUST-00965,Shruti,Tiwari,shruti.tiwari1107@webmail.example,+91 70004 00023,female,1989-09-26,Udaipur,Rajasthan,313611,"House No. 356, Gokul Dham, Station Road, Layout 3rd Stage",2025-04-09,high_value,active,Hinglish,9,265352,silver
CUST-00966,Shruti,Desai,shruti4504.desai@webmail.example,+91 90009 80370,female,1985-04-22,Jaipur,Rajasthan,302845,"House No. 478, Pearl Towers, Lake View Road, Opp. Public Library",2025-04-09,new,active,English,1,6253,bronze
CUST-00967,Pooja,Gill,pooja.gill@inbox.example,+91 60005 06439,female,1993-07-14,Ludhiana,Punjab,141177,"Unit 53-B, Sai Krupa, Ring Road, Phase 2",2025-04-10,high_value,active,English,7,218718,bronze
CUST-00968,Siddharth,Menon,siddharth.menon@webmail.example,+91 80000 63100,male,2005-09-09,Ahmedabad,Gujarat,380960,"House No. 371, Tulsi Garden, Canal Road, Layout 3rd Stage",2025-04-10,high_value,active,Gujarati,32,378359,platinum
CUST-00969,Varun,Nandi,varun.nandi@webmail.example,+91 80004 64903,male,1977-03-11,Bhubaneswar,Odisha,751898,"Unit 53-A, Orchid Towers, Market Cross Road, Housing Board",2025-04-12,regular,active,Hindi,3,42237,bronze
CUST-00970,Tara,Gill,tara.gill90@webmail.example,+91 90002 29507,female,1978-07-21,Delhi,Delhi,110829,"49/11, Anand Vihar Society, Garden Lane, Phase 2",2025-04-14,high_value,active,Hindi,6,153568,bronze
CUST-00971,Harika,Prasad,harika.prasad96@inbox.example,+91 90004 34910,female,1999-05-28,Hyderabad,Telangana,500772,"30/20, Palm Grove, Nagar Road, Block C",2025-04-15,inactive,active,English,0,0,bronze
CUST-00972,Vikram,Gowda,vikram.gowda867@mailbox.example,+91 80000 73596,male,1985-08-14,Thiruvananthapuram,Kerala,695543,"Flat 251, Skyline Arcade, 12th Main, Near City Mall",2025-04-15,premium,active,Hindi,3,62314,bronze
CUST-00973,Thenmozhi,Naidu,thenmozhi.naidu6@netmail.example,+91 80009 77249,female,1992-07-24,Chennai,Tamil Nadu,600202,"Unit 62-B, Riverview Enclave, Link Road, Behind Bus Stand",2025-04-17,regular,active,English,3,9170,bronze
CUST-00974,Tanmay,Shukla,tanmay.shukla@mailbox.example,+91 70002 42709,male,1994-12-26,Ludhiana,Punjab,141985,"28/6, Palm Grove, College Road, Industrial Estate",2025-04-18,regular,active,English,3,32456,bronze
CUST-00975,Shivam,Rao,shivam.rao561@inbox.example,+91 60003 89620,male,1992-04-09,Chandigarh,Chandigarh,160604,"Unit 7-B, Tulsi Garden, Park Avenue, West End",2025-04-20,premium,active,Hinglish,13,54834,gold
CUST-00976,Manish,Vyas,manish.vyas@webmail.example,+91 80001 95242,other,1969-07-25,Ahmedabad,Gujarat,380064,"5/9, Sunrise Residency, Lake View Road, Industrial Estate",2025-04-22,regular,active,English,4,39663,bronze
CUST-00977,Krishna,Gaikwad,krishna.gaikwad@inbox.example,+91 80007 58792,male,1978-09-01,Pune,Maharashtra,411081,"House No. 181, Orchid Towers, Canal Road, Extension",2025-04-24,regular,active,Hinglish,3,21696,bronze
CUST-00978,Saanvi,Rao,saanvi.rao@inbox.example,+91 80009 59669,female,1986-05-11,Coimbatore,Tamil Nadu,641284,"Flat 804, Gokul Dham, MG Road, Near City Mall",2025-04-24,new,active,English,1,981,bronze
CUST-00979,Aditya,Patel,aditya.patel1169@inbox.example,+91 70005 92402,male,2007-03-15,Mumbai,Maharashtra,400345,"Flat 309, Tulsi Garden, Link Road, Housing Board",2025-04-26,new,active,English,1,9166,bronze
CUST-00980,Sreelakshmi,Poojary,sreelakshmi.poojary@inbox.example,+91 90006 76853,female,1988-04-05,Mysuru,Karnataka,570688,"Flat 117, Anand Vihar Society, Industrial Area Road, Block C",2025-04-28,premium,active,English,11,147132,silver
CUST-00981,Pallavi,Bhatia,pallavi.bhatia3@webmail.example,+91 80009 22042,female,1984-01-09,Kolkata,West Bengal,700428,"Flat 316, Green Valley Apartments, Link Road, Model Town",2025-05-01,regular,active,English,7,59668,silver
CUST-00982,Manasi,Dutta,manasi.dutta@netmail.example,+91 70009 97155,female,1991-01-05,Mumbai,Maharashtra,400183,"Flat 370, Anand Vihar Society, College Road, Sector 14",2025-05-04,regular,active,English,5,42092,bronze
CUST-00983,Sai,Chowdary,sai.chowdary@webmail.example,+91 90009 52367,male,2007-04-15,Hyderabad,Telangana,500303,"House No. 214, Maple Court, Station Road, Sector 14",2025-05-04,premium,active,Telugu,6,96426,bronze
CUST-00984,Divya,Das,divya.das@netmail.example,+91 80007 78802,female,2007-02-14,Vijayawada,Andhra Pradesh,520847,"Unit 30-C, Skyline Arcade, Ring Road, Industrial Estate",2025-05-09,premium,active,English,9,129010,silver
CUST-00985,Kiran,Tiwari,kiran.tiwari@mailbox.example,+91 60007 91088,male,1983-03-17,Hyderabad,Telangana,500020,"Unit 25-B, Blue Lagoon Residency, Ring Road, Opp. Public Library",2025-05-10,inactive,active,English,0,0,bronze
CUST-00986,Swati,Sawant,swati.sawant@mailbox.example,+91 80009 67267,female,2007-03-19,Mumbai,Maharashtra,400463,"House No. 333, Riverview Enclave, Lake View Road, New Colony",2025-05-10,inactive,active,Marathi,0,0,bronze
CUST-00987,Nisha,Srivastava,nisha.srivastava32@netmail.example,+91 90003 44014,female,1995-03-07,Amritsar,Punjab,143535,"House No. 4, Riverview Enclave, Bypass Road, Near City Mall",2025-05-11,premium,active,Hindi,2,89088,bronze
CUST-00988,Yash,Tomar,yash.tomar@inbox.example,+91 90001 64069,male,1988-09-27,Indore,Madhya Pradesh,452908,"Flat 757, Gokul Dham, Park Avenue, Behind Bus Stand",2025-05-11,inactive,active,Hinglish,0,0,bronze
CUST-00989,Pranav,Thakkar,pranav.thakkar@webmail.example,+91 60004 25349,male,2003-01-12,Surat,Gujarat,395041,"House No. 238, Sunrise Residency, MG Road, Phase 2",2025-05-12,regular,active,Gujarati,7,59568,silver
CUST-00990,Bhumi,Das,bhumi.das804@inbox.example,+91 90000 70734,female,1977-05-18,Vadodara,Gujarat,390766,"10/27, Tulsi Garden, 12th Main, Camp Area",2025-05-13,regular,active,English,4,58772,silver
CUST-00991,Harpreet,Rawat,harpreet.rawat91@inbox.example,+91 70000 75103,male,1991-09-07,Delhi,Delhi,110143,"53/25, Gokul Dham, Nehru Nagar Main Road, Behind Bus Stand",2025-05-13,new,suspended,English,1,255,bronze
CUST-00992,Mohit,Tiwari,mohit.tiwari370@netmail.example,+91 70009 28951,male,2000-02-29,Kolkata,West Bengal,700494,"4/1, Shanti Niwas, Park Avenue, Near City Mall",2025-05-14,high_value,active,Bengali,36,787638,platinum
CUST-00993,Sneha,Gill,sneha.gill@netmail.example,+91 60004 86469,female,1998-03-07,Kanpur,Uttar Pradesh,208788,"House No. 200, Green Valley Apartments, 5th Cross, Model Town",2025-05-14,high_value,suspended,English,3,194416,silver
CUST-00994,Harpreet,Shukla,harpreet.shukla1444@netmail.example,+91 90007 12535,male,1984-01-05,Ludhiana,Punjab,141595,"Flat 1191, Neelkanth CHS, College Road, Sector 14",2025-05-15,new,active,Hinglish,1,28319,bronze
CUST-00995,Mrunal,Bhosale,mrunal.bhosale@webmail.example,+91 60002 53700,female,2007-05-06,Nashik,Maharashtra,422517,"45/1, Mangal Darshan, Bypass Road, Block C",2025-05-15,premium,active,Hinglish,5,71489,bronze
CUST-00996,Nikhil,Gupta,nikhil.gupta@mailbox.example,+91 90005 42448,male,1985-09-02,Hyderabad,Telangana,500532,"House No. 409, Sunrise Residency, Civil Lines Road, Near City Mall",2025-05-15,new,active,English,1,15339,bronze
CUST-00997,Tara,Venkatesan,tara.venkatesan@mailbox.example,+91 80003 46371,female,2005-03-10,Madurai,Tamil Nadu,625346,"9/30, Blue Lagoon Residency, Bypass Road, Phase 2",2025-05-15,high_value,active,Tamil,26,419633,platinum
CUST-00998,Abhilash,Bhat,abhilash.bhat@webmail.example,+91 60008 43956,male,1980-01-31,Bengaluru,Karnataka,560541,"House No. 85, Neelkanth CHS, Lake View Road, Near City Mall",2025-05-17,regular,active,English,4,50317,bronze
CUST-00999,Suresh,Pillai,suresh.pillai1621@inbox.example,+91 70003 12079,male,1997-04-17,Ahmedabad,Gujarat,380263,"18/30, Tulsi Garden, College Road, Sector 14",2025-05-18,inactive,suspended,Hinglish,0,0,bronze
CUST-01000,Anjali,Tomar,anjali.tomar66@netmail.example,+91 70004 86879,female,1985-10-27,Delhi,Delhi,110832,"House No. 394, Pearl Towers, Ring Road, Industrial Estate",2025-05-19,inactive,active,Hinglish,0,0,bronze
CUST-01001,Vignesh,Natarajan,vignesh.natarajan@webmail.example,+91 90005 76864,male,1995-07-12,Madurai,Tamil Nadu,625765,"Unit 60-B, Sai Krupa, Lake View Road, Model Town",2025-05-19,inactive,active,English,0,0,bronze
CUST-01002,Soumya,Mukherjee,soumya.mukherjee33@webmail.example,+91 70006 27116,male,1996-10-17,Kolkata,West Bengal,700945,"8/30, Sunrise Residency, Nehru Nagar Main Road, New Colony",2025-05-22,premium,active,Bengali,7,94239,silver
CUST-01003,Pranav,Gill,pranav.gill64@mailbox.example,+91 90007 58756,male,1994-09-27,Kanpur,Uttar Pradesh,208624,"Unit 27-A, Silver Oak Homes, Gandhi Marg, Near City Mall",2025-05-24,regular,active,English,4,18500,bronze
CUST-01004,Sandeep,Patil,sandeep.patil@inbox.example,+91 60009 38939,male,2007-02-08,Vijayawada,Andhra Pradesh,520209,"Flat 454, Orchid Towers, Nagar Road, Phase 2",2025-05-24,high_value,active,English,23,415315,silver
CUST-01005,Saanvi,Sharma,saanvi.sharma69@mailbox.example,+91 70002 29685,female,1988-05-13,Chennai,Tamil Nadu,600167,"Flat 497, Jasmine Heights, Nehru Nagar Main Road, Block C",2025-05-26,regular,active,Tamil,3,11006,bronze
CUST-01006,Sneha,Kulkarni,sneha.kulkarni@netmail.example,+91 90006 27535,female,1994-09-11,Delhi,Delhi,110404,"25/9, Emerald Park, Canal Road, Layout 3rd Stage",2025-05-26,premium,active,English,2,94646,bronze
CUST-01007,Nirav,Iyer,nirav.iyer1038@inbox.example,+91 70009 15082,male,1997-08-13,Ahmedabad,Gujarat,380464,"32/15, Mangal Darshan, 5th Cross, Camp Area",2025-05-30,high_value,active,Hinglish,8,276806,silver
CUST-01008,Nidhi,Gill,nidhi.gill@netmail.example,+91 90000 33582,female,1990-10-15,Faridabad,Haryana,121227,"Flat 669, Silver Oak Homes, Park Avenue, Layout 3rd Stage",2025-05-31,inactive,active,English,0,0,bronze
CUST-01009,Janani,Murugan,janani.murugan38@webmail.example,+91 70007 00190,female,1973-05-07,Chennai,Tamil Nadu,600650,"Unit 70-C, Anand Vihar Society, Temple Street, Layout 3rd Stage",2025-06-02,inactive,inactive,Tamil,0,0,bronze
CUST-01010,Yash,Menon,yash.menon@webmail.example,+91 80009 65800,male,1966-04-28,Gurugram,Haryana,122737,"Unit 19-A, Silver Oak Homes, Industrial Area Road, New Colony",2025-06-02,regular,active,Hinglish,2,7675,bronze
CUST-01011,Karan,Ali,karan.ali15@webmail.example,+91 80008 24951,other,2001-12-09,Faridabad,Haryana,121342,"Unit 82-D, Ashiyana Complex, Civil Lines Road, Phase 2",2025-06-03,inactive,active,Hinglish,0,0,bronze
CUST-01012,Kavya,Thakur,kavya.thakur@mailbox.example,+91 70004 20460,female,1993-04-01,Varanasi,Uttar Pradesh,221505,"House No. 358, Celestial Apartments, Link Road, New Colony",2025-06-05,premium,active,Hindi,4,78704,bronze
CUST-01013,Krishna,Parekh,krishna.parekh@mailbox.example,+91 90006 53535,male,1980-02-22,Ahmedabad,Gujarat,380100,"Unit 49-A, Blue Lagoon Residency, 12th Main, Camp Area",2025-06-07,regular,active,Hindi,2,10286,bronze
CUST-01014,Onkar,Jadhav,onkar.jadhav1616@netmail.example,+91 60002 99820,male,2007-01-05,Mumbai,Maharashtra,400255,"Unit 11-C, Blue Lagoon Residency, Civil Lines Road, Opp. Public Library",2025-06-07,regular,active,Hinglish,3,30308,bronze
CUST-01015,Janani,Selvam,janani.selvam1623@inbox.example,+91 60008 82628,female,2002-04-01,Coimbatore,Tamil Nadu,641827,"Flat 121, Sunrise Residency, Temple Street, Model Town",2025-06-09,inactive,active,Tamil,1,0,bronze
CUST-01016,Pranav,Patel,pranav.patel853@netmail.example,+91 70003 22039,male,1990-02-05,Patna,Bihar,800443,"50/23, Sunrise Residency, College Road, Block C",2025-06-09,premium,active,Hindi,10,53311,bronze
CUST-01017,Chinmay,Gaikwad,chinmay.gaikwad17@webmail.example,+91 60005 10424,male,2007-03-05,Panaji,Goa,403568,"4/16, Tulsi Garden, Gandhi Marg, Block C",2025-06-10,regular,active,Hindi,5,48236,bronze
CUST-01018,Sakshi,Varma,sakshi.varma69@webmail.example,+91 70006 60088,female,1989-10-20,Warangal,Telangana,506114,"Flat 1110, Palm Grove, Link Road, Layout 3rd Stage",2025-06-10,regular,active,English,4,21590,bronze
CUST-01019,Karthik,Bhatia,karthik.bhatia@inbox.example,+91 70003 67675,male,1982-04-24,Madurai,Tamil Nadu,625972,"House No. 69, Sai Krupa, Link Road, Camp Area",2025-06-14,inactive,active,Tamil,0,0,bronze
CUST-01020,Komal,Shetty,komal.shetty@netmail.example,+91 90008 85913,female,2007-03-17,Bengaluru,Karnataka,560349,"Unit 20-A, Heritage Villas, Old Town Road, Sector 14",2025-06-14,premium,active,English,2,70838,bronze
CUST-01021,Tanvi,Tiwari,tanvi.tiwari@mailbox.example,+91 90004 23866,female,2000-10-02,Chennai,Tamil Nadu,600103,"Unit 8-D, Sunrise Residency, Temple Street, Sector 14",2025-06-14,high_value,active,English,35,608277,platinum
CUST-01022,Anjali,Thakur,anjali.thakur26@webmail.example,+91 70003 60718,female,1990-11-29,Delhi,Delhi,110414,"Unit 89-B, Silver Oak Homes, Industrial Area Road, Camp Area",2025-06-15,high_value,active,Hinglish,7,164406,bronze
CUST-01023,Gaurav,Nair,gaurav.nair461@mailbox.example,+91 70004 36693,male,1989-05-21,Panaji,Goa,403060,"Flat 685, Ashiyana Complex, Gandhi Marg, Housing Board",2025-06-15,high_value,active,Marathi,19,231574,gold
CUST-01024,Naresh,Shetty,naresh.shetty96@mailbox.example,+91 80007 22413,male,1978-06-29,Kochi,Kerala,682085,"Unit 45-D, Sunrise Residency, Nehru Nagar Main Road, Industrial Estate",2025-06-17,high_value,active,English,18,358547,platinum
CUST-01025,Aarti,Kapoor,aarti.kapoor@netmail.example,+91 60000 20206,female,1988-10-01,Guwahati,Assam,781708,"Unit 21-A, Pearl Towers, Canal Road, Layout 3rd Stage",2025-06-18,inactive,active,Bengali,0,0,bronze
CUST-01026,Pranav,Yadav,pranav.yadav48@netmail.example,+91 80004 48300,male,1988-06-25,Vijayawada,Andhra Pradesh,520076,"Unit 54-D, Riverview Enclave, Garden Lane, Housing Board",2025-06-19,regular,active,English,5,27836,bronze
CUST-01027,Anika,Rawat,anika.rawat1061@inbox.example,+91 90003 91536,female,1999-12-28,Udaipur,Rajasthan,313472,"House No. 395, Sunrise Residency, Industrial Area Road, Extension",2025-06-22,high_value,active,Hindi,7,452870,bronze
CUST-01028,Siddharth,Jain,siddharth.jain@netmail.example,+91 90007 18627,male,1991-04-05,Bhopal,Madhya Pradesh,462064,"House No. 333, Mangal Darshan, Nehru Nagar Main Road, Camp Area",2025-06-24,premium,active,Hindi,10,89716,silver
CUST-01029,Sai,Iyer,sai.iyer83@mailbox.example,+91 60005 69813,male,1994-01-13,Hyderabad,Telangana,500976,"23/29, Lotus Heights, Ring Road, New Colony",2025-06-25,premium,active,English,11,136890,silver
CUST-01030,Sandeep,Patel,sandeep.patel1860@mailbox.example,+91 80001 89901,male,1990-10-03,Ludhiana,Punjab,141528,"Unit 57-D, Gokul Dham, 12th Main, Phase 2",2025-06-28,regular,active,English,3,8966,bronze
CUST-01031,Vihaan,Zaveri,vihaan.zaveri@mailbox.example,+91 80004 74659,male,2006-02-26,Vadodara,Gujarat,390151,"Flat 485, Jasmine Heights, Temple Street, Extension",2025-06-28,premium,active,English,2,84717,bronze
CUST-01032,Preeti,Gill,preeti.gill315@netmail.example,+91 70005 11463,female,1993-04-04,Delhi,Delhi,110584,"Flat 608, Anand Vihar Society, Lake View Road, Extension",2025-06-29,regular,active,Hinglish,2,24469,bronze
CUST-01033,Kiara,Modi,kiara.modi1340@webmail.example,+91 70007 65076,female,1986-04-23,Ahmedabad,Gujarat,380322,"House No. 239, Mangal Darshan, 5th Cross, Layout 3rd Stage",2025-06-30,high_value,active,Hindi,26,547828,platinum
CUST-01034,Megha,Zaveri,megha.zaveri@inbox.example,+91 70005 31281,female,1968-02-28,Surat,Gujarat,395090,"Flat 176, Neelkanth CHS, Nehru Nagar Main Road, Opp. Public Library",2025-06-30,regular,active,Gujarati,3,12053,bronze
CUST-01035,Vikram,Malhotra,vikram.malhotra@webmail.example,+91 90003 14422,male,1990-12-10,Chennai,Tamil Nadu,600253,"Unit 67-A, Tulsi Garden, 12th Main, Opp. Public Library",2025-07-02,inactive,active,English,0,0,bronze
CUST-01036,Dhara,Bhatia,dhara.bhatia1566@webmail.example,+91 80007 72782,female,1971-04-23,Ahmedabad,Gujarat,380437,"32/25, Gokul Dham, MG Road, Behind Bus Stand",2025-07-04,regular,active,Hindi,3,41097,bronze
CUST-01037,Payel,Fernandes,payel.fernandes@webmail.example,+91 80002 34752,female,2007-03-14,Kolkata,West Bengal,700462,"Flat 1044, Lotus Heights, Lake View Road, Housing Board",2025-07-05,inactive,active,English,0,0,bronze
CUST-01038,Sandeep,Mishra,sandeep.mishra@netmail.example,+91 60006 57748,male,2006-12-29,Mumbai,Maharashtra,400190,"House No. 124, Tulsi Garden, Canal Road, Block C",2025-07-05,high_value,active,Hinglish,11,242957,silver
CUST-01039,Tanmay,Gupta,tanmay.gupta949@mailbox.example,+91 90004 64016,male,1986-07-31,Mumbai,Maharashtra,400962,"Flat 1055, Blue Lagoon Residency, Link Road, Near City Mall",2025-07-06,regular,active,English,5,24386,bronze
CUST-01040,Dhara,Shah,dhara.shah2003@webmail.example,+91 90000 50672,female,1983-03-25,Surat,Gujarat,395881,"Unit 4-B, Pearl Towers, Market Cross Road, Phase 2",2025-07-08,regular,active,English,3,8003,bronze
CUST-01041,Hardik,Malhotra,hardik.malhotra@webmail.example,+91 70002 94888,male,1991-08-29,Vadodara,Gujarat,390547,"44/9, Lotus Heights, Nehru Nagar Main Road, Layout 3rd Stage",2025-07-08,premium,active,English,2,75071,bronze
CUST-01042,Kiran,Goud,kiran.goud@inbox.example,+91 70000 87956,male,1979-08-16,Visakhapatnam,Andhra Pradesh,530266,"Flat 559, Lotus Heights, College Road, Block C",2025-07-08,inactive,active,English,0,0,bronze
CUST-01043,Partha,Bhattacharya,partha.bhattacharya1294@mailbox.example,+91 90002 85875,male,2007-01-31,Kolkata,West Bengal,700790,"Unit 58-A, Shanti Niwas, Market Cross Road, Block C",2025-07-09,inactive,inactive,English,5,29236,gold
CUST-01044,Aarav,Pawar,aarav.pawar@webmail.example,+91 60001 60818,male,1986-07-18,Mumbai,Maharashtra,400365,"35/3, Maple Court, Bypass Road, Phase 2",2025-07-10,inactive,active,Marathi,0,0,bronze
CUST-01045,Ravi,Gill,ravi.gill567@mailbox.example,+91 90000 75263,male,1997-07-05,Delhi,Delhi,110278,"41/6, Celestial Apartments, Nagar Road, Model Town",2025-07-10,high_value,active,Hinglish,21,195796,gold
CUST-01046,Diya,Iyer,diya.iyer1102@inbox.example,+91 60009 88990,female,1978-03-13,Delhi,Delhi,110337,"House No. 27, Silver Oak Homes, Park Avenue, Opp. Public Library",2025-07-11,inactive,active,English,1,13024,bronze
CUST-01047,Varun,Malhotra,varun.malhotra1173@inbox.example,+91 60007 92845,male,2003-10-25,Hyderabad,Telangana,500182,"Unit 21-D, Lotus Heights, Park Avenue, Opp. Public Library",2025-07-11,regular,active,Telugu,2,3830,bronze
CUST-01048,Harleen,Bose,harleen.bose167@mailbox.example,+91 60008 43569,female,1966-11-26,Kanpur,Uttar Pradesh,208344,"Flat 134, Rose Meadows, Gandhi Marg, Extension",2025-07-12,premium,active,Hinglish,3,82291,bronze
CUST-01049,Shivam,Shah,shivam.shah@netmail.example,+91 90000 44457,male,1982-05-04,Delhi,Delhi,110664,"House No. 150, Ashiyana Complex, Industrial Area Road, Camp Area",2025-07-12,inactive,inactive,Hinglish,0,0,bronze
CUST-01050,Vihaan,Mehta,vihaan.mehta@webmail.example,+91 90009 89782,male,2007-05-07,Lucknow,Uttar Pradesh,226144,"Flat 644, Orchid Towers, MG Road, Housing Board",2025-07-13,new,active,English,1,238,bronze
CUST-01051,Shruti,More,shruti.more@webmail.example,+91 80000 13505,female,2007-02-25,Mumbai,Maharashtra,400710,"Unit 44-C, Tulsi Garden, Canal Road, Block C",2025-07-14,regular,active,Hinglish,3,21693,bronze
CUST-01052,Pranav,Khan,pranav.khan74@mailbox.example,+91 70001 58830,male,2001-09-09,Kolkata,West Bengal,700080,"Unit 25-A, Shanti Niwas, College Road, Model Town",2025-07-16,new,active,Bengali,2,0,bronze
CUST-01053,Krishna,Sawant,krishna.sawant18@inbox.example,+91 90007 90481,male,1997-06-04,Mumbai,Maharashtra,400027,"Unit 3-A, Sai Krupa, 12th Main, Extension",2025-07-17,regular,active,Hinglish,3,11169,bronze
CUST-01054,Lakshay,Kumar,lakshay.kumar@mailbox.example,+91 80005 76060,male,2006-09-10,Delhi,Delhi,110675,"Flat 652, Mangal Darshan, MG Road, Extension",2025-07-17,premium,active,Hindi,17,88749,silver
CUST-01055,Rahul,Yadav,rahul.yadav980@inbox.example,+91 70007 56562,male,1990-05-16,Surat,Gujarat,395001,"Flat 254, Blue Lagoon Residency, Market Cross Road, Phase 2",2025-07-17,regular,active,Hindi,4,2527,silver
CUST-01056,Harpreet,Sandhu,harpreet.sandhu88@inbox.example,+91 70006 97038,male,1983-08-04,Noida,Uttar Pradesh,201810,"Unit 59-A, Orchid Towers, Temple Street, Opp. Public Library",2025-07-19,premium,active,Hinglish,5,106554,silver
CUST-01057,Isha,Sen,isha.sen12@inbox.example,+91 60002 65449,female,1994-07-12,Chennai,Tamil Nadu,600051,"25/19, Sai Krupa, Civil Lines Road, Block C",2025-07-21,new,active,English,1,9079,bronze
CUST-01058,Gurpreet,Srivastava,gurpreet.srivastava229@inbox.example,+91 90006 29189,male,1962-11-04,Noida,Uttar Pradesh,201411,"Flat 501, Shanti Niwas, Nagar Road, Behind Bus Stand",2025-07-22,regular,active,Hinglish,4,15728,bronze
CUST-01059,Ashwin,Krishnan,ashwin.krishnan@mailbox.example,+91 60000 86387,male,1990-10-17,Chennai,Tamil Nadu,600903,"House No. 124, Blue Lagoon Residency, Civil Lines Road, Block C",2025-07-25,premium,active,English,8,101229,silver
CUST-01060,Vihaan,Mukherjee,vihaan.mukherjee233@webmail.example,+91 80004 36862,male,2007-02-08,Kolkata,West Bengal,700558,"3/9, Sunrise Residency, Industrial Area Road, Layout 3rd Stage",2025-07-25,high_value,active,Bengali,34,313529,platinum
CUST-01061,Vikram,Ahmed,vikram.ahmed332@netmail.example,+91 70002 42226,male,2003-06-20,Ahmedabad,Gujarat,380816,"Flat 621, Mangal Darshan, Ring Road, Block C",2025-07-25,regular,active,English,4,43051,bronze
CUST-01062,Arjun,Sharma,arjun.sharma24@netmail.example,+91 60001 91191,male,1997-05-27,Pune,Maharashtra,411272,"House No. 334, Emerald Park, Garden Lane, Opp. Public Library",2025-07-28,high_value,active,Marathi,15,326620,silver
CUST-01063,Nayana,Fernandes,nayana.fernandes@inbox.example,+91 90005 99500,female,1990-11-28,Bengaluru,Karnataka,560160,"House No. 370, Skyline Arcade, Old Town Road, Phase 2",2025-07-29,regular,active,English,3,7189,bronze
CUST-01064,Riya,Srivastava,riya.srivastava1387@inbox.example,+91 70008 10964,female,1996-09-07,Delhi,Delhi,110719,"Unit 53-B, Blue Lagoon Residency, Market Cross Road, Sector 14",2025-07-29,regular,active,Hindi,4,15001,bronze
CUST-01065,Harpreet,Pandey,harpreet.pandey53@mailbox.example,+91 80002 19305,male,1992-10-25,Chandigarh,Chandigarh,160952,"17/2, Riverview Enclave, Nagar Road, Block C",2025-07-30,regular,active,Hindi,3,40438,bronze
CUST-01066,Anuj,Negi,anuj.negi@webmail.example,+91 90009 11191,male,1995-12-25,Indore,Madhya Pradesh,452329,"Flat 787, Emerald Park, Bypass Road, New Colony",2025-07-31,regular,active,Hinglish,2,2436,bronze
CUST-01067,Ritu,Gill,ritu.gill@webmail.example,+91 80006 99139,female,1991-04-25,Lucknow,Uttar Pradesh,226011,"Flat 386, Ashiyana Complex, Lake View Road, Sector 14",2025-07-31,inactive,active,Hindi,0,0,bronze
CUST-01068,Vihaan,Pillai,vihaan.pillai@netmail.example,+91 90004 17116,male,1995-01-15,Jodhpur,Rajasthan,342263,"Flat 1018, Rose Meadows, Station Road, Sector 14",2025-07-31,high_value,active,Hinglish,39,677912,platinum
CUST-01069,Debjani,Banerjee,debjani.banerjee7@inbox.example,+91 60002 28079,female,1991-03-30,Guwahati,Assam,781709,"Flat 501, Ashiyana Complex, Park Avenue, Extension",2025-08-01,inactive,active,English,1,904,bronze
CUST-01070,Mansi,Thakkar,mansi.thakkar95@webmail.example,+91 60009 15332,female,2007-02-28,Rajkot,Gujarat,360473,"Unit 90-D, Neelkanth CHS, Old Town Road, Phase 2",2025-08-01,regular,active,Gujarati,6,49682,bronze
CUST-01071,Harika,Raju,harika.raju98@netmail.example,+91 90001 21705,female,1993-04-25,Hyderabad,Telangana,500898,"11/13, Palm Grove, Ring Road, Layout 3rd Stage",2025-08-04,inactive,active,English,0,0,bronze
CUST-01072,Riya,Venkatesan,riya.venkatesan@inbox.example,+91 80009 93409,female,1986-08-21,Coimbatore,Tamil Nadu,641367,"17/10, Sunrise Residency, Old Town Road, Opp. Public Library",2025-08-04,premium,active,English,7,113197,bronze
CUST-01073,Krishna,Yadav,krishna.yadav79@inbox.example,+91 60008 83029,male,1999-10-15,Indore,Madhya Pradesh,452703,"27/21, Sunrise Residency, Canal Road, Model Town",2025-08-05,premium,active,English,3,103032,bronze
CUST-01074,Dhruv,Ghosh,dhruv.ghosh@netmail.example,+91 90002 00627,male,2007-08-03,Visakhapatnam,Andhra Pradesh,530869,"House No. 29, Rose Meadows, MG Road, Camp Area",2025-08-06,new,active,Telugu,1,24320,bronze
CUST-01075,Krishna,Gandhi,krishna.gandhi@inbox.example,+91 80007 42581,male,1986-04-17,Surat,Gujarat,395775,"50/1, Gokul Dham, Garden Lane, Phase 2",2025-08-06,premium,active,Hinglish,4,113627,bronze
CUST-01076,Srinivas,Babu,srinivas.babu@mailbox.example,+91 80004 34541,male,1996-05-02,Hyderabad,Telangana,500542,"2/7, Sai Krupa, Civil Lines Road, Sector 14",2025-08-06,inactive,active,Telugu,0,0,bronze
CUST-01077,Isha,Arora,isha.arora1@webmail.example,+91 90008 06682,female,1986-12-08,Surat,Gujarat,395095,"Unit 65-A, Mangal Darshan, Nagar Road, Model Town",2025-08-07,regular,active,Hinglish,4,15892,silver
CUST-01078,Arjun,Srivastava,arjun.srivastava718@mailbox.example,+91 60004 93541,male,1994-05-23,Amritsar,Punjab,143855,"Unit 77-A, Anand Vihar Society, Old Town Road, Phase 2",2025-08-08,regular,active,English,3,48158,bronze
CUST-01079,Manish,Sandhu,manish.sandhu@inbox.example,+91 80002 48741,male,1994-05-10,Lucknow,Uttar Pradesh,226614,"Flat 524, Maple Court, Garden Lane, Block C",2025-08-08,inactive,active,English,2,29622,bronze
CUST-01080,Sachin,Sen,sachin.sen481@inbox.example,+91 70003 89097,other,1997-08-13,Jaipur,Rajasthan,302920,"Unit 14-B, Green Valley Apartments, 5th Cross, Opp. Public Library",2025-08-08,inactive,active,Hindi,0,0,bronze
CUST-01081,Mohit,Kapoor,mohit.kapoor@inbox.example,+91 90008 01213,male,1988-06-23,Coimbatore,Tamil Nadu,641003,"Flat 1029, Pearl Towers, MG Road, Layout 3rd Stage",2025-08-10,regular,active,Tamil,3,52154,bronze
CUST-01082,Dhruv,Sandhu,dhruv.sandhu@inbox.example,+91 90006 68889,male,1993-04-25,Kanpur,Uttar Pradesh,208183,"4/20, Emerald Park, Ring Road, Behind Bus Stand",2025-08-11,premium,active,English,6,98120,bronze
CUST-01083,Bhavna,Bajwa,bhavna.bajwa@netmail.example,+91 60008 60983,female,1994-02-19,Delhi,Delhi,110119,"Unit 83-A, Celestial Apartments, Bypass Road, Sector 14",2025-08-12,regular,active,Hinglish,2,35515,bronze
CUST-01084,Jaspreet,Pandey,jaspreet.pandey434@inbox.example,+91 60006 16389,male,1987-10-06,Jaipur,Rajasthan,302143,"26/28, Shanti Niwas, College Road, Phase 2",2025-08-13,high_value,active,Hindi,28,256648,platinum
CUST-01085,Akshay,Gaikwad,akshay.gaikwad90@webmail.example,+91 80009 31699,male,1999-03-31,Nagpur,Maharashtra,440610,"57/10, Lotus Heights, Garden Lane, Near City Mall",2025-08-14,inactive,active,English,0,0,bronze
CUST-01086,Isha,Chakraborty,isha.chakraborty@inbox.example,+91 80004 42961,female,2007-04-11,Kolkata,West Bengal,700497,"Flat 532, Anand Vihar Society, Station Road, Near City Mall",2025-08-15,high_value,active,Hindi,35,932956,platinum
CUST-01087,Vihaan,Pawar,vihaan.pawar@webmail.example,+91 90002 72437,male,2002-10-25,Mumbai,Maharashtra,400642,"31/27, Celestial Apartments, Station Road, Industrial Estate",2025-08-15,high_value,active,English,36,493017,platinum
CUST-01088,Krishna,Singh,krishna.singh1933@netmail.example,+91 70007 47195,male,2001-10-11,Coimbatore,Tamil Nadu,641662,"House No. 284, Pearl Towers, Station Road, Sector 14",2025-08-16,new,active,English,1,36769,bronze
CUST-01089,Lakshay,Tomar,lakshay.tomar@webmail.example,+91 90006 22142,male,1998-08-08,Faridabad,Haryana,121970,"Flat 878, Anand Vihar Society, 5th Cross, Sector 14",2025-08-18,regular,active,English,5,44924,bronze
CUST-01090,Karan,Srivastava,karan.srivastava701@webmail.example,+91 80004 99897,male,1996-08-09,Lucknow,Uttar Pradesh,226610,"Unit 23-A, Palm Grove, Garden Lane, Housing Board",2025-08-19,regular,active,Hindi,5,25554,bronze
CUST-01091,Debjani,Ganguly,debjani.ganguly@mailbox.example,+91 80001 56254,female,1962-08-07,Howrah,West Bengal,711110,"Unit 29-C, Lotus Heights, Station Road, Behind Bus Stand",2025-08-21,regular,active,Bengali,5,15324,bronze
CUST-01092,Aditya,Naidu,aditya.naidu@netmail.example,+91 60007 33872,male,1994-07-03,Faridabad,Haryana,121869,"House No. 436, Skyline Arcade, Gandhi Marg, Behind Bus Stand",2025-08-27,inactive,active,Hinglish,0,0,bronze
CUST-01093,Aditya,Bajwa,aditya.bajwa1602@mailbox.example,+91 60006 96391,male,1992-10-18,Amritsar,Punjab,143943,"Flat 479, Mangal Darshan, 5th Cross, Block C",2025-08-28,inactive,inactive,English,0,0,bronze
CUST-01094,Harpreet,Ghosh,harpreet.ghosh@netmail.example,+91 70003 51914,male,1981-07-14,Gurugram,Haryana,122505,"6/2, Maple Court, Nehru Nagar Main Road, Near City Mall",2025-08-28,new,active,Hindi,1,0,bronze
CUST-01095,Ravi,Dhillon,ravi.dhillon@inbox.example,+91 60000 18171,male,2007-05-15,Jodhpur,Rajasthan,342868,"House No. 396, Lotus Heights, Bypass Road, Opp. Public Library",2025-08-31,inactive,active,Hinglish,0,0,bronze
CUST-01096,Saanvi,Srivastava,saanvi.srivastava@inbox.example,+91 90009 50834,female,2007-01-21,Bhopal,Madhya Pradesh,462986,"Unit 4-A, Green Valley Apartments, Market Cross Road, Sector 14",2025-08-31,high_value,active,Hinglish,19,421095,gold
CUST-01097,Riya,Tomar,riya.tomar@mailbox.example,+91 60000 43700,female,1989-07-01,Noida,Uttar Pradesh,201879,"Unit 66-B, Anand Vihar Society, Garden Lane, Sector 14",2025-09-01,inactive,active,English,1,2063,bronze
CUST-01098,Vikram,Srivastava,vikram.srivastava@inbox.example,+91 60003 81077,male,1986-07-21,Patna,Bihar,800383,"House No. 29, Maple Court, Old Town Road, Block C",2025-09-01,high_value,active,Hinglish,10,276815,silver
CUST-01099,Harpreet,Gill,harpreet.gill@inbox.example,+91 70003 82459,male,1984-12-04,Chandigarh,Chandigarh,160249,"House No. 322, Gokul Dham, Garden Lane, New Colony",2025-09-02,new,active,English,1,6607,bronze
CUST-01100,Meera,Bajwa,meera.bajwa@mailbox.example,+91 70009 65820,female,1981-04-05,Delhi,Delhi,110227,"Flat 974, Maple Court, Bypass Road, Model Town",2025-09-04,regular,active,Hindi,7,34955,bronze
CUST-01101,Isha,Zaveri,isha.zaveri1473@mailbox.example,+91 80005 93290,female,1993-06-30,Ahmedabad,Gujarat,380407,"Unit 89-A, Emerald Park, 5th Cross, Housing Board",2025-09-06,regular,active,Hinglish,9,52249,silver
CUST-01102,Meet,Rana,meet.rana@mailbox.example,+91 60009 66066,male,2005-06-09,Vadodara,Gujarat,390637,"House No. 199, Heritage Villas, Link Road, Model Town",2025-09-07,premium,active,Gujarati,3,60487,bronze
CUST-01103,Deepak,Sarkar,deepak.sarkar@netmail.example,+91 90009 40741,male,2007-09-13,Kolkata,West Bengal,700736,"Unit 7-B, Heritage Villas, Nehru Nagar Main Road, Opp. Public Library",2025-09-13,inactive,active,Bengali,1,1205,bronze
CUST-01104,Gaurav,Krishnan,gaurav.krishnan94@netmail.example,+91 80007 66522,male,1986-01-28,Chennai,Tamil Nadu,600175,"House No. 225, Blue Lagoon Residency, Station Road, West End",2025-09-13,regular,active,Tamil,4,40554,bronze
CUST-01105,Soumya,Chakraborty,soumya.chakraborty@webmail.example,+91 60007 65056,male,2007-02-26,Kolkata,West Bengal,700771,"Unit 96-C, Shanti Niwas, 5th Cross, Layout 3rd Stage",2025-09-13,premium,active,Bengali,11,136950,silver
CUST-01106,Prathamesh,Gaikwad,prathamesh.gaikwad@inbox.example,+91 90000 48803,male,1984-08-02,Nagpur,Maharashtra,440419,"60/28, Sunrise Residency, Temple Street, Near City Mall",2025-09-14,high_value,active,English,9,261750,bronze
CUST-01107,Suraj,Nambiar,suraj.nambiar57@webmail.example,+91 80009 31015,male,1992-01-16,Thiruvananthapuram,Kerala,695907,"Flat 309, Celestial Apartments, Market Cross Road, Housing Board",2025-09-14,high_value,active,Hindi,26,232479,platinum
CUST-01108,Rakesh,Gowda,rakesh.gowda794@webmail.example,+91 60009 93600,male,1983-07-19,Thiruvananthapuram,Kerala,695303,"4/5, Gokul Dham, Bypass Road, Layout 3rd Stage",2025-09-15,regular,active,English,4,23820,bronze
CUST-01109,Subhajit,Mehta,subhajit.mehta612@webmail.example,+91 90001 78872,male,1980-01-28,Kolkata,West Bengal,700276,"36/19, Sai Krupa, Industrial Area Road, Block C",2025-09-17,inactive,inactive,Hindi,0,0,bronze
CUST-01110,Vihaan,Murthy,vihaan.murthy211@inbox.example,+91 80006 81843,male,1981-12-09,Warangal,Telangana,506058,"32/22, Sai Krupa, MG Road, Model Town",2025-09-17,regular,active,English,4,18594,bronze
CUST-01111,Yash,Bhattacharya,yash.bhattacharya1235@webmail.example,+91 90008 20464,male,1989-11-03,Siliguri,West Bengal,734250,"Unit 51-A, Riverview Enclave, Bypass Road, Behind Bus Stand",2025-09-17,new,active,Hindi,1,43659,bronze
CUST-01112,Bhavesh,Rana,bhavesh.rana@netmail.example,+91 80001 80956,other,1993-06-10,Surat,Gujarat,395881,"Flat 614, Maple Court, Temple Street, Extension",2025-09-18,inactive,inactive,Hinglish,0,0,bronze
CUST-01113,Saanvi,Ghosh,saanvi.ghosh304@inbox.example,+91 80005 89546,female,1982-07-16,Mumbai,Maharashtra,400211,"House No. 347, Green Valley Apartments, College Road, Camp Area",2025-09-18,regular,active,English,2,28573,bronze
CUST-01114,Vaishnavi,Bhosale,vaishnavi.bhosale@inbox.example,+91 90004 91251,female,2006-07-20,Mumbai,Maharashtra,400200,"Unit 29-C, Silver Oak Homes, Bypass Road, Layout 3rd Stage",2025-09-21,high_value,active,English,8,159959,bronze
CUST-01115,Vishnu,Sethi,vishnu.sethi96@inbox.example,+91 80004 77949,male,1990-11-21,Bengaluru,Karnataka,560561,"House No. 350, Jasmine Heights, Park Avenue, Near City Mall",2025-09-21,regular,active,English,9,55806,gold
CUST-01116,Bhumi,Thakkar,bhumi.thakkar@webmail.example,+91 70000 09708,female,1982-12-26,Surat,Gujarat,395158,"Flat 649, Neelkanth CHS, Ring Road, Industrial Estate",2025-09-23,high_value,active,Hindi,20,167691,gold
CUST-01117,Suraj,Rathore,suraj.rathore@netmail.example,+91 70001 58509,male,2007-06-20,Bengaluru,Karnataka,560029,"45/3, Orchid Towers, Garden Lane, New Colony",2025-09-23,high_value,active,English,14,316806,gold
CUST-01118,Prakash,Balaji,prakash.balaji@webmail.example,+91 60001 17258,male,2007-04-10,Coimbatore,Tamil Nadu,641435,"Unit 31-C, Ashiyana Complex, Bypass Road, Near City Mall",2025-09-24,high_value,active,Tamil,23,343791,gold
CUST-01119,Ritu,Srivastava,ritu.srivastava1361@netmail.example,+91 70004 97963,female,1993-04-30,Jaipur,Rajasthan,302482,"22/23, Orchid Towers, Market Cross Road, Sector 14",2025-09-24,high_value,active,Hinglish,13,317340,silver
CUST-01120,Kunjan,Das,kunjan.das1816@inbox.example,+91 60000 21725,male,2006-11-16,Ahmedabad,Gujarat,380961,"10/16, Tulsi Garden, Market Cross Road, Layout 3rd Stage",2025-09-25,regular,active,Hindi,2,23088,bronze
CUST-01121,Naveen,Selvam,naveen.selvam1553@inbox.example,+91 60001 12612,other,1991-06-21,Chennai,Tamil Nadu,600861,"Unit 3-D, Maple Court, MG Road, Extension",2025-09-26,high_value,active,English,10,244153,silver
CUST-01122,Nikhil,Agarwal,nikhil.agarwal@inbox.example,+91 60005 37848,male,1984-09-01,Chennai,Tamil Nadu,600512,"23/16, Orchid Towers, Nehru Nagar Main Road, Camp Area",2025-09-26,inactive,active,English,1,8671,bronze
CUST-01123,Ankit,Poojary,ankit.poojary@mailbox.example,+91 60005 88044,male,1994-08-08,Bengaluru,Karnataka,560495,"House No. 391, Maple Court, Old Town Road, New Colony",2025-09-27,regular,active,English,4,6815,bronze
CUST-01124,Jyoti,Bose,jyoti.bose@inbox.example,+91 70000 98664,female,2003-05-19,Pune,Maharashtra,411919,"Unit 15-D, Mangal Darshan, Old Town Road, Industrial Estate",2025-09-27,high_value,active,English,16,308241,gold
CUST-01125,Rashmi,Ghosh,rashmi.ghosh81@webmail.example,+91 60003 14016,female,1991-04-28,Mumbai,Maharashtra,400960,"House No. 188, Rose Meadows, 12th Main, Camp Area",2025-09-28,premium,active,English,7,62819,silver
CUST-01126,Aadhya,Rathore,aadhya.rathore@inbox.example,+91 70005 39526,female,2002-01-14,Hyderabad,Telangana,500765,"13/14, Anand Vihar Society, Nagar Road, Behind Bus Stand",2025-09-29,inactive,inactive,Telugu,1,252,bronze
CUST-01127,Lakshay,Tomar,lakshay.tomar@mailbox.example,+91 60008 69660,male,1991-09-23,Lucknow,Uttar Pradesh,226554,"House No. 446, Riverview Enclave, Old Town Road, Camp Area",2025-09-30,inactive,active,English,1,7115,bronze
CUST-01128,Rajesh,Kulkarni,rajesh.kulkarni@inbox.example,+91 70004 93059,male,1989-06-19,Bengaluru,Karnataka,560212,"Unit 65-B, Mangal Darshan, Old Town Road, Sector 14",2025-09-30,regular,active,English,4,19571,bronze
CUST-01129,Onkar,Bhosale,onkar.bhosale1294@inbox.example,+91 60008 97864,male,1987-09-15,Pune,Maharashtra,411009,"House No. 54, Orchid Towers, Civil Lines Road, New Colony",2025-10-01,high_value,active,English,15,221875,silver
CUST-01130,Shruti,Verma,shruti.verma@inbox.example,+91 60001 54513,female,1997-04-10,Delhi,Delhi,110113,"54/26, Silver Oak Homes, Ring Road, Extension",2025-10-03,regular,active,Hinglish,5,49318,bronze
CUST-01131,Swati,Tiwari,swati.tiwari@netmail.example,+91 80005 26881,female,2007-07-23,Kolkata,West Bengal,700075,"House No. 198, Pearl Towers, Nagar Road, Industrial Estate",2025-10-06,inactive,suspended,English,0,0,bronze
CUST-01132,Vaishnavi,Shinde,vaishnavi.shinde@webmail.example,+91 80006 51093,female,1978-08-02,Mumbai,Maharashtra,400434,"House No. 365, Skyline Arcade, Garden Lane, Behind Bus Stand",2025-10-06,inactive,active,Marathi,0,0,bronze
CUST-01133,Kabir,Mehta,kabir.mehta@mailbox.example,+91 70005 44001,male,2003-03-25,Chennai,Tamil Nadu,600805,"Flat 102, Maple Court, Nagar Road, West End",2025-10-07,high_value,active,English,10,176082,silver
CUST-01134,Mohit,Ali,mohit.ali@webmail.example,+91 60006 50852,male,1995-12-25,Bengaluru,Karnataka,560156,"Unit 43-C, Ashiyana Complex, Lake View Road, Housing Board",2025-10-07,inactive,active,English,0,0,bronze
CUST-01135,Mohit,Dhillon,mohit.dhillon@netmail.example,+91 70001 75281,male,2007-03-23,Noida,Uttar Pradesh,201682,"Unit 56-C, Heritage Villas, Gandhi Marg, Phase 2",2025-10-09,regular,active,Hinglish,2,59482,bronze
CUST-01136,Sreelakshmi,Kurup,sreelakshmi.kurup1601@mailbox.example,+91 80002 20248,female,1980-05-25,Kochi,Kerala,682265,"Unit 28-C, Riverview Enclave, College Road, Camp Area",2025-10-09,regular,active,English,4,23118,bronze
CUST-01137,Divya,Fernandes,divya.fernandes1763@netmail.example,+91 70006 01723,female,1993-11-03,Mumbai,Maharashtra,400861,"House No. 146, Sai Krupa, Link Road, Extension",2025-10-10,regular,active,Marathi,2,6253,bronze
CUST-01138,Nikhil,Sastry,nikhil.sastry@mailbox.example,+91 60004 70810,male,1987-01-23,Hyderabad,Telangana,500705,"Flat 283, Rose Meadows, Gandhi Marg, Extension",2025-10-10,new,active,Telugu,1,83189,bronze
CUST-01139,Athira,Warrier,athira.warrier995@webmail.example,+91 70005 13674,female,2007-04-16,Bengaluru,Karnataka,560457,"Unit 17-C, Shanti Niwas, Market Cross Road, New Colony",2025-10-12,inactive,inactive,English,0,0,silver
CUST-01140,Siddharth,Iyer,siddharth.iyer@netmail.example,+91 60003 07967,male,1986-08-09,Lucknow,Uttar Pradesh,226654,"39/25, Pearl Towers, Industrial Area Road, Opp. Public Library",2025-10-12,premium,active,Hinglish,9,68587,bronze
CUST-01141,Priya,Venkatesan,priya.venkatesan35@webmail.example,+91 60004 48534,female,2007-02-22,Madurai,Tamil Nadu,625878,"Unit 10-B, Anand Vihar Society, Park Avenue, Opp. Public Library",2025-10-13,new,active,English,1,18266,bronze
CUST-01142,Ramesh,Khan,ramesh.khan@netmail.example,+91 70006 76226,male,1993-03-07,Hyderabad,Telangana,500783,"Unit 64-A, Emerald Park, Station Road, Behind Bus Stand",2025-10-15,regular,active,English,5,58727,silver
CUST-01143,Ankit,Desai,ankit.desai77@webmail.example,+91 80001 29295,male,1981-10-29,Mumbai,Maharashtra,400904,"Unit 51-D, Sunrise Residency, Link Road, Phase 2",2025-10-16,regular,active,Marathi,4,27040,bronze
CUST-01144,Gaurav,Dutta,gaurav.dutta@mailbox.example,+91 70000 17645,male,1987-02-06,Kolkata,West Bengal,700703,"28/1, Celestial Apartments, Civil Lines Road, Behind Bus Stand",2025-10-16,regular,active,Bengali,2,7098,bronze
CUST-01145,Krupa,Mishra,krupa.mishra@webmail.example,+91 90009 92300,female,1978-09-01,Surat,Gujarat,395827,"45/24, Silver Oak Homes, 12th Main, Opp. Public Library",2025-10-16,new,active,Hindi,1,6961,bronze
CUST-01146,Pavan,Chowdary,pavan.chowdary@mailbox.example,+91 90005 23417,male,1993-11-29,Hyderabad,Telangana,500457,"House No. 208, Lotus Heights, Ring Road, Phase 2",2025-10-16,inactive,active,English,0,0,bronze
CUST-01147,Siddharth,Kondapalli,siddharth.kondapalli40@webmail.example,+91 90008 67132,male,1990-05-07,Hyderabad,Telangana,500746,"Unit 22-D, Shanti Niwas, Civil Lines Road, Sector 14",2025-10-18,regular,active,English,4,39606,bronze
CUST-01148,Swathi,Tiwari,swathi.tiwari18@inbox.example,+91 70002 82485,female,2007-07-13,Hyderabad,Telangana,500953,"33/26, Emerald Park, Station Road, Phase 2",2025-10-18,regular,active,Telugu,4,15197,bronze
CUST-01149,Sachin,Iyer,sachin.iyer@webmail.example,+91 80001 20962,male,1986-02-14,Delhi,Delhi,110401,"House No. 85, Maple Court, Market Cross Road, West End",2025-10-19,inactive,active,Hindi,1,3398,bronze
CUST-01150,Swati,Gaikwad,swati.gaikwad@inbox.example,+91 60006 17466,female,1981-06-12,Mumbai,Maharashtra,400072,"Flat 649, Celestial Apartments, College Road, Opp. Public Library",2025-10-20,high_value,active,Marathi,20,437471,gold
CUST-01151,Athira,Kurup,athira.kurup207@inbox.example,+91 60003 42147,female,1978-05-09,Bengaluru,Karnataka,560121,"Flat 396, Blue Lagoon Residency, Civil Lines Road, Sector 14",2025-10-21,regular,active,English,3,30121,bronze
CUST-01152,Mounika,Sethi,mounika.sethi88@webmail.example,+91 90004 19924,female,1999-06-28,Hyderabad,Telangana,500327,"House No. 335, Jasmine Heights, Bypass Road, Sector 14",2025-10-22,regular,active,Telugu,3,26980,bronze
CUST-01153,Kiara,Yadav,kiara.yadav39@mailbox.example,+91 90003 45849,female,2007-07-05,Hyderabad,Telangana,500276,"Unit 58-C, Gokul Dham, 12th Main, West End",2025-10-24,high_value,active,English,37,336525,platinum
CUST-01154,Hardik,Gandhi,hardik.gandhi458@netmail.example,+91 80005 37578,male,1994-09-09,Rajkot,Gujarat,360596,"43/17, Ashiyana Complex, Temple Street, Opp. Public Library",2025-10-25,inactive,active,Hinglish,1,27139,bronze
CUST-01155,Komal,Menon,komal.menon957@inbox.example,+91 90000 98385,female,2007-02-06,Vadodara,Gujarat,390349,"54/6, Lotus Heights, 12th Main, Sector 14",2025-10-25,new,active,Hinglish,1,17134,bronze
CUST-01156,Kunjan,Vyas,kunjan.vyas1346@netmail.example,+91 60005 11388,male,2007-07-02,Ahmedabad,Gujarat,380720,"House No. 371, Pearl Towers, 12th Main, Near City Mall",2025-10-26,inactive,active,Gujarati,0,0,bronze
CUST-01157,Deepthi,Kurup,deepthi.kurup7@webmail.example,+91 80003 27703,female,1983-11-12,Hubballi,Karnataka,580709,"Flat 574, Tulsi Garden, Station Road, Industrial Estate",2025-10-27,regular,active,English,2,34362,bronze
CUST-01158,Gurpreet,Pillai,gurpreet.pillai@webmail.example,+91 70001 37950,male,1978-11-25,Lucknow,Uttar Pradesh,226875,"House No. 92, Maple Court, Old Town Road, Extension",2025-10-28,regular,active,Hindi,2,11090,bronze
CUST-01159,Preeti,Kumar,preeti.kumar13@webmail.example,+91 80004 20554,female,1989-05-14,Jaipur,Rajasthan,302225,"22/18, Lotus Heights, College Road, Near City Mall",2025-10-28,premium,active,Hinglish,3,98183,bronze
CUST-01160,Varun,Mehta,varun.mehta@netmail.example,+91 60009 17400,male,1980-10-19,Coimbatore,Tamil Nadu,641996,"House No. 448, Shanti Niwas, Industrial Area Road, Extension",2025-10-28,new,active,English,1,607,bronze
CUST-01161,Harpreet,Fernandes,harpreet.fernandes356@webmail.example,+91 70007 69071,male,2005-08-01,Kanpur,Uttar Pradesh,208963,"House No. 419, Pearl Towers, Park Avenue, Block C",2025-10-29,high_value,active,Hinglish,15,156983,gold
CUST-01162,Lakshay,Khan,lakshay.khan30@inbox.example,+91 80004 43304,male,2007-10-09,Noida,Uttar Pradesh,201642,"House No. 437, Lotus Heights, Industrial Area Road, New Colony",2025-10-29,new,active,Hindi,1,4310,bronze
CUST-01163,Diya,Kurup,diya.kurup@inbox.example,+91 60008 05938,female,2007-07-31,Bengaluru,Karnataka,560029,"33/1, Skyline Arcade, Lake View Road, Industrial Estate",2025-10-30,regular,active,English,3,15180,bronze
CUST-01164,Rohan,Varghese,rohan.varghese99@inbox.example,+91 90007 98573,male,1980-01-05,Kochi,Kerala,682038,"Unit 52-A, Sunrise Residency, 12th Main, New Colony",2025-10-31,inactive,active,English,0,0,bronze
CUST-01165,Tanmay,Chatterjee,tanmay.chatterjee@mailbox.example,+91 80008 54669,male,1992-01-25,Delhi,Delhi,110213,"28/14, Lotus Heights, Gandhi Marg, Behind Bus Stand",2025-11-01,inactive,inactive,Hindi,0,0,bronze
CUST-01166,Kaveri,Sundaram,kaveri.sundaram@inbox.example,+91 90005 47496,female,2007-03-01,Coimbatore,Tamil Nadu,641668,"Unit 68-C, Emerald Park, Lake View Road, Opp. Public Library",2025-11-02,regular,active,English,6,45813,bronze
CUST-01167,Onkar,Gaikwad,onkar.gaikwad@inbox.example,+91 70000 91682,male,1977-12-28,Pune,Maharashtra,411956,"Unit 23-C, Jasmine Heights, Nehru Nagar Main Road, Behind Bus Stand",2025-11-03,inactive,inactive,Marathi,0,0,bronze
CUST-01168,Preeti,Bajwa,preeti.bajwa531@netmail.example,+91 60001 10109,female,1987-02-19,Delhi,Delhi,110346,"Unit 77-A, Celestial Apartments, 12th Main, Layout 3rd Stage",2025-11-03,regular,active,Hindi,4,39524,bronze
CUST-01169,Simran,Dsouza,simran.dsouza@mailbox.example,+91 90005 64004,female,1986-09-16,Gurugram,Haryana,122213,"House No. 294, Sunrise Residency, Canal Road, Sector 14",2025-11-03,inactive,active,English,0,0,bronze
CUST-01170,Ritu,Gill,ritu.gill69@inbox.example,+91 80002 21448,female,1992-06-05,Chandigarh,Chandigarh,160113,"Flat 1063, Heritage Villas, Garden Lane, Phase 2",2025-11-04,high_value,active,English,31,254031,platinum
CUST-01171,Aditya,Shukla,aditya.shukla57@inbox.example,+91 60000 60871,male,1985-10-05,Bhopal,Madhya Pradesh,462593,"Unit 59-B, Celestial Apartments, Station Road, Near City Mall",2025-11-07,high_value,active,Hindi,3,159820,bronze
CUST-01172,Isha,Ghosh,isha.ghosh@webmail.example,+91 70009 78827,female,2007-01-11,Faridabad,Haryana,121468,"House No. 89, Silver Oak Homes, Old Town Road, Near City Mall",2025-11-07,high_value,active,English,12,353737,silver
CUST-01173,Kunal,Malhotra,kunal.malhotra@inbox.example,+91 90005 05694,male,1997-01-21,Kanpur,Uttar Pradesh,208433,"Flat 937, Blue Lagoon Residency, Garden Lane, Opp. Public Library",2025-11-07,inactive,active,English,0,0,bronze
CUST-01174,Shweta,Bhatia,shweta.bhatia11@netmail.example,+91 60008 69885,female,2007-05-09,Mumbai,Maharashtra,400753,"Unit 54-B, Orchid Towers, Station Road, Housing Board",2025-11-08,regular,active,English,4,26487,bronze
CUST-01175,Sai,Naidu,sai.naidu71@inbox.example,+91 70005 21452,male,2002-02-10,Visakhapatnam,Andhra Pradesh,530207,"51/5, Lotus Heights, Nehru Nagar Main Road, Opp. Public Library",2025-11-09,premium,active,English,3,82372,bronze
CUST-01176,Arjun,Nandi,arjun.nandi74@webmail.example,+91 90007 74954,male,2006-10-29,Kolkata,West Bengal,700377,"20/18, Blue Lagoon Residency, Market Cross Road, Extension",2025-11-12,inactive,active,English,1,9249,bronze
CUST-01177,Ramesh,Varma,ramesh.varma@netmail.example,+91 80005 07575,male,1979-04-10,Hyderabad,Telangana,500781,"Flat 121, Sunrise Residency, 12th Main, Sector 14",2025-11-13,inactive,inactive,Hinglish,1,3539,bronze
CUST-01178,Jyoti,Chatterjee,jyoti.chatterjee@mailbox.example,+91 80008 31591,female,1987-03-06,Pune,Maharashtra,411390,"Flat 878, Emerald Park, Canal Road, Block C",2025-11-14,regular,active,Marathi,5,22661,silver
CUST-01179,Kiara,Joshi,kiara.joshi@webmail.example,+91 70006 78365,female,1995-06-01,Bengaluru,Karnataka,560184,"House No. 227, Rose Meadows, Bypass Road, Layout 3rd Stage",2025-11-17,premium,active,English,5,92857,bronze
CUST-01180,Sanket,Patil,sanket.patil@inbox.example,+91 70003 54725,other,2007-02-11,Mumbai,Maharashtra,400478,"Flat 879, Sai Krupa, College Road, Near City Mall",2025-11-17,new,active,English,1,13395,bronze
CUST-01181,Rajib,Kulkarni,rajib.kulkarni@mailbox.example,+91 80006 60299,male,1982-03-12,Bhubaneswar,Odisha,751275,"Unit 17-C, Gokul Dham, MG Road, New Colony",2025-11-18,inactive,inactive,Bengali,0,0,bronze
CUST-01182,Aarav,Jain,aarav.jain722@mailbox.example,+91 70006 46092,male,1979-12-18,Pune,Maharashtra,411248,"Flat 121, Riverview Enclave, Park Avenue, Extension",2025-11-20,regular,active,English,4,6743,bronze
CUST-01183,Harleen,Bhatia,harleen.bhatia41@netmail.example,+91 60002 11972,female,1996-03-01,Noida,Uttar Pradesh,201561,"Unit 78-B, Pearl Towers, Bypass Road, Camp Area",2025-11-20,inactive,inactive,Hindi,0,0,bronze
CUST-01184,Isha,Arora,isha.arora130@mailbox.example,+91 80007 16136,female,2007-06-14,Lucknow,Uttar Pradesh,226493,"44/18, Blue Lagoon Residency, MG Road, New Colony",2025-11-20,new,active,Hindi,1,23009,bronze
CUST-01185,Komal,Gaikwad,komal.gaikwad@mailbox.example,+91 90000 70466,female,2007-10-22,Mumbai,Maharashtra,400521,"Unit 48-B, Heritage Villas, Lake View Road, Near City Mall",2025-11-20,inactive,active,English,1,414,bronze
CUST-01186,Sandeep,Nandi,sandeep.nandi@mailbox.example,+91 80007 41373,male,1986-09-07,Kolkata,West Bengal,700056,"40/30, Jasmine Heights, Nehru Nagar Main Road, Industrial Estate",2025-11-20,premium,active,English,12,123539,silver
CUST-01187,Gaurav,Chatterjee,gaurav.chatterjee14@webmail.example,+91 90002 62460,male,1999-10-10,Nagpur,Maharashtra,440881,"Flat 489, Heritage Villas, College Road, Extension",2025-11-21,high_value,active,English,14,229036,silver
CUST-01188,Ashwin,Malhotra,ashwin.malhotra@webmail.example,+91 70006 63696,male,1997-07-08,Chennai,Tamil Nadu,600160,"House No. 437, Neelkanth CHS, Canal Road, Industrial Estate",2025-11-22,regular,active,English,3,2617,bronze
CUST-01189,Harleen,Dubey,harleen.dubey21@webmail.example,+91 90007 35062,female,1996-04-12,Bhopal,Madhya Pradesh,462864,"Unit 27-A, Emerald Park, MG Road, Sector 14",2025-11-23,regular,active,Hindi,2,9085,bronze
CUST-01190,Spoorthi,Warrier,spoorthi.warrier78@mailbox.example,+91 60002 93486,female,2007-07-11,Bengaluru,Karnataka,560601,"12/9, Sunrise Residency, Old Town Road, Layout 3rd Stage",2025-11-24,regular,active,English,5,12391,bronze
CUST-01191,Shruti,Desai,shruti.desai@inbox.example,+91 80007 49794,female,2007-02-14,Mumbai,Maharashtra,400662,"Flat 174, Gokul Dham, Old Town Road, Housing Board",2025-11-25,new,active,Hinglish,1,389,bronze
CUST-01192,Abhijit,Mondal,abhijit.mondal40@netmail.example,+91 90005 73838,male,1973-01-12,Kolkata,West Bengal,700242,"House No. 280, Anand Vihar Society, 12th Main, Behind Bus Stand",2025-11-26,premium,active,English,2,83686,bronze
CUST-01193,Karan,Rawat,karan.rawat@netmail.example,+91 90000 37991,male,1981-12-05,Bhopal,Madhya Pradesh,462471,"50/23, Anand Vihar Society, 5th Cross, Block C",2025-11-26,inactive,active,Hinglish,3,252088,bronze
CUST-01194,Aditya,Balaji,aditya.balaji50@mailbox.example,+91 60008 30648,male,2007-02-02,Chennai,Tamil Nadu,600920,"House No. 395, Rose Meadows, Park Avenue, Opp. Public Library",2025-11-27,inactive,active,English,1,9438,bronze
CUST-01195,Gaurav,Dsouza,gaurav.dsouza43@mailbox.example,+91 90006 69622,male,1984-09-14,Jodhpur,Rajasthan,342858,"Unit 17-A, Celestial Apartments, Park Avenue, Layout 3rd Stage",2025-11-28,regular,active,Hindi,2,1535,bronze
CUST-01196,Pranav,Reddy,pranav.reddy48@mailbox.example,+91 80007 70453,male,1998-02-14,Delhi,Delhi,110835,"Flat 1054, Skyline Arcade, Station Road, New Colony",2025-11-28,new,active,Hindi,1,1569,bronze
CUST-01197,Prakash,Krishnan,prakash.krishnan@mailbox.example,+91 60006 40641,male,1985-09-22,Chennai,Tamil Nadu,600317,"Unit 30-B, Palm Grove, College Road, Behind Bus Stand",2025-11-30,inactive,active,Tamil,3,8578,bronze
CUST-01198,Deepak,Shukla,deepak.shukla60@mailbox.example,+91 70004 20676,male,1979-01-05,Patna,Bihar,800472,"House No. 457, Heritage Villas, Link Road, Block C",2025-12-01,inactive,inactive,Hinglish,0,0,bronze
CUST-01199,Ananya,Shukla,ananya.shukla@inbox.example,+91 60004 60395,female,1979-03-27,Delhi,Delhi,110792,"47/9, Celestial Apartments, Industrial Area Road, Camp Area",2025-12-02,regular,active,Hindi,2,8735,bronze
CUST-01200,Sachin,Gupta,sachin.gupta76@inbox.example,+91 70002 00990,male,1992-07-08,Noida,Uttar Pradesh,201932,"Flat 507, Riverview Enclave, Industrial Area Road, Opp. Public Library",2025-12-03,regular,active,Hindi,3,22288,bronze
CUST-01201,Myra,Srivastava,myra.srivastava83@inbox.example,+91 90006 44558,female,1987-02-01,Bhopal,Madhya Pradesh,462263,"5/10, Gokul Dham, Garden Lane, Block C",2025-12-05,regular,active,English,4,8795,bronze
CUST-01202,Onkar,Banerjee,onkar.banerjee87@inbox.example,+91 80002 17350,male,2007-08-16,Pune,Maharashtra,411154,"House No. 331, Sai Krupa, Civil Lines Road, Behind Bus Stand",2025-12-05,regular,active,Marathi,4,21315,bronze
CUST-01203,Dhruv,Dhillon,dhruv.dhillon1730@webmail.example,+91 60005 52145,male,1981-07-02,Delhi,Delhi,110295,"35/18, Tulsi Garden, Park Avenue, Model Town",2025-12-09,inactive,active,Hinglish,2,22253,bronze
CUST-01204,Anika,Joshi,anika.joshi1655@inbox.example,+91 90000 56012,female,2007-11-19,Pune,Maharashtra,411011,"House No. 409, Silver Oak Homes, MG Road, Camp Area",2025-12-11,premium,active,Marathi,3,81534,silver
CUST-01205,Shivam,Dubey,shivam.dubey@webmail.example,+91 60007 09274,male,1978-03-10,Lucknow,Uttar Pradesh,226607,"12/25, Orchid Towers, Bypass Road, New Colony",2025-12-12,high_value,active,Hinglish,10,194316,silver
CUST-01206,Shruti,Chopra,shruti.chopra@inbox.example,+91 70001 37784,female,2007-07-09,Howrah,West Bengal,711858,"House No. 261, Riverview Enclave, Nehru Nagar Main Road, Housing Board",2025-12-13,high_value,active,English,16,213010,silver
CUST-01207,Simran,Gill,simran.gill@webmail.example,+91 80001 97258,female,1995-04-22,Noida,Uttar Pradesh,201302,"Flat 291, Pearl Towers, Old Town Road, Camp Area",2025-12-14,regular,active,English,2,1199,bronze
CUST-01208,Naveen,Chatterjee,naveen.chatterjee@netmail.example,+91 70000 74211,male,1986-12-16,Chennai,Tamil Nadu,600988,"House No. 433, Heritage Villas, Civil Lines Road, Industrial Estate",2025-12-15,high_value,active,English,17,303207,gold
CUST-01209,Pooja,Mondal,pooja.mondal1248@mailbox.example,+91 90007 62317,female,1997-01-15,Siliguri,West Bengal,734180,"16/19, Celestial Apartments, College Road, Sector 14",2025-12-16,high_value,active,English,30,629093,gold
CUST-01210,Rashmi,Yadav,rashmi.yadav@webmail.example,+91 90002 42814,female,1996-09-23,Pune,Maharashtra,411376,"Flat 582, Pearl Towers, Link Road, New Colony",2025-12-17,inactive,inactive,English,0,0,bronze
CUST-01211,Ashwin,Selvam,ashwin.selvam435@netmail.example,+91 80001 27897,male,1998-12-29,Chennai,Tamil Nadu,600128,"Flat 287, Anand Vihar Society, Nagar Road, Extension",2025-12-22,regular,active,English,4,34933,silver
CUST-01212,Simran,Patil,simran.patil@mailbox.example,+91 80007 54951,female,2007-01-06,Gurugram,Haryana,122941,"Flat 955, Blue Lagoon Residency, Link Road, Layout 3rd Stage",2025-12-23,inactive,inactive,Hinglish,0,0,bronze
CUST-01213,Deepak,Prasad,deepak.prasad83@netmail.example,+91 80007 17238,male,1976-09-20,Hyderabad,Telangana,500133,"House No. 354, Tulsi Garden, Canal Road, Layout 3rd Stage",2025-12-25,regular,active,Telugu,2,1381,bronze
CUST-01214,Rohan,Mukherjee,rohan.mukherjee@netmail.example,+91 80002 06544,male,2007-08-28,Vadodara,Gujarat,390193,"52/28, Gokul Dham, Garden Lane, Layout 3rd Stage",2025-12-26,regular,active,English,2,33252,bronze
CUST-01215,Nikhil,Kumar,nikhil.kumar@netmail.example,+91 90005 33664,male,1991-02-28,Hyderabad,Telangana,500785,"House No. 235, Shanti Niwas, Link Road, Industrial Estate",2025-12-29,new,active,Telugu,1,1569,bronze
CUST-01216,Ananya,Pawar,ananya.pawar340@inbox.example,+91 80006 54791,female,2005-02-28,Mumbai,Maharashtra,400125,"13/11, Skyline Arcade, Gandhi Marg, Model Town",2025-12-30,regular,active,Marathi,3,59150,bronze
CUST-01217,Ishaan,Ramasamy,ishaan.ramasamy77@inbox.example,+91 70007 07406,male,2002-12-03,Coimbatore,Tamil Nadu,641538,"House No. 283, Celestial Apartments, Industrial Area Road, New Colony",2025-12-31,inactive,active,English,0,0,bronze
CUST-01218,Madhumita,Kulkarni,madhumita.kulkarni12@mailbox.example,+91 90005 54772,female,1999-05-06,Kolkata,West Bengal,700033,"Flat 612, Sunrise Residency, College Road, Block C",2025-12-31,regular,active,Bengali,2,3539,bronze
CUST-01219,Shweta,Murthy,shweta.murthy@webmail.example,+91 70001 45907,female,2007-01-24,Hyderabad,Telangana,500781,"House No. 63, Rose Meadows, Temple Street, Behind Bus Stand",2025-12-31,premium,active,English,7,86960,bronze
CUST-01220,Kabir,Kurup,kabir.kurup1615@mailbox.example,+91 70008 19603,male,1996-05-22,Kochi,Kerala,682568,"Flat 1168, Tulsi Garden, Nehru Nagar Main Road, West End",2026-01-01,inactive,active,English,0,0,bronze
CUST-01221,Indranil,Roy,indranil.roy@netmail.example,+91 70000 14116,male,1983-05-13,Howrah,West Bengal,711560,"House No. 121, Emerald Park, Nehru Nagar Main Road, Behind Bus Stand",2026-01-02,new,active,Bengali,1,881,bronze
CUST-01222,Rahul,Arora,rahul.arora63@mailbox.example,+91 80004 29752,male,1981-11-15,Hubballi,Karnataka,580864,"Flat 501, Pearl Towers, Link Road, New Colony",2026-01-04,inactive,active,English,2,82890,bronze
CUST-01223,Aishwarya,Gaikwad,aishwarya.gaikwad327@inbox.example,+91 90005 23507,female,1982-02-08,Pune,Maharashtra,411661,"House No. 387, Mangal Darshan, 12th Main, Extension",2026-01-07,premium,active,English,9,132125,bronze
CUST-01224,Debashish,Biswas,debashish.biswas47@webmail.example,+91 80008 08631,male,1995-04-19,Kolkata,West Bengal,700198,"House No. 278, Mangal Darshan, Bypass Road, New Colony",2026-01-08,high_value,active,Bengali,13,172257,silver
CUST-01225,Harsh,Warrier,harsh.warrier@mailbox.example,+91 80005 67043,other,2002-10-29,Bengaluru,Karnataka,560162,"House No. 331, Palm Grove, Bypass Road, Phase 2",2026-01-08,high_value,active,Hinglish,27,399060,platinum
CUST-01226,Pallavi,Pillai,pallavi.pillai1494@webmail.example,+91 70006 99518,female,1982-01-16,Udaipur,Rajasthan,313475,"Flat 969, Celestial Apartments, Gandhi Marg, Extension",2026-01-10,inactive,active,Hindi,0,0,bronze
CUST-01227,Sandeep,Dubey,sandeep.dubey@netmail.example,+91 90007 15004,male,1996-05-02,Amritsar,Punjab,143524,"Unit 92-D, Anand Vihar Society, Civil Lines Road, Camp Area",2026-01-10,regular,active,English,3,30028,bronze
CUST-01228,Shivam,Sandhu,shivam5241.sandhu@webmail.example,+91 80004 01332,male,2007-01-07,Lucknow,Uttar Pradesh,226246,"14/22, Heritage Villas, Temple Street, Camp Area",2026-01-11,high_value,active,English,7,173717,silver
CUST-01229,Snehal,Jain,snehal.jain@netmail.example,+91 70003 75839,female,1988-01-09,Mumbai,Maharashtra,400926,"35/30, Blue Lagoon Residency, Nagar Road, Near City Mall",2026-01-12,high_value,active,Marathi,24,270046,gold
CUST-01230,Manasi,Bose,manasi.bose@mailbox.example,+91 60000 80995,female,1986-02-16,Pune,Maharashtra,411341,"House No. 147, Lotus Heights, Gandhi Marg, Layout 3rd Stage",2026-01-13,regular,active,Hinglish,2,8632,bronze
CUST-01231,Myra,Tiwari,myra.tiwari1287@netmail.example,+91 80003 28260,female,1978-06-16,Mumbai,Maharashtra,400786,"House No. 414, Pearl Towers, Temple Street, Extension",2026-01-13,regular,active,Marathi,3,21632,bronze
CUST-01232,Rashmi,Shinde,rashmi.shinde@inbox.example,+91 60007 86436,female,1967-03-05,Pune,Maharashtra,411606,"Flat 654, Shanti Niwas, Ring Road, Sector 14",2026-01-13,high_value,active,English,5,189166,bronze
CUST-01233,Deepa,Chandran,deepa.chandran@netmail.example,+91 60002 38358,female,1995-05-24,Coimbatore,Tamil Nadu,641760,"Flat 322, Sunrise Residency, 12th Main, Sector 14",2026-01-15,inactive,active,Tamil,0,0,bronze
CUST-01234,Manasi,Rao,manasi.rao@webmail.example,+91 70000 68764,female,2007-12-14,Panaji,Goa,403404,"House No. 17, Sai Krupa, College Road, Phase 2",2026-01-16,regular,active,Hinglish,4,30866,bronze
CUST-01235,Nidhi,Agarwal,nidhi.agarwal@webmail.example,+91 90004 51836,female,1993-05-28,Delhi,Delhi,110464,"Unit 32-B, Jasmine Heights, Park Avenue, Sector 14",2026-01-16,new,active,Hindi,1,38317,bronze
CUST-01236,Nikhil,Jain,nikhil.jain@inbox.example,+91 70007 12706,male,2007-02-04,Bhubaneswar,Odisha,751484,"House No. 218, Shanti Niwas, 5th Cross, West End",2026-01-16,premium,active,Bengali,2,60580,bronze
CUST-01237,Ishaan,Sawant,ishaan.sawant15@webmail.example,+91 90006 82080,male,2007-10-16,Nashik,Maharashtra,422505,"Unit 82-D, Sai Krupa, Park Avenue, Camp Area",2026-01-17,premium,active,Hinglish,7,129954,bronze
CUST-01238,Prasanna,Ali,prasanna.ali@inbox.example,+91 80002 75243,male,1979-08-19,Bengaluru,Karnataka,560619,"Unit 47-A, Lotus Heights, Nehru Nagar Main Road, Industrial Estate",2026-01-18,new,active,English,1,255,bronze
CUST-01239,Khushboo,Modi,khushboo.modi@webmail.example,+91 90002 05368,female,1985-06-10,Ahmedabad,Gujarat,380000,"Flat 1199, Shanti Niwas, Ring Road, Industrial Estate",2026-01-19,new,active,English,2,0,bronze
CUST-01240,Myra,Ali,myra.ali80@inbox.example,+91 80004 00142,female,1977-08-22,Hyderabad,Telangana,500837,"House No. 169, Heritage Villas, Bypass Road, Industrial Estate",2026-01-19,inactive,active,English,0,0,bronze
CUST-01241,Nilesh,Chopra,nilesh.chopra7@inbox.example,+91 90009 38509,male,2007-01-21,Mumbai,Maharashtra,400510,"60/19, Shanti Niwas, College Road, Block C",2026-01-21,premium,active,Hinglish,7,64581,bronze
CUST-01242,Aditya,Tiwari,aditya.tiwari9@inbox.example,+91 70009 05856,male,1990-08-09,Ahmedabad,Gujarat,380157,"House No. 58, Green Valley Apartments, Lake View Road, Extension",2026-01-22,new,active,Gujarati,1,235,bronze
CUST-01243,Suresh,Sundaram,suresh.sundaram@netmail.example,+91 80005 15010,male,1997-07-18,Chennai,Tamil Nadu,600749,"Unit 28-C, Orchid Towers, 12th Main, Extension",2026-01-22,new,active,English,1,4129,bronze
CUST-01244,Thenmozhi,Dutta,thenmozhi.dutta@mailbox.example,+91 60009 50974,female,2007-04-14,Coimbatore,Tamil Nadu,641016,"Flat 951, Pearl Towers, MG Road, New Colony",2026-01-22,new,active,English,1,806,bronze
CUST-01245,Pallavi,Roy,pallavi.roy22@netmail.example,+91 90009 25529,female,1987-09-15,Kolkata,West Bengal,700485,"Unit 26-A, Tulsi Garden, Gandhi Marg, Sector 14",2026-01-23,high_value,active,Bengali,17,427636,gold
CUST-01246,Sakshi,Patil,sakshi.patil@inbox.example,+91 80000 90279,female,1982-02-24,Delhi,Delhi,110515,"Unit 94-A, Silver Oak Homes, Lake View Road, Extension",2026-01-24,inactive,active,English,0,0,bronze
CUST-01247,Preeti,Rathore,preeti.rathore@webmail.example,+91 80003 09937,female,2003-05-26,Lucknow,Uttar Pradesh,226717,"Unit 98-A, Orchid Towers, Temple Street, Camp Area",2026-01-25,regular,active,Hinglish,4,41633,bronze
CUST-01248,Tanvi,Menon,tanvi.menon@inbox.example,+91 70002 78399,female,1971-03-28,Bhubaneswar,Odisha,751470,"House No. 100, Mangal Darshan, College Road, Model Town",2026-01-26,high_value,active,English,34,613890,platinum
CUST-01249,Kunjan,Nair,kunjan.nair291@inbox.example,+91 60002 93580,male,1992-04-18,Vadodara,Gujarat,390622,"House No. 429, Lotus Heights, Gandhi Marg, Camp Area",2026-01-27,inactive,active,Hinglish,0,0,bronze
CUST-01250,Sayali,Gaikwad,sayali.gaikwad1709@inbox.example,+91 80004 64446,female,1985-12-14,Mumbai,Maharashtra,400979,"Flat 712, Ashiyana Complex, MG Road, Behind Bus Stand",2026-01-27,inactive,suspended,Hinglish,0,0,bronze
CUST-01251,Amrutha,Dutta,amrutha.dutta1409@inbox.example,+91 70006 55539,female,1994-10-01,Mysuru,Karnataka,570601,"43/20, Orchid Towers, Gandhi Marg, New Colony",2026-01-29,new,active,English,1,1533,bronze
CUST-01252,Chirag,Gandhi,chirag.gandhi@inbox.example,+91 90007 59291,male,2007-02-23,Vadodara,Gujarat,390428,"Unit 45-C, Pearl Towers, College Road, Industrial Estate",2026-01-29,inactive,active,Hindi,2,53913,bronze
CUST-01253,Snehal,More,snehal.more@inbox.example,+91 80006 11574,female,2006-05-30,Mumbai,Maharashtra,400125,"House No. 262, Heritage Villas, Link Road, Sector 14",2026-01-29,premium,active,Marathi,7,71361,bronze
CUST-01254,Shweta,Chopra,shweta.chopra8@netmail.example,+91 80000 34782,female,1979-05-19,Patna,Bihar,800431,"Flat 1064, Jasmine Heights, Industrial Area Road, Layout 3rd Stage",2026-01-30,premium,active,Hinglish,3,85536,bronze
CUST-01255,Teja,Sastry,teja.sastry1431@mailbox.example,+91 90001 60190,male,1992-12-05,Visakhapatnam,Andhra Pradesh,530883,"Flat 722, Lotus Heights, 12th Main, Housing Board",2026-02-01,regular,active,Telugu,6,29965,bronze
CUST-01256,Moumita,Nandi,moumita.nandi@inbox.example,+91 90007 22589,female,1980-07-17,Kolkata,West Bengal,700619,"49/27, Mangal Darshan, Market Cross Road, Near City Mall",2026-02-02,inactive,suspended,English,0,0,bronze
CUST-01257,Jaspreet,Ali,jaspreet.ali@webmail.example,+91 70007 29193,male,1987-05-16,Gurugram,Haryana,122337,"Flat 862, Riverview Enclave, Nagar Road, Industrial Estate",2026-02-04,new,active,Hinglish,1,247,bronze
CUST-01258,Anuj,Bajwa,anuj.bajwa8@inbox.example,+91 60006 71974,male,2003-11-22,Bhopal,Madhya Pradesh,462395,"Unit 84-C, Palm Grove, Nagar Road, Layout 3rd Stage",2026-02-06,regular,active,Hinglish,4,37397,bronze
CUST-01259,Kiara,Thakur,kiara.thakur@netmail.example,+91 70002 26762,female,2007-02-05,Gurugram,Haryana,122005,"Flat 917, Pearl Towers, Bypass Road, Phase 2",2026-02-06,regular,active,English,4,47319,bronze
CUST-01260,Reyansh,Hegde,reyansh.hegde1845@mailbox.example,+91 70009 35263,male,1996-10-15,Bengaluru,Karnataka,560955,"Unit 14-B, Tulsi Garden, Temple Street, Block C",2026-02-06,high_value,active,Hinglish,20,263549,gold
CUST-01261,Vihaan,Rathore,vihaan.rathore694@mailbox.example,+91 90007 97193,other,2007-10-27,Chennai,Tamil Nadu,600483,"2/11, Blue Lagoon Residency, 12th Main, Layout 3rd Stage",2026-02-06,regular,active,English,3,19895,bronze
CUST-01262,Zoya,Jain,zoya.jain264@webmail.example,+91 80002 94181,female,2007-03-07,Kolkata,West Bengal,700650,"15/10, Celestial Apartments, Link Road, Phase 2",2026-02-07,regular,active,Bengali,3,7158,bronze
CUST-01263,Anil,Chowdary,anil.chowdary@netmail.example,+91 90007 18495,male,1994-04-24,Hyderabad,Telangana,500191,"House No. 238, Sunrise Residency, Bypass Road, Near City Mall",2026-02-08,inactive,active,English,0,0,bronze
CUST-01264,Meet,Zaveri,meet.zaveri41@netmail.example,+91 80001 15927,male,1996-12-17,Rajkot,Gujarat,360587,"Flat 381, Rose Meadows, Gandhi Marg, Model Town",2026-02-08,premium,active,English,6,60199,bronze
CUST-01265,Sanket,Singh,sanket.singh76@mailbox.example,+91 80003 34744,male,1984-08-05,Mumbai,Maharashtra,400201,"House No. 258, Blue Lagoon Residency, Temple Street, Housing Board",2026-02-08,regular,active,Hindi,4,36665,silver
CUST-01266,Kabir,Pillai,kabir.pillai20@inbox.example,+91 70005 75466,male,2007-10-26,Surat,Gujarat,395290,"House No. 328, Neelkanth CHS, Gandhi Marg, Near City Mall",2026-02-09,high_value,active,Gujarati,8,174596,silver
CUST-01267,Sagar,Das,sagar.das26@webmail.example,+91 90008 07487,male,1983-04-02,Mumbai,Maharashtra,400368,"Unit 57-B, Shanti Niwas, Lake View Road, Extension",2026-02-09,regular,active,English,2,10204,bronze
CUST-01268,Ishaan,Yadav,ishaan.yadav554@inbox.example,+91 60003 02767,male,1986-04-12,Visakhapatnam,Andhra Pradesh,530482,"House No. 172, Jasmine Heights, MG Road, New Colony",2026-02-10,inactive,inactive,English,3,53876,silver
CUST-01269,Karan,Shukla,karan.shukla@webmail.example,+91 70006 96980,male,1987-04-16,Gurugram,Haryana,122531,"Flat 406, Sai Krupa, Station Road, Extension",2026-02-11,inactive,active,English,0,0,bronze
CUST-01270,Riddhi,Singh,riddhi.singh1606@webmail.example,+91 80003 89017,female,2006-08-25,Ahmedabad,Gujarat,380767,"Unit 30-D, Lotus Heights, Bypass Road, Opp. Public Library",2026-02-11,new,active,English,1,4776,bronze
CUST-01271,Sachin,Joshi,sachin.joshi90@webmail.example,+91 90003 20448,male,1991-09-07,Delhi,Delhi,110310,"Unit 50-B, Neelkanth CHS, Gandhi Marg, Phase 2",2026-02-11,inactive,inactive,English,0,0,bronze
CUST-01272,Nayana,Varghese,nayana.varghese1212@inbox.example,+91 80008 94992,female,1989-10-18,Bengaluru,Karnataka,560822,"Flat 875, Skyline Arcade, 5th Cross, Extension",2026-02-12,new,active,Hinglish,1,25282,bronze
CUST-01273,Gaurav,Pillai,gaurav.pillai@inbox.example,+91 60004 20286,male,2000-03-25,Rajkot,Gujarat,360901,"Unit 16-C, Shanti Niwas, Industrial Area Road, Housing Board",2026-02-13,inactive,suspended,Hinglish,0,0,bronze
CUST-01274,Harsh,Solanki,harsh.solanki@inbox.example,+91 70003 42705,male,1993-03-20,Ahmedabad,Gujarat,380807,"Unit 16-A, Green Valley Apartments, Canal Road, Opp. Public Library",2026-02-13,high_value,active,Hinglish,9,482500,silver
CUST-01275,Pallavi,Kondapalli,pallavi.kondapalli@inbox.example,+91 60002 26045,female,2007-12-07,Hyderabad,Telangana,500172,"Unit 59-D, Maple Court, Market Cross Road, Block C",2026-02-21,regular,active,English,5,4166,bronze
CUST-01276,Sonal,Kumar,sonal.kumar@mailbox.example,+91 80003 53150,female,1985-12-31,Faridabad,Haryana,121872,"Unit 30-D, Skyline Arcade, Gandhi Marg, Block C",2026-02-21,inactive,inactive,Hinglish,0,0,bronze
CUST-01277,Tanvi,Raju,tanvi.raju98@inbox.example,+91 90005 53139,female,1999-08-22,Hyderabad,Telangana,500066,"House No. 100, Skyline Arcade, Gandhi Marg, Camp Area",2026-02-21,regular,active,English,2,23979,bronze
CUST-01278,Anil,Chowdary,anil.chowdary@inbox.example,+91 70005 73277,male,1995-10-10,Warangal,Telangana,506149,"Flat 715, Anand Vihar Society, Park Avenue, Block C",2026-02-23,new,active,Telugu,1,7222,bronze
CUST-01279,Tanushree,Chopra,tanushree.chopra62@netmail.example,+91 90007 39853,female,1988-07-04,Kolkata,West Bengal,700648,"Flat 621, Pearl Towers, Canal Road, Extension",2026-02-25,inactive,active,English,0,0,bronze
CUST-01280,Aditya,Srivastava,aditya.srivastava@webmail.example,+91 80001 50369,male,1997-03-05,Jodhpur,Rajasthan,342864,"House No. 176, Neelkanth CHS, College Road, Sector 14",2026-02-27,inactive,active,English,0,0,bronze
CUST-01281,Anjali,Shukla,anjali.shukla@inbox.example,+91 80002 38018,female,2001-04-25,Delhi,Delhi,110975,"House No. 38, Riverview Enclave, Park Avenue, Camp Area",2026-02-27,regular,active,Hinglish,5,38350,bronze
CUST-01282,Mahesh,Shetty,mahesh.shetty70@webmail.example,+91 80008 84277,male,1984-04-20,Bengaluru,Karnataka,560448,"38/7, Gokul Dham, Civil Lines Road, Housing Board",2026-02-27,regular,active,English,2,32887,bronze
CUST-01283,Gauri,Gaikwad,gauri.gaikwad160@netmail.example,+91 60008 39747,female,1999-03-08,Mumbai,Maharashtra,400703,"Unit 73-C, Green Valley Apartments, Civil Lines Road, Near City Mall",2026-02-28,premium,active,English,3,74581,bronze
CUST-01284,Ashwin,Nair,ashwin.nair@mailbox.example,+91 90000 86091,male,1993-11-11,Madurai,Tamil Nadu,625400,"Flat 256, Mangal Darshan, Park Avenue, Phase 2",2026-03-01,inactive,active,English,0,0,bronze
CUST-01285,Chaitra,Hegde,chaitra.hegde@inbox.example,+91 80008 60697,female,1995-01-12,Bengaluru,Karnataka,560414,"Unit 29-A, Maple Court, MG Road, Opp. Public Library",2026-03-01,inactive,active,Hinglish,0,0,bronze
CUST-01286,Mounika,Reddy,mounika.reddy@netmail.example,+91 90000 37367,female,2007-11-10,Hyderabad,Telangana,500006,"Unit 31-D, Rose Meadows, 12th Main, Industrial Estate",2026-03-01,premium,active,English,3,106832,bronze
CUST-01287,Prasanna,Gowda,prasanna.gowda@netmail.example,+91 70001 11607,male,2007-03-29,Bengaluru,Karnataka,560416,"Flat 138, Lotus Heights, MG Road, Extension",2026-03-01,regular,active,English,2,6134,bronze
CUST-01288,Sachin,Bajwa,sachin.bajwa1393@netmail.example,+91 60003 19748,male,1991-03-24,Chandigarh,Chandigarh,160283,"Flat 615, Sai Krupa, Industrial Area Road, Opp. Public Library",2026-03-02,regular,active,Hindi,5,11651,silver
CUST-01289,Rakesh,Warrier,rakesh.warrier@mailbox.example,+91 70009 39407,male,1984-11-27,Bengaluru,Karnataka,560586,"17/9, Sunrise Residency, Nagar Road, Phase 2",2026-03-03,regular,active,Hinglish,2,9493,bronze
CUST-01290,Kabir,Gandhi,kabir.gandhi16@webmail.example,+91 90003 05197,other,1994-11-20,Surat,Gujarat,395546,"Unit 24-B, Anand Vihar Society, Link Road, West End",2026-03-04,high_value,active,Gujarati,20,434650,gold
CUST-01291,Nikhil,Pandey,nikhil.pandey526@inbox.example,+91 80006 51297,male,1985-08-30,Kanpur,Uttar Pradesh,208138,"Flat 274, Shanti Niwas, Nagar Road, Near City Mall",2026-03-05,premium,active,English,10,79543,bronze
CUST-01292,Sanket,Kumar,sanket.kumar573@netmail.example,+91 90002 31752,male,1995-02-20,Mumbai,Maharashtra,400769,"7/25, Maple Court, Nehru Nagar Main Road, Behind Bus Stand",2026-03-05,new,active,Hindi,1,4991,bronze
CUST-01293,Aarti,Sandhu,aarti.sandhu1853@inbox.example,+91 60007 48421,female,2007-11-24,Ranchi,Jharkhand,834663,"50/10, Blue Lagoon Residency, Nehru Nagar Main Road, Near City Mall",2026-03-08,regular,active,English,2,18105,bronze
CUST-01294,Ishaan,Rao,ishaan.rao37@inbox.example,+91 60001 60214,male,2003-03-06,Vadodara,Gujarat,390339,"Flat 1041, Emerald Park, Ring Road, Layout 3rd Stage",2026-03-09,regular,active,Gujarati,2,13213,bronze
CUST-01295,Karan,Murthy,karan.murthy@inbox.example,+91 70000 18370,male,1984-12-19,Vijayawada,Andhra Pradesh,520400,"Flat 1172, Green Valley Apartments, Nagar Road, Camp Area",2026-03-09,premium,active,English,7,89532,silver
CUST-01296,Mayank,Joshi,mayank.joshi@mailbox.example,+91 70003 85191,male,1995-03-16,Raipur,Chhattisgarh,492760,"Flat 547, Heritage Villas, Ring Road, Block C",2026-03-11,regular,active,Hinglish,4,12210,bronze
CUST-01297,Manish,Nandi,manish.nandi@webmail.example,+91 60002 28636,male,2007-04-12,Guwahati,Assam,781577,"Unit 69-B, Silver Oak Homes, 5th Cross, Sector 14",2026-03-12,new,active,English,1,1558,bronze
CUST-01298,Manish,Chandran,manish.chandran@netmail.example,+91 70001 00102,male,1981-10-02,Chennai,Tamil Nadu,600268,"20/22, Green Valley Apartments, Park Avenue, Phase 2",2026-03-13,high_value,active,English,9,177515,silver
CUST-01299,Anjali,Dubey,anjali.dubey@mailbox.example,+91 60006 19500,female,2000-10-08,Jaipur,Rajasthan,302766,"49/4, Celestial Apartments, Market Cross Road, Layout 3rd Stage",2026-03-14,regular,active,Hindi,6,39631,bronze
CUST-01300,Karthik,Singh,karthik.singh@inbox.example,+91 80001 37301,male,1970-12-03,Coimbatore,Tamil Nadu,641286,"Unit 15-C, Mangal Darshan, Gandhi Marg, Behind Bus Stand",2026-03-14,high_value,active,English,6,187950,silver
CUST-01301,Gaurav,Iyer,gaurav.iyer@netmail.example,+91 70006 80600,male,1994-02-18,Ahmedabad,Gujarat,380765,"House No. 156, Green Valley Apartments, Park Avenue, Housing Board",2026-03-15,premium,active,Hinglish,6,63911,bronze
CUST-01302,Kabir,Zaveri,kabir.zaveri@mailbox.example,+91 60004 60312,male,1991-10-14,Surat,Gujarat,395365,"Flat 1140, Mangal Darshan, MG Road, Block C",2026-03-15,premium,active,Hindi,10,137336,silver
CUST-01303,Snehal,Kapoor,snehal.kapoor@mailbox.example,+91 80002 34730,female,1991-05-19,Nagpur,Maharashtra,440552,"House No. 463, Sunrise Residency, Market Cross Road, Industrial Estate",2026-03-15,regular,active,English,4,20978,bronze
CUST-01304,Ishaan,Sen,ishaan.sen64@netmail.example,+91 90002 92480,male,2007-03-18,Delhi,Delhi,110001,"House No. 369, Maple Court, Nehru Nagar Main Road, Phase 2",2026-03-16,regular,active,Hinglish,4,18037,bronze
CUST-01305,Arnab,Kumar,arnab.kumar1823@mailbox.example,+91 90009 96944,male,2007-04-01,Guwahati,Assam,781276,"House No. 323, Mangal Darshan, Station Road, Extension",2026-03-18,premium,active,Bengali,3,73218,bronze
CUST-01306,Saanvi,Subramanian,saanvi.subramanian1234@netmail.example,+91 90002 32140,female,1981-04-20,Madurai,Tamil Nadu,625822,"60/12, Jasmine Heights, Garden Lane, Model Town",2026-03-18,regular,active,English,8,13563,silver
CUST-01307,Myra,Patil,myra.patil34@mailbox.example,+91 90008 60793,female,1983-05-17,Vadodara,Gujarat,390752,"14/1, Shanti Niwas, Lake View Road, Industrial Estate",2026-03-20,high_value,active,English,19,257281,gold
CUST-01308,Tanvi,Sundaram,tanvi.sundaram@netmail.example,+91 60006 20329,female,1978-04-07,Coimbatore,Tamil Nadu,641182,"House No. 335, Neelkanth CHS, Park Avenue, Opp. Public Library",2026-03-21,regular,active,English,5,5568,bronze
CUST-01309,Mahesh,Kamath,mahesh.kamath@webmail.example,+91 70003 47612,male,1998-09-05,Hubballi,Karnataka,580366,"House No. 361, Heritage Villas, MG Road, Opp. Public Library",2026-03-22,regular,active,Hinglish,2,8849,bronze
CUST-01310,Manish,Menon,manish.menon@netmail.example,+91 80009 77996,male,1998-08-15,Mumbai,Maharashtra,400621,"Flat 1047, Orchid Towers, MG Road, Layout 3rd Stage",2026-03-22,regular,active,Marathi,2,56843,bronze
CUST-01311,Vikram,Arora,vikram.arora91@mailbox.example,+91 70003 44753,male,1993-11-13,Hubballi,Karnataka,580973,"Unit 48-D, Ashiyana Complex, Lake View Road, West End",2026-03-23,regular,active,English,6,40540,bronze
CUST-01312,Arjun,Sethi,arjun.sethi97@inbox.example,+91 60008 18221,male,2005-08-11,Kochi,Kerala,682747,"Flat 1054, Pearl Towers, Bypass Road, West End",2026-03-24,inactive,inactive,English,0,0,gold
CUST-01313,Deepak,Yadav,deepak.yadav@webmail.example,+91 70009 06447,male,1997-10-29,Hyderabad,Telangana,500026,"54/14, Mangal Darshan, Canal Road, Phase 2",2026-03-24,new,active,Telugu,1,255,bronze
CUST-01314,Gaurav,Shah,gaurav.shah64@inbox.example,+91 80000 09226,male,2007-03-31,Nashik,Maharashtra,422851,"32/7, Jasmine Heights, 12th Main, Model Town",2026-03-24,high_value,active,English,18,224511,gold
CUST-01315,Pranav,Chakraborty,pranav.chakraborty@inbox.example,+91 60001 84185,male,2000-12-21,Bhubaneswar,Odisha,751430,"Flat 1102, Anand Vihar Society, Garden Lane, Block C",2026-03-24,new,active,Bengali,1,5605,bronze
CUST-01316,Rohan,Verma,rohan.verma@mailbox.example,+91 60001 20282,male,1997-10-01,Kolkata,West Bengal,700801,"13/20, Sai Krupa, MG Road, Block C",2026-03-31,inactive,active,English,0,0,bronze
CUST-01317,Anjali,Kapoor,anjali.kapoor@netmail.example,+91 60006 10354,female,2002-11-24,Jodhpur,Rajasthan,342234,"50/15, Silver Oak Homes, Civil Lines Road, Layout 3rd Stage",2026-04-01,regular,active,English,2,26541,bronze
CUST-01318,Kavya,Dubey,kavya.dubey@webmail.example,+91 90009 46315,female,2000-02-06,Chandigarh,Chandigarh,160385,"Flat 1077, Sai Krupa, Industrial Area Road, Sector 14",2026-04-02,regular,active,Hinglish,2,6869,bronze
CUST-01319,Manasi,Kale,manasi.kale@webmail.example,+91 90009 92428,female,2007-03-01,Nagpur,Maharashtra,440137,"House No. 109, Gokul Dham, Old Town Road, Behind Bus Stand",2026-04-02,regular,active,English,2,8141,bronze
CUST-01320,Karan,Tomar,karan.tomar68@webmail.example,+91 60004 06978,male,2006-10-01,Dehradun,Uttarakhand,248376,"Flat 808, Emerald Park, Bypass Road, Block C",2026-04-03,new,active,English,1,8023,bronze
CUST-01321,Kunal,Banerjee,kunal.banerjee77@mailbox.example,+91 90008 13646,male,2001-11-22,Delhi,Delhi,110954,"Flat 1162, Neelkanth CHS, Temple Street, Behind Bus Stand",2026-04-03,premium,active,Hinglish,4,91470,bronze
CUST-01322,Ekta,Gill,ekta.gill@netmail.example,+91 60007 00884,female,1974-04-23,Delhi,Delhi,110478,"Unit 41-B, Sai Krupa, Gandhi Marg, Housing Board",2026-04-04,new,active,English,0,0,bronze
CUST-01323,Preeti,Dubey,preeti.dubey31@inbox.example,+91 60003 90558,female,1996-08-09,Noida,Uttar Pradesh,201370,"Flat 326, Sai Krupa, Old Town Road, Industrial Estate",2026-04-05,regular,active,English,4,17639,bronze
CUST-01324,Tanvi,Joshi,tanvi.joshi24@inbox.example,+91 80002 11446,female,1997-10-28,Nagpur,Maharashtra,440728,"Flat 155, Lotus Heights, Market Cross Road, Model Town",2026-04-05,high_value,active,Hinglish,10,164868,silver
CUST-01325,Priya,Malhotra,priya.malhotra760@mailbox.example,+91 90007 88434,female,1992-01-12,Delhi,Delhi,110398,"Unit 32-A, Tulsi Garden, Temple Street, Sector 14",2026-04-06,regular,active,Hinglish,2,25534,bronze
CUST-01326,Sandeep,Yadav,sandeep.yadav795@webmail.example,+91 90008 98287,male,1983-05-25,Pune,Maharashtra,411312,"6/29, Shanti Niwas, Lake View Road, Opp. Public Library",2026-04-06,new,active,English,1,927,bronze
CUST-01327,Anuj,Menon,anuj.menon@inbox.example,+91 90009 15361,male,1982-05-31,Indore,Madhya Pradesh,452078,"House No. 392, Skyline Arcade, Canal Road, Layout 3rd Stage",2026-04-07,premium,active,Hindi,9,104441,silver
CUST-01328,Pallavi,Shukla,pallavi.shukla@netmail.example,+91 90008 71758,female,1999-04-02,Delhi,Delhi,110346,"House No. 105, Rose Meadows, College Road, Near City Mall",2026-04-07,high_value,active,English,7,245010,silver
CUST-01329,Dinesh,Venkatesan,dinesh.venkatesan23@webmail.example,+91 90002 36583,male,1985-11-26,Chennai,Tamil Nadu,600000,"Unit 60-A, Sai Krupa, Market Cross Road, Layout 3rd Stage",2026-04-08,new,active,English,1,38975,bronze
CUST-01330,Pallavi,Naidu,pallavi.naidu491@inbox.example,+91 80008 43720,female,1975-01-02,Bengaluru,Karnataka,560863,"16/29, Shanti Niwas, MG Road, Behind Bus Stand",2026-04-08,inactive,inactive,English,1,255,bronze
CUST-01331,Shweta,Sethi,shweta.sethi@webmail.example,+91 60009 10823,female,1974-04-11,Coimbatore,Tamil Nadu,641400,"Flat 772, Skyline Arcade, Gandhi Marg, Sector 14",2026-04-08,premium,active,English,6,68348,bronze
CUST-01332,Nikhil,Dutta,nikhil.dutta@netmail.example,+91 60007 41673,male,1990-07-19,Gurugram,Haryana,122003,"14/30, Pearl Towers, College Road, Extension",2026-04-09,premium,active,English,10,135235,silver
CUST-01333,Revathi,Thakur,revathi.thakur@webmail.example,+91 80009 16722,female,2007-04-28,Chennai,Tamil Nadu,600613,"Flat 357, Neelkanth CHS, 12th Main, Near City Mall",2026-04-12,regular,active,English,4,11454,bronze
CUST-01334,Tanmay,Roy,tanmay.roy@webmail.example,+91 90008 76255,male,1993-11-11,Kolkata,West Bengal,700177,"Flat 634, Celestial Apartments, Lake View Road, Phase 2",2026-04-12,new,active,Hindi,0,0,bronze
CUST-01335,Rajesh,Chopra,rajesh.chopra63@mailbox.example,+91 60000 83259,male,2007-01-09,Vadodara,Gujarat,390520,"Flat 852, Lotus Heights, Nehru Nagar Main Road, New Colony",2026-04-13,regular,active,English,2,48553,bronze
CUST-01336,Rajesh,Zaveri,rajesh.zaveri@mailbox.example,+91 90006 12742,male,1987-11-15,Ahmedabad,Gujarat,380484,"Flat 186, Celestial Apartments, Civil Lines Road, West End",2026-04-13,new,active,Gujarati,0,0,bronze
CUST-01337,Rashmi,Pawar,rashmi.pawar@inbox.example,+91 70004 21236,female,2007-06-09,Pune,Maharashtra,411212,"16/12, Shanti Niwas, Market Cross Road, Sector 14",2026-04-13,regular,active,English,5,28765,bronze
CUST-01338,Vihaan,Singh,vihaan.singh@mailbox.example,+91 60004 71043,male,2007-12-08,Kochi,Kerala,682983,"11/30, Ashiyana Complex, Bypass Road, Layout 3rd Stage",2026-04-13,premium,active,English,8,137318,bronze
CUST-01339,Gauri,Kale,gauri.kale@netmail.example,+91 60000 73254,female,2007-08-14,Mumbai,Maharashtra,400974,"Flat 416, Orchid Towers, Temple Street, Sector 14",2026-04-14,new,active,English,1,392,bronze
CUST-01340,Kavya,Gupta,kavya.gupta@webmail.example,+91 80006 69578,female,1994-02-28,Chandigarh,Chandigarh,160296,"House No. 181, Tulsi Garden, Park Avenue, Extension",2026-04-16,high_value,active,English,11,231374,silver
CUST-01341,Simran,Desai,simran.desai@inbox.example,+91 90000 19141,female,2007-05-27,Delhi,Delhi,110658,"House No. 121, Pearl Towers, Gandhi Marg, Block C",2026-04-16,new,active,Hinglish,1,255,bronze
CUST-01342,Mounika,Goud,mounika913.goud@mailbox.example,+91 80004 82118,female,2007-06-01,Hyderabad,Telangana,500195,"Flat 558, Neelkanth CHS, Station Road, Block C",2026-04-17,premium,active,English,13,142443,bronze
CUST-01343,Nidhi,Mishra,nidhi.mishra@mailbox.example,+91 90001 97986,female,2007-05-25,Bhopal,Madhya Pradesh,462720,"Unit 47-D, Heritage Villas, Market Cross Road, Layout 3rd Stage",2026-04-17,new,active,Hinglish,1,10251,bronze
CUST-01344,Nirav,Kapoor,nirav.kapoor245@inbox.example,+91 90003 79189,male,2007-07-14,Vadodara,Gujarat,390968,"43/10, Silver Oak Homes, Nagar Road, Sector 14",2026-04-17,new,active,English,1,88585,bronze
CUST-01345,Spoorthi,Kulkarni,spoorthi.kulkarni@inbox.example,+91 70009 25434,female,2002-07-03,Bengaluru,Karnataka,560873,"Unit 8-D, Green Valley Apartments, Bypass Road, Model Town",2026-04-17,new,suspended,English,0,0,bronze
CUST-01346,Rashmi,Bhatia,rashmi.bhatia@inbox.example,+91 90001 16887,female,1985-04-19,Lucknow,Uttar Pradesh,226511,"30/30, Ashiyana Complex, Industrial Area Road, New Colony",2026-04-18,high_value,active,Hinglish,8,478536,bronze
CUST-01347,Zoya,Bajwa,zoya.bajwa@inbox.example,+91 70003 11605,female,1999-07-12,Indore,Madhya Pradesh,452910,"Unit 16-B, Emerald Park, Bypass Road, Camp Area",2026-04-18,new,suspended,Hinglish,0,0,bronze
CUST-01348,Reyansh,Gill,reyansh.gill86@inbox.example,+91 70006 76492,male,1993-02-04,Noida,Uttar Pradesh,201862,"50/18, Celestial Apartments, Park Avenue, New Colony",2026-04-20,regular,active,Hinglish,3,22981,bronze
CUST-01349,Jaspreet,Srivastava,jaspreet.srivastava@inbox.example,+91 80000 56376,male,2002-11-11,Indore,Madhya Pradesh,452597,"House No. 241, Skyline Arcade, Park Avenue, New Colony",2026-04-22,new,active,Hindi,0,0,bronze
CUST-01350,Dinesh,Ramasamy,dinesh.ramasamy189@webmail.example,+91 70009 32634,male,1994-12-30,Chennai,Tamil Nadu,600398,"Flat 786, Sunrise Residency, MG Road, Camp Area",2026-04-23,high_value,active,English,19,191538,gold
CUST-01351,Naresh,Verma,naresh.verma@inbox.example,+91 80007 89665,male,1993-01-01,Bengaluru,Karnataka,560563,"Flat 1075, Lotus Heights, Temple Street, Sector 14",2026-04-24,new,active,Hindi,1,3893,bronze
CUST-01352,Dhruv,Bhosale,dhruv.bhosale@inbox.example,+91 80003 64656,male,1985-08-30,Pune,Maharashtra,411815,"12/25, Orchid Towers, Canal Road, West End",2026-04-25,high_value,active,Hindi,5,185931,bronze
CUST-01353,Jyoti,Chandran,jyoti.chandran@netmail.example,+91 70000 49595,female,1991-02-01,Chennai,Tamil Nadu,600971,"House No. 326, Jasmine Heights, Bypass Road, Housing Board",2026-04-26,regular,active,Tamil,4,20096,bronze
CUST-01354,Jinal,Gandhi,jinal.gandhi@mailbox.example,+91 90001 48784,female,1994-03-16,Surat,Gujarat,395387,"House No. 217, Celestial Apartments, Nehru Nagar Main Road, Behind Bus Stand",2026-04-28,new,active,Gujarati,0,0,bronze
CUST-01355,Krishna,Bhatia,krishna.bhatia99@inbox.example,+91 70001 18841,male,1985-04-23,Bengaluru,Karnataka,560199,"House No. 22, Emerald Park, Old Town Road, Near City Mall",2026-04-30,premium,active,English,9,73382,bronze
CUST-01356,Saanvi,Modi,saanvi.modi1794@inbox.example,+91 90009 35450,female,1990-01-29,Vadodara,Gujarat,390309,"Flat 187, Emerald Park, MG Road, New Colony",2026-04-30,regular,active,Hindi,2,28156,bronze
CUST-01357,Sagar,Shinde,sagar.shinde53@inbox.example,+91 90002 57318,male,1995-07-04,Mumbai,Maharashtra,400613,"House No. 196, Mangal Darshan, Park Avenue, Near City Mall",2026-05-01,new,active,English,1,3421,bronze
CUST-01358,Anjali,Rao,anjali.rao@mailbox.example,+91 90004 58012,female,1982-07-16,Jaipur,Rajasthan,302941,"Unit 97-C, Ashiyana Complex, Nehru Nagar Main Road, Camp Area",2026-05-02,high_value,active,Hindi,50,560590,platinum
CUST-01359,Garima,Dhillon,garima.dhillon@webmail.example,+91 80005 21789,female,1976-09-20,Indore,Madhya Pradesh,452659,"House No. 93, Skyline Arcade, Nagar Road, Camp Area",2026-05-02,high_value,active,Hinglish,6,188422,bronze
CUST-01360,Mayank,Bajwa,mayank.bajwa@webmail.example,+91 80004 94074,male,1990-03-24,Bhopal,Madhya Pradesh,462643,"Flat 342, Pearl Towers, College Road, Model Town",2026-05-02,regular,active,English,4,29438,bronze
CUST-01361,Keerthi,Kondapalli,keerthi.kondapalli43@netmail.example,+91 90008 32885,female,2007-06-18,Hyderabad,Telangana,500162,"House No. 408, Anand Vihar Society, Station Road, Housing Board",2026-05-04,regular,active,English,6,41113,bronze
CUST-01362,Deepthi,Kamath,deepthi.kamath@mailbox.example,+91 70006 00812,female,1997-10-22,Bengaluru,Karnataka,560393,"24/14, Neelkanth CHS, Temple Street, New Colony",2026-05-05,new,active,Hinglish,1,1202,bronze
CUST-01363,Vignesh,Mishra,vignesh.mishra@inbox.example,+91 90002 09998,male,1984-05-17,Coimbatore,Tamil Nadu,641198,"House No. 307, Shanti Niwas, 12th Main, New Colony",2026-05-07,premium,active,Tamil,9,64717,silver
CUST-01364,Padmaja,Rao,padmaja.rao@webmail.example,+91 90006 16564,female,1983-06-02,Hyderabad,Telangana,500661,"26/15, Emerald Park, Bypass Road, Near City Mall",2026-05-10,premium,active,Telugu,10,102278,bronze
CUST-01365,Karthik,Selvam,karthik.selvam1609@webmail.example,+91 90002 77582,male,2002-09-04,Madurai,Tamil Nadu,625686,"19/7, Sunrise Residency, Nagar Road, Behind Bus Stand",2026-05-11,regular,active,Tamil,2,51460,bronze
CUST-01366,Manish,Mukherjee,manish.mukherjee@inbox.example,+91 80009 52508,male,1995-01-19,Hubballi,Karnataka,580914,"53/12, Skyline Arcade, Garden Lane, Sector 14",2026-05-11,new,suspended,English,0,0,bronze
CUST-01367,Myra,Venkatesan,myra.venkatesan1461@mailbox.example,+91 90002 00096,female,1989-03-17,Coimbatore,Tamil Nadu,641305,"Unit 51-A, Sai Krupa, Gandhi Marg, Model Town",2026-05-12,high_value,active,Tamil,25,185286,platinum
CUST-01368,Padmaja,Patil,padmaja.patil@netmail.example,+91 60007 01508,female,2007-08-25,Hyderabad,Telangana,500415,"49/15, Celestial Apartments, Garden Lane, Opp. Public Library",2026-05-15,premium,active,English,12,105248,gold
CUST-01369,Foram,Yadav,foram.yadav@mailbox.example,+91 60004 08592,female,2007-07-06,Surat,Gujarat,395309,"Unit 80-D, Sai Krupa, Nehru Nagar Main Road, Block C",2026-05-19,high_value,active,English,5,185876,bronze
CUST-01370,Anuj,Sen,anuj.sen6@netmail.example,+91 60000 21553,male,1985-08-22,Jaipur,Rajasthan,302332,"Unit 48-D, Maple Court, Lake View Road, West End",2026-05-20,regular,suspended,Hindi,5,35575,silver
CUST-01371,Rohan,Nambiar,rohan.nambiar1938@mailbox.example,+91 90008 00035,male,1994-09-07,Thiruvananthapuram,Kerala,695556,"17/25, Anand Vihar Society, Market Cross Road, Sector 14",2026-05-20,high_value,active,English,13,364818,silver
CUST-01372,Sonal,Dutta,sonal.dutta1750@netmail.example,+91 60007 78220,female,2007-10-27,Noida,Uttar Pradesh,201798,"Flat 226, Palm Grove, Nagar Road, Housing Board",2026-05-20,new,suspended,Hindi,0,0,bronze
CUST-01373,Mansi,Ali,mansi.ali83@mailbox.example,+91 80006 56182,female,2004-12-26,Surat,Gujarat,395140,"5/7, Gokul Dham, Civil Lines Road, Model Town",2026-05-21,high_value,active,Gujarati,22,417245,silver
CUST-01374,Remya,Rao,remya.rao@netmail.example,+91 90007 53198,female,1996-07-01,Bengaluru,Karnataka,560613,"Unit 62-B, Mangal Darshan, Link Road, Behind Bus Stand",2026-05-21,premium,active,English,4,82731,bronze
CUST-01375,Zoya,Ghosh,zoya.ghosh@netmail.example,+91 70007 72318,female,1992-04-01,Bengaluru,Karnataka,560541,"House No. 248, Riverview Enclave, Park Avenue, Behind Bus Stand",2026-05-21,regular,active,English,2,23799,bronze
CUST-01376,Pranav,Modi,pranav.modi@webmail.example,+91 70009 81561,male,1980-06-20,Ahmedabad,Gujarat,380654,"Unit 52-C, Blue Lagoon Residency, 12th Main, Industrial Estate",2026-05-22,high_value,active,Gujarati,3,218252,bronze
CUST-01377,Deepthi,Gowda,deepthi.gowda11@inbox.example,+91 60004 76341,female,2007-06-12,Mysuru,Karnataka,570065,"House No. 415, Jasmine Heights, Temple Street, Layout 3rd Stage",2026-05-24,regular,active,Hinglish,4,10466,bronze
CUST-01378,Ritu,Bose,ritu.bose773@mailbox.example,+91 60008 00704,female,1982-07-30,Amritsar,Punjab,143948,"House No. 131, Celestial Apartments, Ring Road, Extension",2026-05-24,regular,active,Hinglish,2,4296,bronze
CUST-01379,Sandeep,Bhosale,sandeep.bhosale82@netmail.example,+91 90006 53141,male,1989-09-13,Pune,Maharashtra,411965,"House No. 335, Shanti Niwas, Bypass Road, Housing Board",2026-05-27,new,active,Hindi,1,23895,bronze
CUST-01380,Tanmoy,Roy,tanmoy.roy@mailbox.example,+91 70006 36741,male,2007-12-03,Bhubaneswar,Odisha,751564,"9/3, Maple Court, Bypass Road, Behind Bus Stand",2026-05-27,regular,active,Bengali,3,6120,bronze
CUST-01381,Bhavna,Mukherjee,bhavna.mukherjee1715@mailbox.example,+91 90000 26014,female,2007-08-27,Amritsar,Punjab,143130,"Flat 699, Celestial Apartments, 5th Cross, Phase 2",2026-05-28,new,active,Hinglish,1,7222,bronze
CUST-01382,Deepak,Yadav,deepak.yadav806@mailbox.example,+91 70002 45983,male,1994-03-30,Hyderabad,Telangana,500666,"Flat 207, Green Valley Apartments, 12th Main, Block C",2026-05-28,regular,active,English,2,32990,bronze
CUST-01383,Kiara,Chauhan,kiara.chauhan@inbox.example,+91 70004 51954,female,2007-11-24,Ahmedabad,Gujarat,380423,"House No. 298, Jasmine Heights, Old Town Road, Housing Board",2026-05-28,regular,active,Hindi,5,46227,bronze
CUST-01384,Tanmay,Tiwari,tanmay.tiwari4@netmail.example,+91 60004 70534,male,2001-05-12,Ahmedabad,Gujarat,380858,"House No. 302, Jasmine Heights, 5th Cross, Near City Mall",2026-05-29,premium,active,English,3,82554,bronze
CUST-01385,Karan,Sen,karan.sen@webmail.example,+91 70000 25440,male,2007-07-19,Mumbai,Maharashtra,400510,"House No. 144, Riverview Enclave, Canal Road, Sector 14",2026-06-01,regular,active,English,5,25127,bronze
CUST-01386,Kunal,Joshi,kunal.joshi@mailbox.example,+91 80004 08835,male,2007-05-18,Varanasi,Uttar Pradesh,221947,"House No. 472, Gokul Dham, Link Road, Block C",2026-06-03,regular,active,Hindi,5,56265,bronze
CUST-01387,Lakshay,Gupta,lakshay.gupta325@netmail.example,+91 60001 40091,male,1988-04-18,Kanpur,Uttar Pradesh,208257,"Unit 39-C, Ashiyana Complex, Ring Road, Industrial Estate",2026-06-04,regular,active,English,2,9835,bronze
CUST-01388,Ayaan,Mehta,ayaan.mehta@mailbox.example,+91 70000 80025,male,1997-12-07,Gurugram,Haryana,122687,"House No. 152, Lotus Heights, MG Road, Near City Mall",2026-06-05,regular,active,English,2,10796,bronze
CUST-01389,Mohit,Varghese,mohit.varghese@mailbox.example,+91 80001 05582,male,1982-05-04,Bengaluru,Karnataka,560144,"House No. 99, Lotus Heights, Station Road, Behind Bus Stand",2026-06-05,high_value,active,English,7,186764,silver
CUST-01390,Shivam,Gupta,shivam.gupta@webmail.example,+91 90004 61544,male,1997-03-07,Delhi,Delhi,110820,"Unit 71-A, Heritage Villas, Ring Road, Near City Mall",2026-06-05,regular,active,English,2,10167,bronze
CUST-01391,Riddhi,Pandey,riddhi.pandey1832@mailbox.example,+91 60007 05354,female,1984-11-15,Ahmedabad,Gujarat,380391,"Flat 871, Jasmine Heights, Nagar Road, West End",2026-06-06,new,active,Hinglish,1,986,bronze
CUST-01392,Apurva,Sen,apurva.sen73@netmail.example,+91 90007 82509,female,1991-02-04,Panaji,Goa,403254,"Flat 364, Mangal Darshan, Bypass Road, Camp Area",2026-06-09,regular,active,Hinglish,3,56437,bronze
CUST-01393,Harish,Murugan,harish.murugan37@netmail.example,+91 70006 19557,male,1982-06-16,Chennai,Tamil Nadu,600983,"House No. 196, Pearl Towers, Nehru Nagar Main Road, Extension",2026-06-10,premium,active,Tamil,2,70937,bronze
CUST-01394,Kiran,Khanna,kiran.khanna57@webmail.example,+91 80009 39219,male,2007-06-08,Hyderabad,Telangana,500775,"50/9, Skyline Arcade, 5th Cross, Model Town",2026-06-11,regular,active,Telugu,2,24260,bronze
CUST-01395,Reyansh,Kale,reyansh.kale@webmail.example,+91 90005 34031,male,1990-05-20,Mumbai,Maharashtra,400904,"House No. 342, Maple Court, Old Town Road, Sector 14",2026-06-11,new,active,Marathi,1,3951,bronze
CUST-01396,Kabir,Kondapalli,kabir.kondapalli1753@netmail.example,+91 80009 81247,male,1997-05-04,Vijayawada,Andhra Pradesh,520777,"House No. 155, Palm Grove, Lake View Road, Near City Mall",2026-06-12,regular,active,English,3,17402,bronze
CUST-01397,Anjali,Shukla,anjali.shukla1347@netmail.example,+91 60003 93506,female,1970-04-25,Varanasi,Uttar Pradesh,221922,"Flat 235, Orchid Towers, Temple Street, Model Town",2026-06-14,premium,active,Hindi,12,73691,gold
CUST-01398,Aadhya,Varghese,aadhya.varghese595@inbox.example,+91 60000 97924,female,1992-05-23,Bengaluru,Karnataka,560840,"Flat 340, Ashiyana Complex, 5th Cross, Block C",2026-06-15,new,active,English,0,0,bronze
CUST-01399,Divya,Pillai,divya.pillai2003@mailbox.example,+91 60009 56882,female,2007-10-27,Kolkata,West Bengal,700714,"Flat 343, Orchid Towers, Gandhi Marg, Behind Bus Stand",2026-06-16,high_value,active,Hindi,32,336450,platinum
CUST-01400,Sneha,Hegde,sneha.hegde1671@mailbox.example,+91 90000 33806,female,2007-10-31,Bengaluru,Karnataka,560719,"Flat 940, Sai Krupa, Temple Street, Camp Area",2026-06-16,high_value,active,English,14,213411,silver
CUST-01401,Vihaan,Jadhav,vihaan.jadhav21@netmail.example,+91 80001 59732,male,2001-12-17,Pune,Maharashtra,411895,"House No. 33, Orchid Towers, Link Road, Near City Mall",2026-06-18,new,active,Marathi,0,0,bronze
CUST-01402,Harsh,Joshi,harsh.joshi79@mailbox.example,+91 90000 28421,male,1989-05-28,Panaji,Goa,403139,"Unit 45-A, Emerald Park, Temple Street, Extension",2026-06-20,new,active,English,1,59527,bronze
CUST-01403,Lakshmi,Subramanian,lakshmi.subramanian483@inbox.example,+91 90001 19927,female,2000-06-05,Chennai,Tamil Nadu,600550,"Flat 130, Gokul Dham, 12th Main, Phase 2",2026-06-20,regular,active,English,2,12151,bronze
CUST-01404,Lavanya,Raju,lavanya.raju@inbox.example,+91 80008 46191,female,1974-07-25,Hyderabad,Telangana,500499,"21/5, Mangal Darshan, College Road, Sector 14",2026-06-21,premium,active,Hinglish,6,70347,bronze
CUST-01405,Siddharth,Ahmed,siddharth.ahmed@mailbox.example,+91 80002 21632,male,2000-10-18,Bhopal,Madhya Pradesh,462933,"House No. 322, Emerald Park, College Road, Near City Mall",2026-06-21,high_value,active,Hinglish,29,196789,platinum
CUST-01406,Anjali,Tiwari,anjali.tiwari229@webmail.example,+91 90009 88553,female,2007-10-18,Jaipur,Rajasthan,302657,"House No. 302, Maple Court, Nehru Nagar Main Road, Camp Area",2026-06-22,premium,active,Hindi,5,73570,bronze
CUST-01407,Sakshi,Kumar,sakshi.kumar417@inbox.example,+91 70001 72203,female,1979-10-09,Lucknow,Uttar Pradesh,226211,"Unit 49-C, Jasmine Heights, Gandhi Marg, Phase 2",2026-06-22,new,active,Hinglish,1,7328,bronze
CUST-01408,Suraj,Rao,suraj.rao@inbox.example,+91 80005 11742,male,1975-07-22,Bengaluru,Karnataka,560872,"5/4, Mangal Darshan, 12th Main, Housing Board",2026-06-22,new,active,Hinglish,0,0,bronze
CUST-01409,Chinmay,Sawant,chinmay.sawant91@mailbox.example,+91 70001 24429,male,2007-09-16,Nagpur,Maharashtra,440348,"Unit 7-C, Neelkanth CHS, Garden Lane, Block C",2026-06-23,inactive,inactive,English,0,0,bronze
CUST-01410,Jyoti,Arora,jyoti.arora@webmail.example,+91 90002 70350,female,1994-12-24,Ahmedabad,Gujarat,380682,"Unit 22-C, Neelkanth CHS, Link Road, Near City Mall",2026-01-23,inactive,active,English,1,138059,bronze
CUST-01411,Naveen,Balaji,naveen.balaji404@webmail.example,+91 60009 56449,male,2007-06-08,Chennai,Tamil Nadu,600468,"House No. 199, Gokul Dham, Bypass Road, Behind Bus Stand",2026-06-23,premium,active,English,13,147964,gold
CUST-01412,Ayaan,Shukla,ayaan.shukla@mailbox.example,+91 80002 80006,male,1998-07-11,Noida,Uttar Pradesh,201674,"House No. 421, Shanti Niwas, Temple Street, Industrial Estate",2026-06-24,high_value,active,Hinglish,10,176335,silver
CUST-01413,Kunal,Dutta,kunal.dutta690@webmail.example,+91 60002 78931,male,1996-07-15,Faridabad,Haryana,121871,"Flat 676, Pearl Towers, Lake View Road, Behind Bus Stand",2026-06-24,inactive,inactive,English,0,0,bronze
CUST-01414,Swathi,Thakur,swathi.thakur@inbox.example,+91 60002 21646,female,2007-06-07,Hyderabad,Telangana,500504,"59/10, Sai Krupa, Canal Road, Camp Area",2026-06-24,new,active,English,1,3185,bronze
CUST-01415,Tanushree,Roy,tanushree.roy83@inbox.example,+91 80002 54713,female,1994-03-22,Kolkata,West Bengal,700925,"Unit 54-D, Riverview Enclave, Market Cross Road, Near City Mall",2026-06-25,new,active,English,1,0,bronze
CUST-01416,Simran,Srivastava,simran.srivastava@netmail.example,+91 90008 05805,female,1988-06-27,Indore,Madhya Pradesh,452898,"House No. 313, Sunrise Residency, MG Road, Phase 2",2026-06-26,high_value,active,Hinglish,30,661773,platinum
CUST-01417,Nisha,Bhosale,nisha.bhosale@webmail.example,+91 80009 57472,female,1978-08-22,Pune,Maharashtra,411408,"House No. 314, Rose Meadows, Old Town Road, Layout 3rd Stage",2026-06-28,inactive,inactive,Hinglish,0,0,bronze
CUST-01418,Sreya,Roy,sreya.roy109@mailbox.example,+91 80003 07371,female,1966-12-06,Kolkata,West Bengal,700187,"18/10, Palm Grove, 12th Main, West End",2026-06-28,regular,active,English,2,45872,bronze
CUST-01419,Kunal,Pillai,kunal.pillai196@webmail.example,+91 80003 21580,male,1988-07-10,Indore,Madhya Pradesh,452846,"Unit 68-B, Blue Lagoon Residency, Park Avenue, Housing Board",2026-06-29,regular,active,Hinglish,6,48525,bronze
CUST-01420,Isha,Yadav,isha.yadav1715@inbox.example,+91 80006 99625,female,2007-11-25,Coimbatore,Tamil Nadu,641915,"Unit 62-B, Sunrise Residency, Ring Road, West End",2026-07-01,new,active,English,1,0,bronze
CUST-01421,Manish,Kale,manish.kale356@inbox.example,+91 90005 63423,male,2000-10-28,Pune,Maharashtra,411396,"House No. 28, Celestial Apartments, Old Town Road, Model Town",2026-07-02,regular,active,Hindi,3,9872,bronze
CUST-01422,Meera,Menon,meera.menon21@netmail.example,+91 90001 02611,female,1990-06-11,Chennai,Tamil Nadu,600081,"Flat 671, Sai Krupa, Park Avenue, Sector 14",2026-07-04,inactive,inactive,English,0,0,bronze
CUST-01423,Simran,Shukla,simran.shukla1548@mailbox.example,+91 80003 81538,female,1980-02-01,Jodhpur,Rajasthan,342944,"Unit 99-A, Anand Vihar Society, Gandhi Marg, Phase 2",2026-07-07,new,active,Hinglish,1,142582,bronze
CUST-01424,Kunjan,Mishra,kunjan.mishra@webmail.example,+91 60002 60341,male,2003-04-06,Rajkot,Gujarat,360330,"28/22, Palm Grove, 5th Cross, Model Town",2026-07-09,new,active,Hindi,1,0,bronze
CUST-01425,Nisha,Varghese,nisha.varghese@netmail.example,+91 80005 74346,female,2007-07-08,Kochi,Kerala,682971,"House No. 285, Pearl Towers, Nagar Road, Behind Bus Stand",2026-07-09,high_value,active,English,6,474634,bronze
CUST-01426,Suraj,Varghese,suraj.varghese5@netmail.example,+91 70007 04699,male,1983-01-17,Bengaluru,Karnataka,560880,"Unit 47-C, Palm Grove, Gandhi Marg, Block C",2026-07-11,new,active,English,1,13594,bronze
CUST-01427,Neha,Reddy,neha.reddy82@webmail.example,+91 90009 51374,female,1994-11-15,Lucknow,Uttar Pradesh,226404,"House No. 3, Palm Grove, Old Town Road, New Colony",2026-07-12,regular,active,Hindi,2,2359,bronze
CUST-01428,Pooja,Iyer,pooja.iyer@netmail.example,+91 70007 28031,female,2007-10-09,Hyderabad,Telangana,500393,"Unit 46-D, Palm Grove, Market Cross Road, Block C",2026-07-12,new,active,Telugu,0,0,bronze
CUST-01429,Aishwarya,Yadav,aishwarya.yadav@netmail.example,+91 80009 69622,female,2007-10-13,Mumbai,Maharashtra,400342,"Flat 918, Green Valley Apartments, Park Avenue, Block C",2026-07-13,high_value,active,English,31,541695,platinum
CUST-01430,Anoop,Naidu,anoop.naidu376@inbox.example,+91 90002 90148,male,1981-09-04,Bengaluru,Karnataka,560686,"Flat 984, Rose Meadows, Garden Lane, Near City Mall",2026-07-14,high_value,active,English,24,407123,platinum
CUST-01431,Harsh,Fernandes,harsh.fernandes@inbox.example,+91 70000 00611,male,1985-12-30,Noida,Uttar Pradesh,201268,"Unit 58-A, Lotus Heights, Nehru Nagar Main Road, Camp Area",2025-11-25,inactive,active,Hindi,1,35989,bronze
CUST-01432,Isha,Majumdar,isha.majumdar@inbox.example,+91 70003 46433,female,1985-10-01,Bhubaneswar,Odisha,751657,"53/17, Neelkanth CHS, 12th Main, Near City Mall",2026-07-16,regular,active,Bengali,2,41594,bronze
CUST-01433,Tanmay,Tomar,tanmay.tomar37@netmail.example,+91 60001 32890,male,1995-03-17,Delhi,Delhi,110006,"Flat 689, Maple Court, Canal Road, Extension",2026-07-17,new,active,Hinglish,1,191319,bronze
CUST-01434,Nisha,Chatterjee,nisha.chatterjee45@netmail.example,+91 70006 97210,female,1996-05-08,Pune,Maharashtra,411781,"10/9, Emerald Park, College Road, Housing Board",2026-07-18,regular,active,English,4,13324,bronze
CUST-01435,Komal,Sarkar,komal.sarkar40@mailbox.example,+91 60003 52793,female,1974-01-09,Siliguri,West Bengal,734787,"Unit 94-D, Maple Court, Temple Street, Camp Area",2026-07-19,regular,active,Bengali,2,14807,bronze
CUST-01436,Jaspreet,Negi,jaspreet.negi@webmail.example,+91 80003 23993,male,1998-04-29,Chandigarh,Chandigarh,160617,"26/29, Blue Lagoon Residency, 5th Cross, Sector 14",2026-07-22,premium,active,English,5,125447,bronze
CUST-01437,Tanmay,Dutta,tanmay.dutta1387@inbox.example,+91 70000 92407,male,1994-06-16,Patna,Bihar,800345,"18/19, Jasmine Heights, College Road, Opp. Public Library",2026-07-22,regular,active,English,5,8793,bronze
CUST-01438,Riddhi,Arora,riddhi.arora1031@webmail.example,+91 70002 32359,female,1976-05-19,Surat,Gujarat,395720,"Flat 1088, Jasmine Heights, Nehru Nagar Main Road, Housing Board",2026-07-23,high_value,active,English,13,164169,gold
CUST-01439,Ayaan,Dhillon,ayaan.dhillon@inbox.example,+91 80003 41070,male,2008-01-02,Gurugram,Haryana,122545,"House No. 203, Rose Meadows, Temple Street, Housing Board",2026-07-24,high_value,active,English,2,154196,bronze
CUST-01440,Garima,Khanna,garima.khanna22@netmail.example,+91 70004 09336,female,1999-08-23,Patna,Bihar,800834,"Unit 16-D, Rose Meadows, Nagar Road, Block C",2026-07-24,regular,active,Hinglish,2,7432,bronze
CUST-01441,Neha,Parekh,neha.parekh@inbox.example,+91 70001 80893,female,2007-08-17,Ahmedabad,Gujarat,380213,"Flat 482, Gokul Dham, Market Cross Road, Block C",2026-08-02,high_value,active,Gujarati,5,183674,bronze
CUST-01442,Senthil,Mehta,senthil.mehta@inbox.example,+91 70001 46395,male,2007-11-23,Coimbatore,Tamil Nadu,641146,"58/8, Mangal Darshan, Ring Road, Extension",2026-08-02,high_value,active,English,7,187455,bronze
CUST-01443,Chirag,Gandhi,chirag.gandhi105@webmail.example,+91 70003 86640,male,1977-10-08,Ahmedabad,Gujarat,380793,"Unit 2-B, Lotus Heights, Canal Road, Housing Board",2026-08-03,inactive,inactive,English,0,0,bronze
CUST-01444,Garima,Nair,garima.nair1968@netmail.example,+91 90002 68442,female,2007-08-29,Lucknow,Uttar Pradesh,226975,"34/23, Celestial Apartments, Park Avenue, Block C",2026-08-03,regular,active,Hindi,3,52212,bronze
CUST-01445,Divya,Sharma,divya.sharma1632@netmail.example,+91 90009 14885,female,2007-10-26,Pune,Maharashtra,411511,"Flat 654, Lotus Heights, 12th Main, Block C",2026-08-07,new,active,Hindi,1,25783,bronze
CUST-01446,Isha,Bhatia,isha.bhatia76@webmail.example,+91 60005 82098,female,2007-10-16,Madurai,Tamil Nadu,625852,"Unit 87-C, Emerald Park, Lake View Road, Behind Bus Stand",2026-08-07,new,active,English,0,0,bronze
CUST-01447,Vikram,Kapoor,vikram7267.kapoor@netmail.example,+91 60008 92035,male,1987-09-05,Bhopal,Madhya Pradesh,462284,"42/24, Green Valley Apartments, Park Avenue, Housing Board",2026-08-07,new,active,Hinglish,1,2121,bronze
CUST-01448,Harsh,Kale,harsh.kale20@netmail.example,+91 90007 19680,male,2007-12-29,Mumbai,Maharashtra,400392,"Flat 506, Tulsi Garden, Civil Lines Road, Phase 2",2026-08-09,premium,active,Marathi,6,84676,bronze
CUST-01449,Yash,Ali,yash.ali685@webmail.example,+91 80002 21238,male,1971-11-23,Lucknow,Uttar Pradesh,226978,"House No. 230, Celestial Apartments, Industrial Area Road, Camp Area",2026-08-12,new,active,English,1,4976,bronze
CUST-01450,Aarti,Rao,aarti.rao@mailbox.example,+91 70006 11678,female,2007-08-09,Patna,Bihar,800489,"House No. 403, Jasmine Heights, Garden Lane, Block C",2026-03-03,regular,active,Hinglish,3,17277,bronze
CUST-01451,Nikhil,Banerjee,nikhil.banerjee@mailbox.example,+91 90009 77876,male,1992-05-16,Nagpur,Maharashtra,440522,"Flat 264, Palm Grove, Canal Road, Housing Board",2025-09-25,inactive,active,Marathi,1,82009,bronze
CUST-01452,Yash,Tomar,yash.tomar@mailbox.example,+91 80007 40868,other,1991-09-26,Noida,Uttar Pradesh,201829,"Flat 231, Ashiyana Complex, Canal Road, Layout 3rd Stage",2026-08-15,new,active,Hinglish,1,42005,bronze
CUST-01453,Zoya,Ghosh,zoya2022.ghosh@netmail.example,+91 80008 03394,female,2007-12-22,Faridabad,Haryana,121397,"Unit 50-C, Blue Lagoon Residency, Bypass Road, Near City Mall",2026-08-15,new,active,Hinglish,1,0,bronze
CUST-01454,Deepak,Srivastava,deepak.srivastava80@inbox.example,+91 80009 85734,male,1994-02-22,Indore,Madhya Pradesh,452593,"Unit 81-A, Jasmine Heights, MG Road, Layout 3rd Stage",2026-08-16,regular,active,English,2,12461,bronze
CUST-01455,Gaurav,Varma,gaurav.varma96@inbox.example,+91 70004 46225,male,1985-02-23,Hyderabad,Telangana,500649,"8/19, Anand Vihar Society, Link Road, Opp. Public Library",2026-08-16,premium,active,English,4,93603,bronze
CUST-01456,Naveen,Kapoor,naveen.kapoor28@mailbox.example,+91 90003 50691,male,1994-12-11,Coimbatore,Tamil Nadu,641853,"Flat 126, Anand Vihar Society, Gandhi Marg, West End",2026-08-16,new,active,Tamil,1,1163,bronze
CUST-01457,Rohan,Pillai,rohan.pillai1758@inbox.example,+91 80007 70196,male,1984-10-27,Thiruvananthapuram,Kerala,695082,"Flat 1053, Lotus Heights, Link Road, Opp. Public Library",2026-08-18,high_value,active,English,14,541468,silver
CUST-01458,Aarti,Chowdary,aarti.chowdary@netmail.example,+91 90001 82101,female,1985-12-09,Vijayawada,Andhra Pradesh,520602,"Unit 20-B, Blue Lagoon Residency, Bypass Road, Industrial Estate",2026-08-19,high_value,active,Hinglish,6,175617,bronze
CUST-01459,Ravi,Chauhan,ravi.chauhan@mailbox.example,+91 70000 02889,male,1991-08-13,Noida,Uttar Pradesh,201608,"Unit 33-A, Lotus Heights, Nehru Nagar Main Road, West End",2026-08-19,new,active,Hinglish,1,50051,bronze
CUST-01460,Harsh,Sawant,harsh.sawant@inbox.example,+91 80009 37901,male,1996-10-13,Mumbai,Maharashtra,400598,"Unit 94-A, Anand Vihar Society, Ring Road, Behind Bus Stand",2026-08-20,premium,active,Hindi,9,108590,silver
CUST-01461,Sourav,Dey,sourav.dey1520@inbox.example,+91 80009 23526,male,1987-10-04,Kolkata,West Bengal,700532,"Unit 4-B, Blue Lagoon Residency, Link Road, Camp Area",2026-08-22,regular,active,English,2,31687,bronze
CUST-01462,Divya,Kapoor,divya.kapoor29@netmail.example,+91 70002 80565,female,2007-08-07,Chennai,Tamil Nadu,600375,"House No. 212, Heritage Villas, Old Town Road, Block C",2026-08-23,regular,active,Tamil,5,36838,silver
CUST-01463,Varun,Rao,varun.rao@inbox.example,+91 90000 77951,male,2007-11-13,Indore,Madhya Pradesh,452685,"Unit 63-A, Sai Krupa, Gandhi Marg, Behind Bus Stand",2026-08-25,new,active,English,1,4299,bronze
CUST-01464,Divya,Ahmed,divya.ahmed1211@inbox.example,+91 80007 08068,female,1996-12-01,Vadodara,Gujarat,390168,"7/19, Neelkanth CHS, Market Cross Road, Camp Area",2026-08-27,high_value,active,English,5,270845,silver
CUST-01465,Krupa,Thakkar,krupa.thakkar25@netmail.example,+91 80005 11048,female,1975-07-18,Surat,Gujarat,395901,"24/14, Pearl Towers, MG Road, West End",2026-08-30,new,active,Hindi,0,0,bronze
CUST-01466,Neha,Chopra,neha.chopra97@netmail.example,+91 60000 37824,female,1995-11-05,Panaji,Goa,403899,"House No. 221, Green Valley Apartments, Civil Lines Road, New Colony",2026-08-30,regular,active,Hinglish,3,20175,bronze
CUST-01467,Sayali,Singh,sayali.singh@mailbox.example,+91 70002 11627,female,2002-06-07,Mumbai,Maharashtra,400833,"Flat 363, Emerald Park, Station Road, Housing Board",2026-08-30,new,active,Hinglish,0,0,bronze
CUST-01468,Harleen,Negi,harleen.negi91@webmail.example,+91 80001 43556,female,1975-02-27,Gurugram,Haryana,122204,"55/1, Shanti Niwas, Gandhi Marg, Housing Board",2026-08-31,high_value,active,Hinglish,28,392945,gold
CUST-01469,Aarav,Rawat,aarav.rawat1476@mailbox.example,+91 80003 38310,male,1994-03-08,Patna,Bihar,800807,"Flat 202, Neelkanth CHS, Nagar Road, New Colony",2026-09-01,inactive,inactive,Hindi,0,0,bronze
CUST-01470,Girish,Iyer,girish.iyer1540@inbox.example,+91 90009 65964,male,1970-06-23,Kochi,Kerala,682277,"Unit 53-A, Blue Lagoon Residency, MG Road, New Colony",2026-09-01,new,active,Hinglish,0,0,bronze
CUST-01471,Ishaan,Tiwari,ishaan.tiwari39@webmail.example,+91 70006 92760,male,1968-09-04,Mysuru,Karnataka,570957,"Unit 46-C, Jasmine Heights, Nagar Road, Opp. Public Library",2026-09-01,high_value,active,English,11,406714,silver
CUST-01472,Ishaan,Tomar,ishaan.tomar@webmail.example,+91 90006 44427,male,1989-11-20,Gurugram,Haryana,122614,"Flat 327, Sunrise Residency, 5th Cross, Model Town",2026-09-01,new,active,Hindi,0,0,bronze
CUST-01473,Pranav,Dsouza,pranav.dsouza@inbox.example,+91 80006 74954,male,1991-03-03,Hyderabad,Telangana,500976,"Flat 131, Gokul Dham, Gandhi Marg, Phase 2",2026-09-01,new,active,Telugu,1,2867,bronze
CUST-01474,Khushboo,Fernandes,khushboo.fernandes@inbox.example,+91 60002 84197,female,1987-01-17,Vadodara,Gujarat,390047,"House No. 476, Silver Oak Homes, Station Road, Industrial Estate",2026-09-02,new,active,Gujarati,0,0,bronze
CUST-01475,Snehal,Patil,snehal.patil@mailbox.example,+91 80001 07183,female,2007-01-05,Pune,Maharashtra,411484,"Flat 1197, Gokul Dham, Market Cross Road, Housing Board",2026-09-02,premium,active,Marathi,2,92157,bronze
CUST-01476,Aditya,Khanna,aditya.khanna627@netmail.example,+91 90005 03668,male,1993-01-27,Bengaluru,Karnataka,560375,"Flat 171, Shanti Niwas, Lake View Road, Extension",2026-09-03,premium,active,English,12,101294,silver
CUST-01477,Sachin,Tiwari,sachin.tiwari@netmail.example,+91 80008 59578,male,1997-05-04,Delhi,Delhi,110218,"Unit 93-B, Maple Court, 5th Cross, Opp. Public Library",2026-09-03,high_value,active,English,16,293016,gold
CUST-01478,Girish,Banerjee,girish.banerjee647@netmail.example,+91 70007 12284,male,2005-06-21,Bengaluru,Karnataka,560075,"28/6, Heritage Villas, MG Road, Model Town",2026-09-04,regular,active,English,2,865,bronze
CUST-01479,Ramesh,Shah,ramesh.shah@webmail.example,+91 60003 46739,male,2000-07-10,Visakhapatnam,Andhra Pradesh,530479,"28/16, Sunrise Residency, College Road, Sector 14",2026-09-05,premium,active,English,8,69344,bronze
CUST-01480,Vihaan,Ganguly,vihaan.ganguly@netmail.example,+91 60005 01169,male,2007-12-18,Kolkata,West Bengal,700899,"3/20, Maple Court, Temple Street, Behind Bus Stand",2026-09-08,regular,active,Bengali,2,17293,bronze
CUST-01481,Onkar,Deshmukh,onkar.deshmukh59@netmail.example,+91 60004 90475,male,1989-02-16,Pune,Maharashtra,411920,"Flat 133, Celestial Apartments, Market Cross Road, Block C",2026-09-09,regular,active,English,4,38877,bronze
CUST-01482,Sakshi,Modi,sakshi.modi@netmail.example,+91 80005 51189,female,1989-07-15,Surat,Gujarat,395625,"11/25, Maple Court, 12th Main, Phase 2",2026-09-10,regular,active,Gujarati,3,24422,bronze
CUST-01483,Aadhya,Natarajan,aadhya.natarajan@netmail.example,+91 80003 24523,female,1982-05-21,Chennai,Tamil Nadu,600580,"Unit 13-A, Green Valley Apartments, Market Cross Road, Behind Bus Stand",2026-09-12,high_value,active,English,27,416894,gold
CUST-01484,Harpreet,Shah,harpreet.shah@webmail.example,+91 60008 42328,male,2007-08-17,Delhi,Delhi,110835,"Unit 13-D, Ashiyana Complex, Industrial Area Road, Block C",2026-09-12,regular,active,English,4,16877,bronze
CUST-01485,Vishnu,Iyer,vishnu.iyer145@inbox.example,+91 80005 78462,male,1998-03-13,Bengaluru,Karnataka,560887,"44/19, Tulsi Garden, Market Cross Road, Model Town",2026-09-13,regular,active,English,5,11697,bronze
CUST-01486,Deepak,Agarwal,deepak.agarwal@inbox.example,+91 90000 01062,male,2003-01-28,Kochi,Kerala,682009,"Unit 14-B, Riverview Enclave, Park Avenue, Model Town",2026-09-14,premium,active,English,10,35079,gold
CUST-01487,Deepak,Rathore,deepak.rathore214@webmail.example,+91 60000 51006,male,2007-10-21,Bengaluru,Karnataka,560494,"Unit 82-A, Skyline Arcade, College Road, Industrial Estate",2026-09-14,high_value,active,English,10,172842,silver
CUST-01488,Krishna,Jain,krishna.jain136@inbox.example,+91 90006 26752,male,2007-11-26,Visakhapatnam,Andhra Pradesh,530759,"44/19, Riverview Enclave, Temple Street, Model Town",2026-09-15,premium,active,English,9,119999,silver
CUST-01489,Karan,Rao,karan.rao1001@webmail.example,+91 60000 28106,male,1997-12-03,Bengaluru,Karnataka,560820,"House No. 322, Sunrise Residency, Station Road, Block C",2026-09-17,premium,active,English,5,78243,bronze
CUST-01490,Diya,Nambiar,diya.nambiar1996@webmail.example,+91 70002 71949,female,1984-02-01,Mysuru,Karnataka,570964,"Unit 70-B, Emerald Park, Market Cross Road, Model Town",2026-09-18,new,active,English,1,6843,bronze
CUST-01491,Aadhya,Jadhav,aadhya.jadhav90@webmail.example,+91 60008 20930,female,2007-12-29,Mumbai,Maharashtra,400367,"Unit 10-D, Riverview Enclave, 12th Main, Housing Board",2026-09-20,premium,active,English,8,73674,silver
CUST-01492,Abirami,Natarajan,abirami.natarajan1451@webmail.example,+91 90009 03045,female,2007-12-26,Coimbatore,Tamil Nadu,641138,"Unit 55-A, Orchid Towers, Nagar Road, Opp. Public Library",2026-09-20,premium,active,English,2,79764,bronze
CUST-01493,Anjana,Fernandes,anjana.fernandes@mailbox.example,+91 60006 05407,female,2007-12-20,Hubballi,Karnataka,580022,"Unit 70-D, Sunrise Residency, Link Road, Sector 14",2026-09-20,new,suspended,English,1,850,bronze
CUST-01494,Anjana,Varghese,anjana.varghese53@inbox.example,+91 90008 19827,female,2007-09-26,Kochi,Kerala,682820,"8/11, Emerald Park, Nagar Road, Industrial Estate",2026-09-20,new,active,English,0,0,bronze
CUST-01495,Ankit,Mukherjee,ankit.mukherjee@webmail.example,+91 80001 73204,male,2007-11-21,Bengaluru,Karnataka,560414,"Flat 553, Sunrise Residency, Lake View Road, Model Town",2026-09-20,regular,active,Hindi,2,14945,bronze
CUST-01496,Mansi,Ahmed,mansi.ahmed98@inbox.example,+91 60008 48046,female,2007-12-23,Vadodara,Gujarat,390432,"59/28, Mangal Darshan, Canal Road, Camp Area",2026-09-20,premium,active,Gujarati,5,135944,silver
CUST-01497,Reyansh,Menon,reyansh.menon@mailbox.example,+91 80000 36113,male,2007-10-07,Delhi,Delhi,110351,"Unit 65-B, Celestial Apartments, Lake View Road, Layout 3rd Stage",2026-01-06,regular,active,Hinglish,2,53901,bronze
CUST-01498,Tanvi,Bajwa,tanvi.bajwa1264@webmail.example,+91 60007 75767,female,2007-11-07,Delhi,Delhi,110290,"Unit 89-A, Green Valley Apartments, Park Avenue, Extension",2026-09-20,new,active,Hinglish,1,143964,bronze
CUST-01499,Vihaan,Iyer,vihaan.iyer@webmail.example,+91 70003 61484,male,2007-12-02,Ludhiana,Punjab,141593,"House No. 183, Jasmine Heights, Industrial Area Road, Layout 3rd Stage",2026-09-20,high_value,active,Hindi,3,192088,bronze
CUST-01500,Vihaan,Jain,vihaan.jain@mailbox.example,+91 60009 59394,male,2007-10-03,Nagpur,Maharashtra,440413,"Unit 73-D, Sai Krupa, MG Road, Near City Mall",2026-09-20,new,active,English,1,123623,bronze
