order_item_id,order_id,product_id,quantity,unit_price,discount,final_price,item_status,return_status,refund_amount
OI-000001,ORD-000001,PROD-00017,1,149,0,149,delivered,none,0
OI-000002,ORD-000002,PROD-00032,1,149,0,149,delivered,none,0
OI-000003,ORD-000003,PROD-00132,1,649,77,572,cancelled,none,675
OI-000004,ORD-000004,PROD-00174,1,7699,615,7084,delivered,none,0
OI-000005,ORD-000005,PROD-00013,1,4999,0,4999,delivered,none,0
OI-000006,ORD-000006,PROD-00029,1,149,0,149,delivered,none,0
OI-000007,ORD-000007,PROD-00185,1,7099,354,6745,delivered,none,0
OI-000008,ORD-000008,PROD-00056,1,3599,0,3599,delivered,none,0
OI-000009,ORD-000008,PROD-00061,1,4299,0,4299,delivered,none,0
OI-000010,ORD-000009,PROD-00017,1,149,0,149,returned,refunded,176
OI-000011,ORD-000010,PROD-00032,1,149,0,149,delivered,none,0
OI-000012,ORD-000011,PROD-00016,1,1799,0,1799,delivered,none,0
OI-000013,ORD-000012,PROD-00065,1,3599,287,3312,delivered,none,0
OI-000014,ORD-000012,PROD-00132,2,649,103,1195,delivered,none,0
OI-000015,ORD-000013,PROD-00161,1,6899,551,6348,delivered,none,0
OI-000016,ORD-000014,PROD-00099,1,999,0,999,delivered,none,0
OI-000017,ORD-000015,PROD-00030,1,1099,0,1099,delivered,none,0
OI-000018,ORD-000016,PROD-00261,1,21999,0,21999,delivered,none,0
OI-000019,ORD-000017,PROD-00269,1,2499,0,2499,delivered,none,0
OI-000020,ORD-000018,PROD-00262,1,11999,0,11999,delivered,none,0
OI-000021,ORD-000019,PROD-00127,2,3199,639,5759,delivered,none,0
OI-000022,ORD-000019,PROD-00062,1,539,53,486,delivered,rejected,0
OI-000023,ORD-000020,PROD-00050,3,889,213,2454,delivered,none,0
OI-000024,ORD-000021,PROD-00017,1,149,0,149,delivered,none,0
OI-000025,ORD-000022,PROD-00264,1,22999,2299,20700,delivered,none,0
OI-000026,ORD-000022,PROD-00127,1,2999,299,2700,delivered,none,0
OI-000027,ORD-000023,PROD-00017,1,149,7,142,cancelled,none,168
OI-000028,ORD-000024,PROD-00280,1,10999,0,10999,delivered,none,0
OI-000029,ORD-000025,PROD-00174,1,8299,0,8299,delivered,none,0
OI-000030,ORD-000026,PROD-00264,1,24999,0,24999,delivered,none,0
OI-000031,ORD-000026,PROD-00107,1,1799,0,1799,delivered,none,0
OI-000032,ORD-000027,PROD-00017,1,139,11,128,delivered,none,0
OI-000033,ORD-000027,PROD-00030,1,1199,95,1104,delivered,none,0
OI-000034,ORD-000027,PROD-00161,1,6599,527,6072,delivered,none,0
OI-000035,ORD-000028,PROD-00107,1,1699,135,1564,delivered,none,0
OI-000036,ORD-000028,PROD-00127,1,3199,255,2944,delivered,none,0
OI-000037,ORD-000028,PROD-00072,1,6799,543,6256,delivered,none,0
OI-000038,ORD-000029,PROD-00130,1,12499,0,12499,delivered,none,0
OI-000039,ORD-000029,PROD-00159,1,2099,0,2099,delivered,none,0
OI-000040,ORD-000030,PROD-00166,1,6699,0,6699,delivered,none,0
OI-000041,ORD-000031,PROD-00009,1,2699,0,2699,cancelled,none,0
OI-000042,ORD-000031,PROD-00032,1,139,0,139,cancelled,none,0
OI-000043,ORD-000031,PROD-00020,1,139,0,139,cancelled,none,0
OI-000044,ORD-000031,PROD-00169,1,2799,0,2799,cancelled,none,0
OI-000045,ORD-000032,PROD-00127,1,3199,383,2816,delivered,none,0
OI-000046,ORD-000032,PROD-00017,1,149,17,132,delivered,none,0
OI-000047,ORD-000033,PROD-00257,1,7299,364,6935,delivered,none,0
OI-000048,ORD-000033,PROD-00017,1,149,7,142,delivered,none,0
OI-000049,ORD-000034,PROD-00169,1,2899,231,2668,delivered,none,0
OI-000050,ORD-000034,PROD-00127,1,3199,255,2944,delivered,none,0
OI-000051,ORD-000035,PROD-00132,1,669,66,603,delivered,none,0
OI-000052,ORD-000036,PROD-00168,1,709,56,653,delivered,none,0
OI-000053,ORD-000036,PROD-00132,1,649,51,598,delivered,none,0
OI-000054,ORD-000037,PROD-00017,3,149,0,447,delivered,none,0
OI-000055,ORD-000038,PROD-00059,1,499,39,460,delivered,none,0
OI-000056,ORD-000039,PROD-00132,1,669,33,636,returned,refunded,750
OI-000057,ORD-000040,PROD-00134,1,15999,1919,14080,returned,refunded,16614
OI-000058,ORD-000040,PROD-00032,1,149,17,132,delivered,rejected,0
OI-000059,ORD-000041,PROD-00135,2,156999,37679,276319,delivered,none,0
OI-000060,ORD-000042,PROD-00174,1,7899,947,6952,delivered,none,0
OI-000061,ORD-000043,PROD-00168,1,709,56,653,delivered,none,0
OI-000062,ORD-000044,PROD-00174,1,7299,0,7299,delivered,none,0
OI-000063,ORD-000045,PROD-00225,1,18999,1519,17480,delivered,none,0
OI-000064,ORD-000045,PROD-00017,1,149,11,138,delivered,none,0
OI-000065,ORD-000045,PROD-00018,1,289,23,266,delivered,none,0
OI-000066,ORD-000045,PROD-00013,1,4599,367,4232,delivered,none,0
OI-000067,ORD-000045,PROD-00027,1,149,11,138,delivered,none,0
OI-000068,ORD-000046,PROD-00008,1,4299,515,3784,delivered,none,0
OI-000069,ORD-000047,PROD-00029,1,149,17,132,delivered,none,0
OI-000070,ORD-000047,PROD-00168,1,709,85,624,delivered,none,0
OI-000071,ORD-000048,PROD-00061,1,4299,214,4085,cancelled,none,0
OI-000072,ORD-000049,PROD-00023,1,209,25,184,delivered,none,0
OI-000073,ORD-000050,PROD-00127,1,3299,0,3299,delivered,rejected,0
OI-000074,ORD-000050,PROD-00159,1,1999,0,1999,returned,refunded,2359
OI-000075,ORD-000050,PROD-00105,1,31999,0,31999,returned,refunded,37759
OI-000076,ORD-000050,PROD-00068,1,13999,0,13999,returned,refunded,16519
OI-000077,ORD-000051,PROD-00127,1,3199,0,3199,delivered,none,0
OI-000078,ORD-000052,PROD-00026,1,4299,515,3784,delivered,none,0
OI-000079,ORD-000053,PROD-00260,1,4999,0,4999,delivered,none,0
OI-000080,ORD-000054,PROD-00017,3,149,0,447,cancelled,none,527
OI-000081,ORD-000055,PROD-00127,1,3199,383,2816,delivered,none,0
OI-000082,ORD-000056,PROD-00050,1,939,0,939,delivered,none,0
OI-000083,ORD-000057,PROD-00242,1,119499,0,119499,delivered,none,0
OI-000084,ORD-000058,PROD-00127,1,3199,0,3199,returned,refunded,3775
OI-000085,ORD-000059,PROD-00174,1,7299,583,6716,delivered,none,0
OI-000086,ORD-000059,PROD-00151,1,25999,2079,23920,delivered,none,0
OI-000087,ORD-000060,PROD-00087,1,7499,899,6600,delivered,none,0
OI-000088,ORD-000061,PROD-00059,1,499,0,499,delivered,none,0
OI-000089,ORD-000062,PROD-00174,1,7699,0,7699,returned,refunded,9085
OI-000090,ORD-000063,PROD-00127,1,3199,319,2880,delivered,none,0
OI-000091,ORD-000064,PROD-00026,1,4599,0,4599,delivered,none,0
OI-000092,ORD-000065,PROD-00264,1,20999,2099,18900,returned,refunded,22302
OI-000093,ORD-000065,PROD-00029,1,149,14,135,returned,refunded,159
OI-000094,ORD-000065,PROD-00127,1,2999,299,2700,returned,refunded,3186
OI-000095,ORD-000066,PROD-00061,1,4499,224,4275,delivered,none,0
OI-000096,ORD-000067,PROD-00013,1,4999,599,4400,delivered,none,0
OI-000097,ORD-000068,PROD-00071,1,3399,0,3399,delivered,none,0
OI-000098,ORD-000068,PROD-00017,1,149,0,149,delivered,none,0
OI-000099,ORD-000068,PROD-00261,1,22999,0,22999,delivered,none,0
OI-000100,ORD-000068,PROD-00168,3,709,0,2127,delivered,none,0
OI-000101,ORD-000069,PROD-00070,1,469,37,432,delivered,none,0
OI-000102,ORD-000069,PROD-00004,2,2499,399,4599,delivered,none,0
OI-000103,ORD-000070,PROD-00174,1,7699,384,7315,delivered,none,0
OI-000104,ORD-000070,PROD-00057,1,2499,124,2375,delivered,none,0
OI-000105,ORD-000071,PROD-00116,1,30499,3049,27450,cancelled,none,32391
OI-000106,ORD-000072,PROD-00288,1,75999,0,75999,delivered,none,0
OI-000107,ORD-000073,PROD-00264,1,23499,1879,21620,delivered,none,0
OI-000108,ORD-000073,PROD-00161,1,7199,575,6624,delivered,none,0
OI-000109,ORD-000073,PROD-00243,1,129999,10399,119600,delivered,none,0
OI-000110,ORD-000074,PROD-00270,1,699,34,665,delivered,none,0
OI-000111,ORD-000074,PROD-00064,1,1799,89,1710,delivered,none,0
OI-000112,ORD-000075,PROD-00246,1,15499,0,15499,delivered,none,0
OI-000113,ORD-000076,PROD-00072,1,6799,0,6799,delivered,none,0
OI-000114,ORD-000077,PROD-00010,1,5999,599,5400,cancelled,none,6372
OI-000115,ORD-000078,PROD-00052,1,5599,279,5320,delivered,none,0
OI-000116,ORD-000079,PROD-00174,1,7999,0,7999,delivered,none,0
OI-000117,ORD-000080,PROD-00002,1,3199,0,3199,delivered,none,0
OI-000118,ORD-000081,PROD-00238,1,30999,1549,29450,cancelled,none,0
OI-000119,ORD-000081,PROD-00017,1,149,7,142,cancelled,none,0
OI-000120,ORD-000081,PROD-00222,1,109499,5474,104025,cancelled,none,0
OI-000121,ORD-000082,PROD-00132,1,649,32,617,delivered,none,0
OI-000122,ORD-000083,PROD-00025,1,739,59,680,delivered,none,0
OI-000123,ORD-000083,PROD-00161,1,7399,591,6808,delivered,none,0
OI-000124,ORD-000084,PROD-00017,1,149,0,149,delivered,none,0
OI-000125,ORD-000085,PROD-00174,1,7699,0,7699,delivered,none,0
OI-000126,ORD-000086,PROD-00111,1,999,0,999,delivered,none,0
OI-000127,ORD-000087,PROD-00099,1,999,79,920,delivered,none,0
OI-000128,ORD-000088,PROD-00161,1,6899,689,6210,delivered,none,0
OI-000129,ORD-000089,PROD-00168,1,709,85,624,delivered,none,0
OI-000130,ORD-000090,PROD-00025,1,679,0,679,returned,refunded,801
OI-000131,ORD-000091,PROD-00269,1,2299,183,2116,delivered,none,0
OI-000132,ORD-000091,PROD-00100,1,27499,2199,25300,delivered,none,0
OI-000133,ORD-000091,PROD-00161,1,7399,591,6808,delivered,none,0
OI-000134,ORD-000092,PROD-00007,1,169,8,161,delivered,none,0
OI-000135,ORD-000093,PROD-00278,1,13999,699,13300,delivered,rejected,0
OI-000136,ORD-000094,PROD-00014,1,959,95,864,delivered,none,0
OI-000137,ORD-000095,PROD-00134,1,14499,0,14499,delivered,none,0
OI-000138,ORD-000096,PROD-00017,1,149,11,138,delivered,none,0
OI-000139,ORD-000096,PROD-00016,1,1999,159,1840,delivered,none,0
OI-000140,ORD-000096,PROD-00264,1,22999,1839,21160,delivered,none,0
OI-000141,ORD-000096,PROD-00169,1,2599,207,2392,delivered,none,0
OI-000142,ORD-000097,PROD-00012,1,149,11,138,delivered,none,0
OI-000143,ORD-000098,PROD-00168,1,709,0,709,delivered,none,0
OI-000144,ORD-000098,PROD-00277,1,1099,0,1099,delivered,none,0
OI-000145,ORD-000099,PROD-00030,2,1099,0,2198,delivered,none,0
OI-000146,ORD-000099,PROD-00230,1,7699,0,7699,delivered,none,0
OI-000147,ORD-000100,PROD-00215,1,80499,0,80499,delivered,none,0
OI-000148,ORD-000100,PROD-00052,1,6399,0,6399,delivered,none,0
OI-000149,ORD-000101,PROD-00084,2,18499,0,36998,delivered,none,0
OI-000150,ORD-000102,PROD-00013,1,4999,0,4999,delivered,none,0
OI-000151,ORD-000103,PROD-00123,1,15999,1279,14720,delivered,none,0
OI-000152,ORD-000104,PROD-00219,1,62999,0,62999,delivered,none,0
OI-000153,ORD-000105,PROD-00029,1,149,0,149,delivered,none,0
OI-000154,ORD-000105,PROD-00197,1,6699,0,6699,delivered,none,0
OI-000155,ORD-000105,PROD-00174,1,7699,0,7699,delivered,none,0
OI-000156,ORD-000106,PROD-00174,1,7699,0,7699,delivered,none,0
OI-000157,ORD-000106,PROD-00261,1,22499,0,22499,delivered,none,0
OI-000158,ORD-000106,PROD-00088,1,21999,0,21999,delivered,none,0
OI-000159,ORD-000107,PROD-00174,1,7699,769,6930,delivered,none,0
OI-000160,ORD-000108,PROD-00005,1,5799,463,5336,delivered,none,0
OI-000161,ORD-000109,PROD-00095,1,14999,1499,13500,delivered,none,0
OI-000162,ORD-000110,PROD-00024,1,1199,59,1140,delivered,none,0
OI-000163,ORD-000111,PROD-00052,1,5899,0,5899,delivered,none,0
OI-000164,ORD-000112,PROD-00020,1,149,7,142,delivered,none,0
OI-000165,ORD-000112,PROD-00029,1,149,7,142,delivered,none,0
OI-000166,ORD-000113,PROD-00007,1,159,0,159,delivered,rejected,0
OI-000167,ORD-000114,PROD-00239,1,69499,0,69499,delivered,none,0
OI-000168,ORD-000115,PROD-00225,1,17999,0,17999,delivered,none,0
OI-000169,ORD-000116,PROD-00269,1,2499,0,2499,delivered,none,0
OI-000170,ORD-000116,PROD-00108,1,7999,0,7999,delivered,none,0
OI-000171,ORD-000117,PROD-00132,1,669,53,616,delivered,none,0
OI-000172,ORD-000118,PROD-00114,1,949,94,855,delivered,none,0
OI-000173,ORD-000119,PROD-00174,2,7699,1231,14167,delivered,none,0
OI-000174,ORD-000120,PROD-00099,1,999,49,950,delivered,none,0
OI-000175,ORD-000121,PROD-00151,1,27999,2239,25760,delivered,none,0
OI-000176,ORD-000121,PROD-00024,1,1399,111,1288,delivered,none,0
OI-000177,ORD-000122,PROD-00197,1,6999,0,6999,delivered,none,0
OI-000178,ORD-000122,PROD-00029,1,149,0,149,delivered,none,0
OI-000179,ORD-000123,PROD-00265,1,10499,1049,9450,delivered,none,0
OI-000180,ORD-000123,PROD-00127,1,2999,299,2700,delivered,none,0
OI-000181,ORD-000123,PROD-00239,1,69499,6949,62550,delivered,none,0
OI-000182,ORD-000124,PROD-00261,1,23999,0,23999,returned,refunded,28319
OI-000183,ORD-000125,PROD-00017,1,149,0,149,returned,refunded,176
OI-000184,ORD-000126,PROD-00161,1,6299,0,6299,delivered,none,0
OI-000185,ORD-000126,PROD-00051,1,6099,0,6099,delivered,none,0
OI-000186,ORD-000127,PROD-00208,1,24999,1249,23750,delivered,none,0
OI-000187,ORD-000128,PROD-00174,1,7699,923,6776,delivered,none,0
OI-000188,ORD-000128,PROD-00131,1,5899,707,5192,delivered,none,0
OI-000189,ORD-000129,PROD-00031,1,249,24,225,delivered,none,0
OI-000190,ORD-000129,PROD-00101,1,3299,329,2970,delivered,none,0
OI-000191,ORD-000130,PROD-00174,1,7699,0,7699,delivered,none,0
OI-000192,ORD-000131,PROD-00025,1,739,73,666,returned,refunded,786
OI-000193,ORD-000132,PROD-00004,1,2499,124,2375,delivered,none,0
OI-000194,ORD-000133,PROD-00025,1,679,0,679,cancelled,none,0
OI-000195,ORD-000134,PROD-00057,1,2699,323,2376,cancelled,none,0
OI-000196,ORD-000135,PROD-00032,1,149,7,142,cancelled,none,0
OI-000197,ORD-000136,PROD-00051,1,6099,0,6099,delivered,none,0
OI-000198,ORD-000137,PROD-00097,1,1299,0,1299,delivered,none,0
OI-000199,ORD-000137,PROD-00127,1,3199,0,3199,delivered,none,0
OI-000200,ORD-000138,PROD-00127,1,3199,159,3040,delivered,none,0
OI-000201,ORD-000139,PROD-00029,3,139,0,417,returned,refunded,492
OI-000202,ORD-000140,PROD-00215,1,72499,7249,65250,delivered,none,0
OI-000203,ORD-000140,PROD-00053,1,6299,629,5670,delivered,none,0
OI-000204,ORD-000141,PROD-00029,1,159,19,140,delivered,none,0
OI-000205,ORD-000142,PROD-00017,1,149,0,149,delivered,none,0
OI-000206,ORD-000143,PROD-00258,1,2099,0,2099,delivered,none,0
OI-000207,ORD-000144,PROD-00078,1,1099,109,990,delivered,none,0
OI-000208,ORD-000145,PROD-00021,1,4199,0,4199,delivered,none,0
OI-000209,ORD-000145,PROD-00186,1,30999,0,30999,delivered,none,0
OI-000210,ORD-000146,PROD-00002,1,2899,0,2899,cancelled,none,0
OI-000211,ORD-000147,PROD-00267,1,15499,1549,13950,delivered,none,0
OI-000212,ORD-000147,PROD-00123,1,17499,1749,15750,delivered,none,0
OI-000213,ORD-000147,PROD-00161,1,7399,739,6660,delivered,none,0
OI-000214,ORD-000148,PROD-00057,1,2599,311,2288,delivered,none,0
OI-000215,ORD-000149,PROD-00034,1,139,16,123,delivered,none,0
OI-000216,ORD-000150,PROD-00020,1,139,16,123,delivered,none,0
OI-000217,ORD-000151,PROD-00244,1,9099,1091,8008,delivered,none,0
OI-000218,ORD-000152,PROD-00257,1,7399,0,7399,delivered,none,0
OI-000219,ORD-000153,PROD-00029,1,149,0,149,delivered,none,0
OI-000220,ORD-000153,PROD-00111,1,999,0,999,delivered,none,0
OI-000221,ORD-000154,PROD-00265,1,10499,524,9975,delivered,none,0
OI-000222,ORD-000155,PROD-00262,1,12499,0,12499,delivered,none,0
OI-000223,ORD-000155,PROD-00007,2,179,0,358,delivered,none,0
OI-000224,ORD-000155,PROD-00132,2,669,0,1338,delivered,none,0
OI-000225,ORD-000156,PROD-00029,1,149,0,149,delivered,none,0
OI-000226,ORD-000157,PROD-00017,2,149,0,298,delivered,none,0
OI-000227,ORD-000158,PROD-00008,1,4299,343,3956,delivered,none,0
OI-000228,ORD-000158,PROD-00116,1,31499,2519,28980,delivered,none,0
OI-000229,ORD-000158,PROD-00269,1,2499,199,2300,delivered,none,0
OI-000230,ORD-000159,PROD-00099,1,999,0,999,delivered,none,0
OI-000231,ORD-000160,PROD-00030,2,1099,0,2198,delivered,none,0
OI-000232,ORD-000161,PROD-00161,1,6299,755,5544,delivered,none,0
OI-000233,ORD-000162,PROD-00028,1,4599,551,4048,delivered,none,0
OI-000234,ORD-000162,PROD-00099,1,999,119,880,delivered,none,0
OI-000235,ORD-000162,PROD-00029,1,159,19,140,delivered,none,0
OI-000236,ORD-000163,PROD-00269,1,2499,199,2300,delivered,none,0
OI-000237,ORD-000163,PROD-00029,2,139,22,256,delivered,none,0
OI-000238,ORD-000164,PROD-00063,1,8499,0,8499,delivered,none,0
OI-000239,ORD-000164,PROD-00025,1,769,0,769,delivered,none,0
OI-000240,ORD-000165,PROD-00217,1,11499,0,11499,delivered,none,0
OI-000241,ORD-000165,PROD-00052,1,5899,0,5899,delivered,none,0
OI-000242,ORD-000166,PROD-00127,1,3199,159,3040,delivered,none,0
OI-000243,ORD-000167,PROD-00174,1,7699,0,7699,delivered,none,0
OI-000244,ORD-000167,PROD-00017,1,149,0,149,delivered,none,0
OI-000245,ORD-000168,PROD-00132,1,649,51,598,returned,refunded,706
OI-000246,ORD-000169,PROD-00176,1,7099,567,6532,delivered,rejected,0
OI-000247,ORD-000169,PROD-00219,2,62999,10079,115919,returned,refunded,136784
OI-000248,ORD-000169,PROD-00161,1,6899,551,6348,returned,refunded,7491
OI-000249,ORD-000169,PROD-00251,1,8799,703,8096,returned,refunded,9553
OI-000250,ORD-000169,PROD-00174,1,7699,615,7084,returned,refunded,8359
OI-000251,ORD-000170,PROD-00111,1,999,119,880,delivered,none,0
OI-000252,ORD-000170,PROD-00034,1,149,17,132,returned,refunded,156
OI-000253,ORD-000171,PROD-00032,1,149,0,149,delivered,none,0
OI-000254,ORD-000172,PROD-00168,1,729,0,729,delivered,none,0
OI-000255,ORD-000173,PROD-00169,1,2799,0,2799,delivered,none,0
OI-000256,ORD-000174,PROD-00127,1,3199,0,3199,delivered,none,0
OI-000257,ORD-000175,PROD-00002,1,3299,0,3299,delivered,none,0
OI-000258,ORD-000176,PROD-00018,1,309,30,279,delivered,none,0
OI-000259,ORD-000177,PROD-00017,2,139,0,278,delivered,none,0
OI-000260,ORD-000177,PROD-00127,1,3199,0,3199,delivered,none,0
OI-000261,ORD-000178,PROD-00104,1,12499,0,12499,delivered,none,0
OI-000262,ORD-000179,PROD-00089,1,19499,0,19499,delivered,none,0
OI-000263,ORD-000180,PROD-00161,1,6899,0,6899,delivered,none,0
OI-000264,ORD-000180,PROD-00168,1,709,0,709,delivered,none,0
OI-000265,ORD-000180,PROD-00023,1,199,0,199,delivered,none,0
OI-000266,ORD-000181,PROD-00069,1,1399,167,1232,delivered,none,0
OI-000267,ORD-000182,PROD-00115,1,1999,0,1999,delivered,none,0
OI-000268,ORD-000182,PROD-00132,1,649,0,649,delivered,none,0
OI-000269,ORD-000183,PROD-00127,1,3299,0,3299,delivered,none,0
OI-000270,ORD-000184,PROD-00051,1,6099,0,6099,delivered,none,0
OI-000271,ORD-000184,PROD-00017,1,149,0,149,delivered,none,0
OI-000272,ORD-000185,PROD-00161,1,6899,0,6899,delivered,none,0
OI-000273,ORD-000186,PROD-00002,1,3299,329,2970,delivered,none,0
OI-000274,ORD-000187,PROD-00170,1,3199,0,3199,delivered,none,0
OI-000275,ORD-000187,PROD-00020,1,149,0,149,delivered,none,0
OI-000276,ORD-000188,PROD-00065,1,3599,431,3168,delivered,none,0
OI-000277,ORD-000189,PROD-00020,1,149,0,149,delivered,none,0
OI-000278,ORD-000190,PROD-00259,1,8699,0,8699,delivered,none,0
OI-000279,ORD-000190,PROD-00099,1,999,0,999,delivered,none,0
OI-000280,ORD-000191,PROD-00066,1,959,0,959,delivered,none,0
OI-000281,ORD-000192,PROD-00029,1,149,0,149,delivered,none,0
OI-000282,ORD-000192,PROD-00070,1,499,0,499,delivered,none,0
OI-000283,ORD-000193,PROD-00028,1,4799,0,4799,delivered,none,0
OI-000284,ORD-000193,PROD-00024,1,1199,0,1199,delivered,none,0
OI-000285,ORD-000194,PROD-00296,1,10999,0,10999,delivered,none,0
OI-000286,ORD-000195,PROD-00072,1,7099,354,6745,delivered,none,0
OI-000287,ORD-000195,PROD-00005,1,5799,289,5510,delivered,none,0
OI-000288,ORD-000196,PROD-00200,1,27499,0,27499,delivered,none,0
OI-000289,ORD-000196,PROD-00032,1,139,0,139,delivered,none,0
OI-000290,ORD-000196,PROD-00025,1,739,0,739,delivered,none,0
OI-000291,ORD-000196,PROD-00159,1,1999,0,1999,delivered,none,0
OI-000292,ORD-000197,PROD-00032,1,149,17,132,delivered,none,0
OI-000293,ORD-000198,PROD-00029,2,149,0,298,delivered,none,0
OI-000294,ORD-000199,PROD-00174,1,7299,729,6570,delivered,none,0
OI-000295,ORD-000200,PROD-00127,1,3199,319,2880,delivered,none,0
OI-000296,ORD-000201,PROD-00174,1,7699,923,6776,delivered,none,0
OI-000297,ORD-000201,PROD-00259,1,8999,1079,7920,delivered,none,0
OI-000298,ORD-000202,PROD-00019,1,2899,0,2899,delivered,none,0
OI-000299,ORD-000202,PROD-00127,1,3199,0,3199,delivered,none,0
OI-000300,ORD-000203,PROD-00066,1,959,76,883,delivered,none,0
OI-000301,ORD-000204,PROD-00072,1,6799,543,6256,delivered,none,0
OI-000302,ORD-000205,PROD-00174,1,7699,923,6776,delivered,none,0
OI-000303,ORD-000206,PROD-00128,1,949,0,949,delivered,none,0
OI-000304,ORD-000207,PROD-00270,1,699,0,699,delivered,none,0
OI-000305,ORD-000208,PROD-00017,1,149,0,149,delivered,none,0
OI-000306,ORD-000208,PROD-00021,1,4299,0,4299,delivered,none,0
OI-000307,ORD-000208,PROD-00115,1,1999,0,1999,delivered,none,0
OI-000308,ORD-000208,PROD-00269,1,2599,0,2599,delivered,none,0
OI-000309,ORD-000209,PROD-00262,1,11999,1439,10560,delivered,none,0
OI-000310,ORD-000210,PROD-00174,1,7699,615,7084,cancelled,none,0
OI-000311,ORD-000211,PROD-00127,1,3199,255,2944,cancelled,none,3474
OI-000312,ORD-000212,PROD-00133,1,539,26,513,delivered,none,0
OI-000313,ORD-000212,PROD-00121,1,4999,249,4750,delivered,none,0
OI-000314,ORD-000212,PROD-00029,1,159,7,152,delivered,none,0
OI-000315,ORD-000213,PROD-00134,1,14499,1159,13340,delivered,none,0
OI-000316,ORD-000213,PROD-00120,1,6499,519,5980,delivered,none,0
OI-000317,ORD-000214,PROD-00127,1,3199,255,2944,delivered,none,0
OI-000318,ORD-000214,PROD-00176,1,7099,567,6532,delivered,none,0
OI-000319,ORD-000215,PROD-00131,1,6199,309,5890,delivered,none,0
OI-000320,ORD-000215,PROD-00269,1,2499,124,2375,delivered,none,0
OI-000321,ORD-000216,PROD-00114,2,949,0,1898,delivered,none,0
OI-000322,ORD-000217,PROD-00261,1,23999,0,23999,delivered,none,0
OI-000323,ORD-000218,PROD-00269,1,2499,199,2300,delivered,rejected,0
OI-000324,ORD-000218,PROD-00176,1,7099,567,6532,returned,refunded,7708
OI-000325,ORD-000218,PROD-00116,1,28999,2319,26680,delivered,none,0
OI-000326,ORD-000219,PROD-00172,2,1099,0,2198,delivered,none,0
OI-000327,ORD-000220,PROD-00001,1,5199,259,4940,delivered,none,0
OI-000328,ORD-000220,PROD-00236,1,40999,2049,38950,delivered,none,0
OI-000329,ORD-000220,PROD-00132,1,649,32,617,delivered,none,0
OI-000330,ORD-000220,PROD-00064,1,1899,94,1805,delivered,none,0
OI-000331,ORD-000221,PROD-00263,1,10499,1259,9240,delivered,none,0
OI-000332,ORD-000222,PROD-00030,1,1099,87,1012,delivered,none,0
OI-000333,ORD-000222,PROD-00204,1,27499,2199,25300,delivered,none,0
OI-000334,ORD-000222,PROD-00020,1,149,11,138,delivered,none,0
OI-000335,ORD-000223,PROD-00264,1,22999,1839,21160,delivered,none,0
OI-000336,ORD-000224,PROD-00269,1,2499,124,2375,delivered,none,0
OI-000337,ORD-000224,PROD-00257,1,6699,334,6365,delivered,none,0
OI-000338,ORD-000225,PROD-00022,1,1299,129,1170,delivered,none,0
OI-000339,ORD-000225,PROD-00174,1,7699,769,6930,delivered,none,0
OI-000340,ORD-000226,PROD-00024,1,1399,139,1260,delivered,none,0
OI-000341,ORD-000227,PROD-00241,1,27499,0,27499,delivered,none,0
OI-000342,ORD-000227,PROD-00070,3,499,0,1497,delivered,none,0
OI-000343,ORD-000228,PROD-00126,1,12999,0,12999,delivered,none,0
OI-000344,ORD-000229,PROD-00186,1,30999,0,30999,delivered,none,0
OI-000345,ORD-000229,PROD-00017,1,149,0,149,delivered,none,0
OI-000346,ORD-000230,PROD-00006,1,149,0,149,returned,refunded,176
OI-000347,ORD-000231,PROD-00203,1,26999,0,26999,delivered,none,0
OI-000348,ORD-000232,PROD-00053,1,5799,0,5799,cancelled,none,0
OI-000349,ORD-000233,PROD-00174,1,7899,789,7110,delivered,none,0
OI-000350,ORD-000234,PROD-00159,1,1899,189,1710,delivered,none,0
OI-000351,ORD-000234,PROD-00127,1,3199,319,2880,delivered,none,0
OI-000352,ORD-000235,PROD-00170,1,3199,159,3040,delivered,none,0
OI-000353,ORD-000236,PROD-00170,1,3199,319,2880,returned,refunded,3398
OI-000354,ORD-000237,PROD-00072,1,6799,815,5984,delivered,none,0
OI-000355,ORD-000238,PROD-00072,1,6799,543,6256,delivered,none,0
OI-000356,ORD-000239,PROD-00116,1,30499,2439,28060,delivered,none,0
OI-000357,ORD-000240,PROD-00005,1,5799,289,5510,delivered,none,0
OI-000358,ORD-000241,PROD-00132,1,649,51,598,cancelled,none,706
OI-000359,ORD-000241,PROD-00257,1,6499,519,5980,cancelled,none,7056
OI-000360,ORD-000242,PROD-00127,1,3199,255,2944,delivered,none,0
OI-000361,ORD-000243,PROD-00244,1,9099,454,8645,delivered,none,0
OI-000362,ORD-000244,PROD-00127,1,3199,383,2816,delivered,none,0
OI-000363,ORD-000244,PROD-00029,1,149,17,132,delivered,none,0
OI-000364,ORD-000244,PROD-00019,1,2899,347,2552,delivered,none,0
OI-000365,ORD-000245,PROD-00168,2,739,177,1301,delivered,none,0
OI-000366,ORD-000246,PROD-00020,1,149,17,132,delivered,none,0
OI-000367,ORD-000246,PROD-00059,1,499,59,440,delivered,none,0
OI-000368,ORD-000246,PROD-00029,1,139,16,123,delivered,none,0
OI-000369,ORD-000247,PROD-00132,1,649,32,617,delivered,none,0
OI-000370,ORD-000248,PROD-00176,1,7099,0,7099,delivered,none,0
OI-000371,ORD-000249,PROD-00072,1,6999,0,6999,delivered,none,0
OI-000372,ORD-000249,PROD-00070,1,459,0,459,delivered,none,0
OI-000373,ORD-000250,PROD-00005,1,5799,0,5799,delivered,none,0
OI-000374,ORD-000250,PROD-00017,1,149,0,149,delivered,none,0
OI-000375,ORD-000250,PROD-00076,1,17499,0,17499,delivered,none,0
OI-000376,ORD-000251,PROD-00003,1,1399,0,1399,delivered,none,0
OI-000377,ORD-000252,PROD-00014,1,879,0,879,delivered,none,0
OI-000378,ORD-000253,PROD-00174,1,7999,0,7999,delivered,none,0
OI-000379,ORD-000254,PROD-00256,1,15499,0,15499,delivered,none,0
OI-000380,ORD-000254,PROD-00017,2,149,0,298,delivered,none,0
OI-000381,ORD-000254,PROD-00062,1,499,0,499,delivered,none,0
OI-000382,ORD-000255,PROD-00127,1,3199,0,3199,delivered,none,0
OI-000383,ORD-000255,PROD-00120,1,6499,0,6499,delivered,none,0
OI-000384,ORD-000255,PROD-00204,1,27499,0,27499,delivered,none,0
OI-000385,ORD-000256,PROD-00214,1,26999,0,26999,delivered,none,0
OI-000386,ORD-000257,PROD-00213,1,9199,0,9199,delivered,rejected,0
OI-000387,ORD-000258,PROD-00099,1,999,119,880,returned,refunded,1038
OI-000388,ORD-000259,PROD-00264,1,22999,0,22999,returned,refunded,27139
OI-000389,ORD-000260,PROD-00029,1,149,0,149,delivered,none,0
OI-000390,ORD-000260,PROD-00055,1,15499,0,15499,delivered,none,0
OI-000391,ORD-000260,PROD-00020,1,149,0,149,delivered,none,0
OI-000392,ORD-000261,PROD-00001,1,5199,259,4940,delivered,none,0
OI-000393,ORD-000261,PROD-00134,1,15499,774,14725,delivered,none,0
OI-000394,ORD-000262,PROD-00118,2,579,0,1158,delivered,none,0
OI-000395,ORD-000263,PROD-00073,1,1099,109,990,returned,refunded,1168
OI-000396,ORD-000264,PROD-00017,1,149,0,149,delivered,none,0
OI-000397,ORD-000265,PROD-00070,3,499,179,1318,delivered,none,0
OI-000398,ORD-000266,PROD-00264,1,22999,2299,20700,delivered,none,0
OI-000399,ORD-000267,PROD-00026,1,3999,0,3999,delivered,none,0
OI-000400,ORD-000267,PROD-00269,1,2499,0,2499,delivered,none,0
OI-000401,ORD-000268,PROD-00024,1,1299,103,1196,delivered,none,0
OI-000402,ORD-000269,PROD-00259,1,8999,0,8999,delivered,none,0
OI-000403,ORD-000270,PROD-00127,1,3299,263,3036,delivered,none,0
OI-000404,ORD-000270,PROD-00161,1,7199,575,6624,delivered,none,0
OI-000405,ORD-000271,PROD-00028,1,4399,0,4399,delivered,none,0
OI-000406,ORD-000272,PROD-00059,1,499,49,450,delivered,none,0
OI-000407,ORD-000273,PROD-00020,1,139,6,133,delivered,none,0
OI-000408,ORD-000273,PROD-00251,1,7799,389,7410,delivered,none,0
OI-000409,ORD-000273,PROD-00028,1,4799,239,4560,delivered,none,0
OI-000410,ORD-000274,PROD-00072,1,6799,339,6460,delivered,none,0
OI-000411,ORD-000274,PROD-00029,1,149,7,142,delivered,none,0
OI-000412,ORD-000275,PROD-00161,1,6899,0,6899,delivered,none,0
OI-000413,ORD-000276,PROD-00251,1,8099,0,8099,cancelled,none,0
OI-000414,ORD-000277,PROD-00029,1,149,7,142,delivered,none,0
OI-000415,ORD-000277,PROD-00267,1,15499,774,14725,delivered,none,0
OI-000416,ORD-000278,PROD-00159,1,1999,0,1999,delivered,none,0
OI-000417,ORD-000278,PROD-00161,1,7099,0,7099,delivered,none,0
OI-000418,ORD-000279,PROD-00174,1,7699,0,7699,delivered,none,0
OI-000419,ORD-000279,PROD-00130,1,12499,0,12499,delivered,none,0
OI-000420,ORD-000280,PROD-00259,1,8699,0,8699,delivered,none,0
OI-000421,ORD-000281,PROD-00161,1,6899,0,6899,delivered,none,0
OI-000422,ORD-000282,PROD-00265,1,10999,1099,9900,delivered,none,0
OI-000423,ORD-000283,PROD-00269,1,2299,0,2299,delivered,none,0
OI-000424,ORD-000284,PROD-00024,1,1299,103,1196,delivered,none,0
OI-000425,ORD-000285,PROD-00029,1,139,0,139,delivered,none,0
OI-000426,ORD-000285,PROD-00277,1,1099,0,1099,delivered,none,0
OI-000427,ORD-000286,PROD-00118,1,599,0,599,delivered,none,0
OI-000428,ORD-000286,PROD-00127,1,3199,0,3199,delivered,none,0
OI-000429,ORD-000287,PROD-00113,1,3499,279,3220,delivered,none,0
OI-000430,ORD-000287,PROD-00208,1,26999,2159,24840,delivered,none,0
OI-000431,ORD-000287,PROD-00269,1,2299,183,2116,returned,refunded,2497
OI-000432,ORD-000288,PROD-00174,2,7699,0,15398,delivered,none,0
OI-000433,ORD-000288,PROD-00283,1,18999,0,18999,delivered,none,0
OI-000434,ORD-000289,PROD-00135,1,170499,17049,153450,delivered,none,0
OI-000435,ORD-000290,PROD-00032,3,149,0,447,returned,refunded,527
OI-000436,ORD-000291,PROD-00057,1,2499,0,2499,delivered,none,0
OI-000437,ORD-000292,PROD-00084,1,17499,1749,15750,delivered,none,0
OI-000438,ORD-000292,PROD-00029,1,149,14,135,delivered,none,0
OI-000439,ORD-000293,PROD-00017,1,139,0,139,delivered,none,0
OI-000440,ORD-000294,PROD-00159,1,1899,0,1899,returned,refunded,2241
OI-000441,ORD-000295,PROD-00052,1,5899,0,5899,delivered,none,0
OI-000442,ORD-000296,PROD-00077,1,37999,0,37999,delivered,none,0
OI-000443,ORD-000297,PROD-00257,1,7399,0,7399,delivered,none,0
OI-000444,ORD-000297,PROD-00007,1,169,0,169,delivered,none,0
OI-000445,ORD-000297,PROD-00106,1,29499,0,29499,delivered,none,0
OI-000446,ORD-000298,PROD-00127,2,2899,0,5798,delivered,none,0
OI-000447,ORD-000299,PROD-00020,2,149,23,275,delivered,none,0
OI-000448,ORD-000299,PROD-00198,1,719,57,662,delivered,none,0
OI-000449,ORD-000300,PROD-00189,1,86999,0,86999,delivered,none,0
OI-000450,ORD-000300,PROD-00017,1,149,0,149,delivered,none,0
OI-000451,ORD-000301,PROD-00171,1,6699,334,6365,delivered,none,0
OI-000452,ORD-000301,PROD-00127,1,3199,159,3040,delivered,none,0
OI-000453,ORD-000301,PROD-00016,1,1999,99,1900,delivered,none,0
OI-000454,ORD-000301,PROD-00255,1,1299,64,1235,delivered,none,0
OI-000455,ORD-000301,PROD-00168,1,709,35,674,delivered,none,0
OI-000456,ORD-000302,PROD-00028,1,4999,0,4999,delivered,none,0
OI-000457,ORD-000302,PROD-00174,1,7699,0,7699,delivered,none,0
OI-000458,ORD-000303,PROD-00017,1,149,17,132,delivered,none,0
OI-000459,ORD-000304,PROD-00264,1,22999,1839,21160,delivered,none,0
OI-000460,ORD-000305,PROD-00016,1,2099,209,1890,delivered,none,0
OI-000461,ORD-000306,PROD-00029,1,149,14,135,delivered,none,0
OI-000462,ORD-000307,PROD-00018,1,289,0,289,delivered,none,0
OI-000463,ORD-000308,PROD-00161,1,6899,551,6348,delivered,none,0
OI-000464,ORD-000309,PROD-00029,1,149,0,149,delivered,none,0
OI-000465,ORD-000310,PROD-00014,1,909,45,864,delivered,none,0
OI-000466,ORD-000310,PROD-00176,1,7099,354,6745,delivered,none,0
OI-000467,ORD-000310,PROD-00108,1,7399,369,7030,delivered,none,0
OI-000468,ORD-000311,PROD-00254,1,1799,143,1656,delivered,none,0
OI-000469,ORD-000311,PROD-00127,1,3199,255,2944,delivered,none,0
OI-000470,ORD-000311,PROD-00238,1,30999,2479,28520,delivered,none,0
OI-000471,ORD-000312,PROD-00296,1,11499,1379,10120,delivered,none,0
OI-000472,ORD-000313,PROD-00248,1,4799,575,4224,delivered,none,0
OI-000473,ORD-000314,PROD-00011,1,289,0,289,delivered,none,0
OI-000474,ORD-000314,PROD-00014,1,879,0,879,delivered,none,0
OI-000475,ORD-000315,PROD-00174,1,7699,0,7699,delivered,none,0
OI-000476,ORD-000316,PROD-00111,1,999,0,999,delivered,none,0
OI-000477,ORD-000316,PROD-00176,1,7099,0,7099,delivered,none,0
OI-000478,ORD-000317,PROD-00032,1,149,11,138,delivered,none,0
OI-000479,ORD-000318,PROD-00032,1,159,12,147,delivered,none,0
OI-000480,ORD-000319,PROD-00270,1,749,0,749,delivered,none,0
OI-000481,ORD-000319,PROD-00050,1,939,0,939,delivered,none,0
OI-000482,ORD-000320,PROD-00174,1,7699,923,6776,cancelled,none,7996
OI-000483,ORD-000321,PROD-00004,1,2499,0,2499,cancelled,none,2949
OI-000484,ORD-000322,PROD-00060,1,10499,1259,9240,delivered,none,0
OI-000485,ORD-000323,PROD-00017,2,139,0,278,delivered,none,0
OI-000486,ORD-000323,PROD-00116,1,30499,0,30499,delivered,none,0
OI-000487,ORD-000324,PROD-00016,1,1999,159,1840,delivered,none,0
OI-000488,ORD-000324,PROD-00069,1,1299,103,1196,delivered,none,0
OI-000489,ORD-000324,PROD-00161,1,7099,567,6532,delivered,none,0
OI-000490,ORD-000325,PROD-00102,1,1499,119,1380,delivered,none,0
OI-000491,ORD-000326,PROD-00017,1,159,12,147,delivered,none,0
OI-000492,ORD-000327,PROD-00122,1,2599,311,2288,delivered,none,0
OI-000493,ORD-000327,PROD-00161,1,6899,827,6072,delivered,none,0
OI-000494,ORD-000328,PROD-00286,1,25499,0,25499,delivered,none,0
OI-000495,ORD-000328,PROD-00001,1,4799,0,4799,delivered,none,0
OI-000496,ORD-000329,PROD-00264,1,22999,0,22999,delivered,none,0
OI-000497,ORD-000330,PROD-00127,1,3499,0,3499,delivered,none,0
OI-000498,ORD-000331,PROD-00017,1,149,0,149,delivered,none,0
OI-000499,ORD-000332,PROD-00030,1,1099,109,990,delivered,none,0
OI-000500,ORD-000332,PROD-00057,2,2499,499,4499,delivered,none,0
OI-000501,ORD-000333,PROD-00161,1,6899,0,6899,delivered,none,0
OI-000502,ORD-000334,PROD-00257,1,6699,0,6699,cancelled,none,0
OI-000503,ORD-000335,PROD-00028,1,4999,499,4500,returned,refunded,5310
OI-000504,ORD-000336,PROD-00295,1,59999,5999,54000,delivered,none,0
OI-000505,ORD-000336,PROD-00025,1,739,73,666,delivered,none,0
OI-000506,ORD-000337,PROD-00282,1,21999,2639,19360,delivered,none,0
OI-000507,ORD-000337,PROD-00253,1,7099,851,6248,delivered,none,0
OI-000508,ORD-000338,PROD-00278,1,13999,1399,12600,delivered,none,0
OI-000509,ORD-000338,PROD-00008,1,4299,429,3870,delivered,none,0
OI-000510,ORD-000339,PROD-00246,1,15499,0,15499,delivered,none,0
OI-000511,ORD-000340,PROD-00127,1,2999,149,2850,delivered,rejected,0
OI-000512,ORD-000340,PROD-00268,2,44999,4499,85499,returned,refunded,100889
OI-000513,ORD-000341,PROD-00174,1,7099,0,7099,delivered,none,0
OI-000514,ORD-000342,PROD-00105,1,37999,0,37999,delivered,none,0
OI-000515,ORD-000343,PROD-00270,1,699,34,665,delivered,none,0
OI-000516,ORD-000344,PROD-00265,1,10499,0,10499,delivered,none,0
OI-000517,ORD-000344,PROD-00017,1,149,0,149,delivered,none,0
OI-000518,ORD-000345,PROD-00113,1,3499,279,3220,delivered,none,0
OI-000519,ORD-000346,PROD-00161,1,6899,0,6899,delivered,none,0
OI-000520,ORD-000347,PROD-00012,2,159,0,318,delivered,none,0
OI-000521,ORD-000348,PROD-00059,1,459,55,404,delivered,none,0
OI-000522,ORD-000349,PROD-00077,1,39499,3949,35550,delivered,none,0
OI-000523,ORD-000349,PROD-00014,1,999,99,900,delivered,none,0
OI-000524,ORD-000349,PROD-00017,1,149,14,135,delivered,none,0
OI-000525,ORD-000349,PROD-00114,1,999,99,900,delivered,none,0
OI-000526,ORD-000350,PROD-00095,1,14999,0,14999,delivered,none,0
OI-000527,ORD-000351,PROD-00017,1,149,0,149,delivered,none,0
OI-000528,ORD-000351,PROD-00204,1,27499,0,27499,delivered,none,0
OI-000529,ORD-000352,PROD-00127,1,3199,319,2880,delivered,none,0
OI-000530,ORD-000353,PROD-00269,1,2499,199,2300,delivered,none,0
OI-000531,ORD-000353,PROD-00168,1,709,56,653,delivered,none,0
OI-000532,ORD-000354,PROD-00080,1,4699,0,4699,delivered,none,0
OI-000533,ORD-000355,PROD-00270,1,699,55,644,delivered,none,0
OI-000534,ORD-000355,PROD-00029,1,149,11,138,delivered,none,0
OI-000535,ORD-000356,PROD-00112,1,5299,529,4770,delivered,none,0
OI-000536,ORD-000357,PROD-00272,1,20499,0,20499,delivered,none,0
OI-000537,ORD-000358,PROD-00029,2,139,27,251,delivered,none,0
OI-000538,ORD-000358,PROD-00118,2,579,115,1043,delivered,none,0
OI-000539,ORD-000359,PROD-00242,1,129999,15599,114400,delivered,none,0
OI-000540,ORD-000359,PROD-00032,1,149,17,132,delivered,none,0
OI-000541,ORD-000359,PROD-00186,1,30999,3719,27280,delivered,none,0
OI-000542,ORD-000359,PROD-00033,1,6399,767,5632,delivered,none,0
OI-000543,ORD-000359,PROD-00002,1,2899,347,2552,delivered,none,0
OI-000544,ORD-000360,PROD-00002,1,3199,159,3040,delivered,none,0
OI-000545,ORD-000360,PROD-00104,1,12499,624,11875,delivered,none,0
OI-000546,ORD-000361,PROD-00228,1,76499,0,76499,delivered,none,0
OI-000547,ORD-000362,PROD-00017,1,159,7,152,cancelled,none,179
OI-000548,ORD-000362,PROD-00034,1,149,7,142,cancelled,none,168
OI-000549,ORD-000363,PROD-00167,1,2499,0,2499,delivered,none,0
OI-000550,ORD-000364,PROD-00275,1,36499,0,36499,delivered,none,0
OI-000551,ORD-000365,PROD-00127,1,3199,0,3199,delivered,none,0
OI-000552,ORD-000366,PROD-00127,1,2899,0,2899,delivered,none,0
OI-000553,ORD-000366,PROD-00077,1,37999,0,37999,delivered,none,0
OI-000554,ORD-000367,PROD-00159,1,1999,159,1840,delivered,none,0
OI-000555,ORD-000367,PROD-00114,1,919,73,846,delivered,none,0
OI-000556,ORD-000368,PROD-00017,2,149,0,298,delivered,none,0
OI-000557,ORD-000369,PROD-00005,1,5299,635,4664,delivered,none,0
OI-000558,ORD-000369,PROD-00026,1,4299,515,3784,delivered,none,0
OI-000559,ORD-000370,PROD-00026,1,4599,459,4140,delivered,none,0
OI-000560,ORD-000371,PROD-00013,1,4999,249,4750,delivered,none,0
OI-000561,ORD-000371,PROD-00096,1,8199,409,7790,delivered,none,0
OI-000562,ORD-000371,PROD-00275,1,36499,1824,34675,delivered,none,0
OI-000563,ORD-000372,PROD-00249,1,8599,0,8599,delivered,none,0
OI-000564,ORD-000373,PROD-00024,1,1299,0,1299,delivered,none,0
OI-000565,ORD-000373,PROD-00263,1,10499,0,10499,delivered,none,0
OI-000566,ORD-000374,PROD-00296,1,10499,0,10499,delivered,rejected,0
OI-000567,ORD-000374,PROD-00111,1,949,0,949,returned,refunded,1120
OI-000568,ORD-000374,PROD-00001,1,4899,0,4899,returned,refunded,5781
OI-000569,ORD-000375,PROD-00018,1,289,0,289,delivered,rejected,0
OI-000570,ORD-000375,PROD-00052,1,5899,0,5899,returned,refunded,6961
OI-000571,ORD-000375,PROD-00020,1,149,0,149,returned,refunded,176
OI-000572,ORD-000375,PROD-00076,1,17999,0,17999,returned,refunded,21239
OI-000573,ORD-000376,PROD-00161,1,6599,0,6599,returned,refunded,7787
OI-000574,ORD-000377,PROD-00020,1,149,11,138,delivered,none,0
OI-000575,ORD-000377,PROD-00127,1,2899,231,2668,delivered,none,0
OI-000576,ORD-000378,PROD-00032,1,149,11,138,delivered,none,0
OI-000577,ORD-000378,PROD-00014,1,959,76,883,delivered,none,0
OI-000578,ORD-000379,PROD-00077,1,38999,4679,34320,delivered,none,0
OI-000579,ORD-000379,PROD-00174,1,7699,923,6776,delivered,none,0
OI-000580,ORD-000379,PROD-00017,1,149,17,132,delivered,none,0
OI-000581,ORD-000380,PROD-00119,1,9899,0,9899,delivered,none,0
OI-000582,ORD-000380,PROD-00197,1,6999,0,6999,delivered,none,0
OI-000583,ORD-000380,PROD-00025,1,699,0,699,delivered,none,0
OI-000584,ORD-000381,PROD-00013,1,4999,599,4400,delivered,none,0
OI-000585,ORD-000381,PROD-00101,1,3399,407,2992,delivered,none,0
OI-000586,ORD-000382,PROD-00174,1,7999,0,7999,delivered,none,0
OI-000587,ORD-000382,PROD-00132,1,699,0,699,delivered,none,0
OI-000588,ORD-000382,PROD-00161,1,7399,0,7399,delivered,none,0
OI-000589,ORD-000382,PROD-00193,1,40499,0,40499,delivered,none,0
OI-000590,ORD-000383,PROD-00072,1,6799,339,6460,delivered,none,0
OI-000591,ORD-000384,PROD-00239,1,69499,0,69499,delivered,none,0
OI-000592,ORD-000385,PROD-00269,1,2499,0,2499,delivered,none,0
OI-000593,ORD-000386,PROD-00252,1,12999,0,12999,delivered,none,0
OI-000594,ORD-000387,PROD-00008,1,4499,539,3960,delivered,none,0
OI-000595,ORD-000388,PROD-00028,2,4799,0,9598,delivered,rejected,0
OI-000596,ORD-000389,PROD-00269,1,2499,0,2499,delivered,none,0
OI-000597,ORD-000390,PROD-00029,1,149,11,138,delivered,none,0
OI-000598,ORD-000390,PROD-00118,3,579,138,1599,delivered,none,0
OI-000599,ORD-000390,PROD-00010,1,5999,479,5520,delivered,none,0
OI-000600,ORD-000391,PROD-00013,1,4999,599,4400,returned,refunded,5192
OI-000601,ORD-000392,PROD-00032,1,139,11,128,delivered,none,0
OI-000602,ORD-000392,PROD-00264,1,22999,1839,21160,delivered,none,0
OI-000603,ORD-000393,PROD-00063,1,8299,414,7885,delivered,none,0
OI-000604,ORD-000394,PROD-00174,1,7699,0,7699,returned,refunded,9085
OI-000605,ORD-000395,PROD-00070,2,499,0,998,delivered,none,0
OI-000606,ORD-000396,PROD-00174,1,7699,0,7699,delivered,none,0
OI-000607,ORD-000397,PROD-00176,1,7099,0,7099,delivered,none,0
OI-000608,ORD-000398,PROD-00002,1,3199,159,3040,delivered,none,0
OI-000609,ORD-000399,PROD-00174,1,7699,615,7084,delivered,none,0
OI-000610,ORD-000400,PROD-00026,1,4299,515,3784,delivered,none,0
OI-000611,ORD-000401,PROD-00114,1,999,0,999,delivered,none,0
OI-000612,ORD-000402,PROD-00174,1,7699,0,7699,delivered,none,0
OI-000613,ORD-000403,PROD-00127,1,3199,255,2944,delivered,none,0
OI-000614,ORD-000404,PROD-00002,1,3299,395,2904,returned,refunded,3427
OI-000615,ORD-000405,PROD-00104,1,12999,0,12999,delivered,none,0
OI-000616,ORD-000405,PROD-00004,1,2399,0,2399,delivered,none,0
OI-000617,ORD-000406,PROD-00154,1,36999,0,36999,delivered,none,0
OI-000618,ORD-000406,PROD-00111,1,1099,0,1099,delivered,none,0
OI-000619,ORD-000407,PROD-00104,1,12499,0,12499,delivered,none,0
OI-000620,ORD-000408,PROD-00099,1,999,0,999,delivered,none,0
OI-000621,ORD-000408,PROD-00055,1,15499,0,15499,delivered,none,0
OI-000622,ORD-000409,PROD-00225,1,18999,0,18999,delivered,none,0
OI-000623,ORD-000410,PROD-00209,1,19499,0,19499,delivered,none,0
OI-000624,ORD-000411,PROD-00161,1,6599,0,6599,delivered,none,0
OI-000625,ORD-000411,PROD-00156,1,80499,0,80499,delivered,none,0
OI-000626,ORD-000411,PROD-00142,1,160999,0,160999,delivered,none,0
OI-000627,ORD-000412,PROD-00209,1,19499,1559,17940,delivered,none,0
OI-000628,ORD-000413,PROD-00161,1,6899,344,6555,delivered,none,0
OI-000629,ORD-000414,PROD-00019,1,2899,144,2755,delivered,none,0
OI-000630,ORD-000414,PROD-00127,1,3499,174,3325,delivered,none,0
OI-000631,ORD-000415,PROD-00127,1,2999,299,2700,delivered,none,0
OI-000632,ORD-000416,PROD-00174,1,8299,829,7470,delivered,none,0
OI-000633,ORD-000416,PROD-00025,1,739,73,666,delivered,none,0
OI-000634,ORD-000417,PROD-00239,1,65999,5279,60720,delivered,none,0
OI-000635,ORD-000417,PROD-00017,2,159,25,293,delivered,none,0
OI-000636,ORD-000418,PROD-00197,1,6399,0,6399,delivered,none,0
OI-000637,ORD-000418,PROD-00124,1,1599,0,1599,delivered,none,0
OI-000638,ORD-000419,PROD-00029,1,139,0,139,delivered,none,0
OI-000639,ORD-000419,PROD-00131,1,5599,0,5599,delivered,none,0
OI-000640,ORD-000420,PROD-00072,1,6499,649,5850,delivered,none,0
OI-000641,ORD-000421,PROD-00161,1,6899,344,6555,delivered,none,0
OI-000642,ORD-000422,PROD-00080,1,4899,391,4508,delivered,none,0
OI-000643,ORD-000423,PROD-00065,1,3599,0,3599,delivered,none,0
OI-000644,ORD-000423,PROD-00013,1,4999,0,4999,delivered,none,0
OI-000645,ORD-000423,PROD-00215,2,70499,0,140998,delivered,none,0
OI-000646,ORD-000424,PROD-00132,1,599,0,599,returned,refunded,707
OI-000647,ORD-000424,PROD-00111,1,999,0,999,delivered,none,0
OI-000648,ORD-000425,PROD-00176,1,7099,709,6390,delivered,none,0
OI-000649,ORD-000426,PROD-00052,1,5899,0,5899,delivered,none,0
OI-000650,ORD-000427,PROD-00009,2,2599,415,4783,delivered,none,0
OI-000651,ORD-000427,PROD-00166,1,6199,495,5704,delivered,none,0
OI-000652,ORD-000428,PROD-00017,1,149,11,138,delivered,none,0
OI-000653,ORD-000429,PROD-00132,1,649,77,572,delivered,none,0
OI-000654,ORD-000429,PROD-00174,1,7699,923,6776,delivered,none,0
OI-000655,ORD-000430,PROD-00031,1,239,0,239,delivered,none,0
OI-000656,ORD-000431,PROD-00056,1,3599,179,3420,delivered,none,0
OI-000657,ORD-000432,PROD-00127,1,3199,255,2944,delivered,none,0
OI-000658,ORD-000433,PROD-00098,1,20499,0,20499,delivered,none,0
OI-000659,ORD-000434,PROD-00159,2,1999,399,3599,delivered,none,0
OI-000660,ORD-000435,PROD-00176,1,6499,0,6499,delivered,none,0
OI-000661,ORD-000435,PROD-00132,1,649,0,649,delivered,none,0
OI-000662,ORD-000436,PROD-00110,1,31499,1574,29925,delivered,none,0
OI-000663,ORD-000437,PROD-00260,1,4999,0,4999,delivered,none,0
OI-000664,ORD-000438,PROD-00080,1,4499,224,4275,delivered,none,0
OI-000665,ORD-000439,PROD-00057,1,2399,0,2399,delivered,none,0
OI-000666,ORD-000439,PROD-00008,1,4299,0,4299,delivered,none,0
OI-000667,ORD-000439,PROD-00014,1,959,0,959,delivered,none,0
OI-000668,ORD-000440,PROD-00089,1,18999,0,18999,delivered,none,0
OI-000669,ORD-000441,PROD-00174,1,7999,0,7999,delivered,none,0
OI-000670,ORD-000442,PROD-00102,1,1499,0,1499,delivered,none,0
OI-000671,ORD-000442,PROD-00017,1,149,0,149,delivered,none,0
OI-000672,ORD-000442,PROD-00021,1,4299,0,4299,delivered,none,0
OI-000673,ORD-000443,PROD-00161,1,6899,551,6348,delivered,none,0
OI-000674,ORD-000444,PROD-00127,1,3299,329,2970,delivered,none,0
OI-000675,ORD-000444,PROD-00114,1,949,94,855,delivered,none,0
OI-000676,ORD-000445,PROD-00226,1,7099,0,7099,shipped,none,0
OI-000677,ORD-000445,PROD-00170,1,3199,0,3199,shipped,none,0
OI-000678,ORD-000446,PROD-00270,1,749,0,749,delivered,none,0
OI-000679,ORD-000447,PROD-00025,1,739,73,666,delivered,none,0
OI-000680,ORD-000448,PROD-00169,1,2599,0,2599,delivered,none,0
OI-000681,ORD-000449,PROD-00174,1,7999,959,7040,delivered,none,0
OI-000682,ORD-000449,PROD-00159,2,1999,479,3519,delivered,none,0
OI-000683,ORD-000450,PROD-00111,1,999,79,920,delivered,none,0
OI-000684,ORD-000451,PROD-00017,1,139,16,123,delivered,none,0
OI-000685,ORD-000452,PROD-00101,1,3299,329,2970,delivered,none,0
OI-000686,ORD-000452,PROD-00063,1,8299,829,7470,delivered,none,0
OI-000687,ORD-000453,PROD-00262,1,11999,599,11400,delivered,none,0
OI-000688,ORD-000453,PROD-00174,1,7699,384,7315,delivered,none,0
OI-000689,ORD-000454,PROD-00269,1,2299,183,2116,delivered,rejected,0
OI-000690,ORD-000454,PROD-00034,1,149,11,138,delivered,none,0
OI-000691,ORD-000455,PROD-00017,1,139,16,123,cancelled,none,145
OI-000692,ORD-000455,PROD-00161,1,6899,827,6072,cancelled,none,7165
OI-000693,ORD-000455,PROD-00053,1,5499,659,4840,cancelled,none,5711
OI-000694,ORD-000456,PROD-00124,1,1499,0,1499,delivered,none,0
OI-000695,ORD-000457,PROD-00164,1,5799,695,5104,delivered,none,0
OI-000696,ORD-000458,PROD-00161,1,6899,0,6899,delivered,none,0
OI-000697,ORD-000458,PROD-00240,1,7999,0,7999,delivered,none,0
OI-000698,ORD-000459,PROD-00009,1,2799,0,2799,cancelled,none,0
OI-000699,ORD-000460,PROD-00127,1,3299,0,3299,delivered,none,0
OI-000700,ORD-000461,PROD-00127,1,3199,319,2880,delivered,none,0
OI-000701,ORD-000461,PROD-00032,1,149,14,135,delivered,none,0
OI-000702,ORD-000461,PROD-00017,1,149,14,135,delivered,none,0
OI-000703,ORD-000461,PROD-00024,1,1299,129,1170,delivered,none,0
OI-000704,ORD-000462,PROD-00060,1,10499,1259,9240,delivered,none,0
OI-000705,ORD-000462,PROD-00072,1,6499,779,5720,delivered,none,0
OI-000706,ORD-000462,PROD-00161,1,6899,827,6072,delivered,none,0
OI-000707,ORD-000463,PROD-00096,1,8899,1067,7832,delivered,none,0
OI-000708,ORD-000463,PROD-00168,1,759,91,668,delivered,none,0
OI-000709,ORD-000463,PROD-00072,1,7299,875,6424,delivered,none,0
OI-000710,ORD-000463,PROD-00257,1,7099,851,6248,delivered,none,0
OI-000711,ORD-000463,PROD-00127,1,3499,419,3080,delivered,none,0
OI-000712,ORD-000464,PROD-00025,2,779,0,1558,delivered,none,0
OI-000713,ORD-000465,PROD-00029,1,149,0,149,delivered,none,0
OI-000714,ORD-000466,PROD-00262,1,11999,1199,10800,delivered,none,0
OI-000715,ORD-000467,PROD-00108,1,7999,799,7200,delivered,none,0
OI-000716,ORD-000467,PROD-00174,1,7699,769,6930,delivered,none,0
OI-000717,ORD-000468,PROD-00057,1,2499,199,2300,delivered,none,0
OI-000718,ORD-000469,PROD-00025,1,739,59,680,cancelled,none,802
OI-000719,ORD-000470,PROD-00270,1,699,0,699,delivered,none,0
OI-000720,ORD-000471,PROD-00127,1,3199,0,3199,delivered,none,0
OI-000721,ORD-000472,PROD-00032,1,159,0,159,delivered,none,0
OI-000722,ORD-000472,PROD-00169,1,2799,0,2799,delivered,none,0
OI-000723,ORD-000473,PROD-00169,2,2899,289,5509,delivered,none,0
OI-000724,ORD-000473,PROD-00111,1,949,47,902,delivered,none,0
OI-000725,ORD-000473,PROD-00002,1,2999,149,2850,delivered,none,0
OI-000726,ORD-000473,PROD-00264,1,24999,1249,23750,delivered,none,0
OI-000727,ORD-000473,PROD-00265,1,9699,484,9215,delivered,none,0
OI-000728,ORD-000474,PROD-00020,1,149,0,149,delivered,none,0
OI-000729,ORD-000474,PROD-00087,1,7499,0,7499,delivered,none,0
OI-000730,ORD-000474,PROD-00161,1,6899,0,6899,delivered,none,0
OI-000731,ORD-000475,PROD-00251,1,8499,0,8499,delivered,none,0
OI-000732,ORD-000476,PROD-00289,1,43999,0,43999,delivered,rejected,0
OI-000733,ORD-000476,PROD-00029,1,139,0,139,delivered,none,0
OI-000734,ORD-000476,PROD-00013,1,5299,0,5299,delivered,rejected,0
OI-000735,ORD-000477,PROD-00193,1,38999,0,38999,delivered,none,0
OI-000736,ORD-000477,PROD-00006,1,149,0,149,delivered,none,0
OI-000737,ORD-000478,PROD-00236,1,47999,3839,44160,delivered,none,0
OI-000738,ORD-000478,PROD-00269,1,2399,191,2208,delivered,none,0
OI-000739,ORD-000478,PROD-00069,1,1499,119,1380,delivered,none,0
OI-000740,ORD-000479,PROD-00026,1,4499,0,4499,delivered,none,0
OI-000741,ORD-000480,PROD-00130,1,12499,999,11500,delivered,none,0
OI-000742,ORD-000480,PROD-00300,1,9999,799,9200,delivered,none,0
OI-000743,ORD-000480,PROD-00269,1,2699,215,2484,delivered,none,0
OI-000744,ORD-000480,PROD-00296,1,11499,919,10580,delivered,none,0
OI-000745,ORD-000480,PROD-00127,1,3499,279,3220,delivered,none,0
OI-000746,ORD-000481,PROD-00189,1,89499,0,89499,delivered,none,0
OI-000747,ORD-000481,PROD-00019,1,2899,0,2899,delivered,none,0
OI-000748,ORD-000481,PROD-00027,1,149,0,149,delivered,none,0
OI-000749,ORD-000481,PROD-00052,1,6099,0,6099,delivered,none,0
OI-000750,ORD-000481,PROD-00023,1,209,0,209,delivered,none,0
OI-000751,ORD-000482,PROD-00017,1,139,13,126,delivered,none,0
OI-000752,ORD-000483,PROD-00176,1,6699,0,6699,delivered,none,0
OI-000753,ORD-000484,PROD-00017,1,149,0,149,delivered,none,0
OI-000754,ORD-000485,PROD-00193,1,38999,0,38999,cancelled,none,46019
OI-000755,ORD-000485,PROD-00011,1,309,0,309,cancelled,none,365
OI-000756,ORD-000486,PROD-00111,1,919,91,828,delivered,rejected,0
OI-000757,ORD-000487,PROD-00003,1,1399,69,1330,delivered,none,0
OI-000758,ORD-000487,PROD-00020,1,149,7,142,delivered,none,0
OI-000759,ORD-000488,PROD-00102,1,1499,149,1350,delivered,none,0
OI-000760,ORD-000489,PROD-00270,1,729,0,729,delivered,none,0
OI-000761,ORD-000490,PROD-00168,1,709,85,624,delivered,none,0
OI-000762,ORD-000491,PROD-00174,1,7299,0,7299,delivered,none,0
OI-000763,ORD-000491,PROD-00087,1,7499,0,7499,delivered,none,0
OI-000764,ORD-000492,PROD-00127,1,3199,383,2816,delivered,none,0
OI-000765,ORD-000493,PROD-00127,1,2999,0,2999,delivered,none,0
OI-000766,ORD-000494,PROD-00127,1,3199,255,2944,delivered,none,0
OI-000767,ORD-000495,PROD-00174,1,7699,0,7699,delivered,none,0
OI-000768,ORD-000496,PROD-00132,1,699,0,699,delivered,rejected,0
OI-000769,ORD-000497,PROD-00020,3,139,50,367,delivered,none,0
OI-000770,ORD-000498,PROD-00017,1,149,0,149,delivered,none,0
OI-000771,ORD-000499,PROD-00204,1,27499,2199,25300,delivered,none,0
OI-000772,ORD-000500,PROD-00127,1,3299,329,2970,delivered,none,0
OI-000773,ORD-000500,PROD-00269,1,2599,259,2340,delivered,none,0
OI-000774,ORD-000501,PROD-00032,1,149,11,138,delivered,none,0
OI-000775,ORD-000501,PROD-00132,1,649,51,598,delivered,none,0
OI-000776,ORD-000502,PROD-00211,1,4999,0,4999,delivered,none,0
OI-000777,ORD-000502,PROD-00209,1,17999,0,17999,delivered,none,0
OI-000778,ORD-000502,PROD-00017,1,149,0,149,delivered,none,0
OI-000779,ORD-000502,PROD-00029,1,149,0,149,delivered,none,0
OI-000780,ORD-000503,PROD-00002,1,3499,174,3325,delivered,none,0
OI-000781,ORD-000504,PROD-00118,2,529,126,932,returned,refunded,1100
OI-000782,ORD-000505,PROD-00059,1,499,24,475,returned,refunded,561
OI-000783,ORD-000506,PROD-00272,1,20499,0,20499,delivered,none,0
OI-000784,ORD-000506,PROD-00031,2,239,0,478,delivered,none,0
OI-000785,ORD-000507,PROD-00029,1,149,17,132,delivered,none,0
OI-000786,ORD-000508,PROD-00295,1,54999,6599,48400,delivered,none,0
OI-000787,ORD-000508,PROD-00055,1,15499,1859,13640,delivered,none,0
OI-000788,ORD-000509,PROD-00032,1,149,17,132,delivered,none,0
OI-000789,ORD-000510,PROD-00268,1,44999,4499,40500,delivered,none,0
OI-000790,ORD-000511,PROD-00188,1,74999,0,74999,delivered,none,0
OI-000791,ORD-000512,PROD-00024,1,1399,0,1399,delivered,none,0
OI-000792,ORD-000513,PROD-00087,1,6899,0,6899,delivered,none,0
OI-000793,ORD-000513,PROD-00008,1,3999,0,3999,delivered,none,0
OI-000794,ORD-000513,PROD-00032,1,139,0,139,delivered,none,0
OI-000795,ORD-000514,PROD-00061,1,4399,0,4399,delivered,none,0
OI-000796,ORD-000515,PROD-00006,1,149,0,149,delivered,rejected,0
OI-000797,ORD-000515,PROD-00214,2,24999,0,49998,returned,refunded,58998
OI-000798,ORD-000516,PROD-00114,1,919,0,919,delivered,none,0
OI-000799,ORD-000517,PROD-00013,1,4699,563,4136,delivered,none,0
OI-000800,ORD-000518,PROD-00042,1,36999,0,36999,cancelled,none,43659
OI-000801,ORD-000518,PROD-00285,1,23499,0,23499,cancelled,none,27729
OI-000802,ORD-000519,PROD-00053,1,5999,0,5999,delivered,none,0
OI-000803,ORD-000520,PROD-00176,1,7099,354,6745,delivered,none,0
OI-000804,ORD-000520,PROD-00005,1,5799,289,5510,delivered,none,0
OI-000805,ORD-000520,PROD-00251,2,8499,849,16149,delivered,none,0
OI-000806,ORD-000520,PROD-00018,1,269,13,256,delivered,none,0
OI-000807,ORD-000521,PROD-00127,1,3499,349,3150,delivered,none,0
OI-000808,ORD-000522,PROD-00059,1,499,49,450,returned,refunded,531
OI-000809,ORD-000523,PROD-00002,1,3299,0,3299,delivered,none,0
OI-000810,ORD-000523,PROD-00072,1,6799,0,6799,delivered,none,0
OI-000811,ORD-000524,PROD-00007,1,179,0,179,delivered,none,0
OI-000812,ORD-000524,PROD-00264,1,21999,0,21999,delivered,none,0
OI-000813,ORD-000525,PROD-00161,1,7199,863,6336,delivered,none,0
OI-000814,ORD-000525,PROD-00006,1,149,17,132,delivered,none,0
OI-000815,ORD-000526,PROD-00114,1,999,0,999,delivered,none,0
OI-000816,ORD-000527,PROD-00013,1,5199,0,5199,delivered,none,0
OI-000817,ORD-000528,PROD-00174,1,7099,709,6390,delivered,none,0
OI-000818,ORD-000529,PROD-00251,1,9199,0,9199,delivered,none,0
OI-000819,ORD-000530,PROD-00246,1,15999,0,15999,returned,refunded,18879
OI-000820,ORD-000531,PROD-00127,1,3199,0,3199,delivered,none,0
OI-000821,ORD-000531,PROD-00007,1,169,0,169,delivered,none,0
OI-000822,ORD-000532,PROD-00296,1,12499,999,11500,delivered,none,0
OI-000823,ORD-000533,PROD-00247,1,11999,1199,10800,cancelled,none,12744
OI-000824,ORD-000534,PROD-00057,1,2499,0,2499,delivered,none,0
OI-000825,ORD-000535,PROD-00056,1,3599,431,3168,delivered,none,0
OI-000826,ORD-000536,PROD-00167,1,2799,223,2576,delivered,none,0
OI-000827,ORD-000537,PROD-00161,1,6899,0,6899,delivered,none,0
OI-000828,ORD-000537,PROD-00133,1,519,0,519,delivered,none,0
OI-000829,ORD-000537,PROD-00289,1,43999,0,43999,delivered,none,0
OI-000830,ORD-000538,PROD-00161,1,6599,659,5940,delivered,none,0
OI-000831,ORD-000539,PROD-00020,1,139,0,139,delivered,none,0
OI-000832,ORD-000540,PROD-00080,1,4899,489,4410,delivered,none,0
OI-000833,ORD-000540,PROD-00029,1,149,14,135,delivered,none,0
OI-000834,ORD-000540,PROD-00174,1,7699,769,6930,delivered,none,0
OI-000835,ORD-000540,PROD-00104,1,12499,1249,11250,delivered,none,0
OI-000836,ORD-000541,PROD-00017,1,149,0,149,delivered,none,0
OI-000837,ORD-000542,PROD-00161,1,6899,689,6210,delivered,none,0
OI-000838,ORD-000543,PROD-00238,1,30999,3099,27900,delivered,none,0
OI-000839,ORD-000544,PROD-00225,1,18999,0,18999,delivered,none,0
OI-000840,ORD-000545,PROD-00189,1,79999,7999,72000,delivered,none,0
OI-000841,ORD-000545,PROD-00127,1,3199,319,2880,delivered,none,0
OI-000842,ORD-000546,PROD-00052,1,5899,707,5192,delivered,none,0
OI-000843,ORD-000547,PROD-00020,1,149,0,149,delivered,none,0
OI-000844,ORD-000548,PROD-00229,1,129999,6499,123500,delivered,none,0
OI-000845,ORD-000549,PROD-00131,1,5899,589,5310,delivered,none,0
OI-000846,ORD-000550,PROD-00073,1,1099,87,1012,delivered,none,0
OI-000847,ORD-000551,PROD-00117,1,1899,189,1710,delivered,none,0
OI-000848,ORD-000551,PROD-00069,1,1399,139,1260,delivered,none,0
OI-000849,ORD-000551,PROD-00007,1,179,17,162,delivered,none,0
OI-000850,ORD-000552,PROD-00032,1,149,0,149,delivered,none,0
OI-000851,ORD-000553,PROD-00017,2,149,35,263,delivered,none,0
OI-000852,ORD-000554,PROD-00269,1,2499,0,2499,delivered,none,0
OI-000853,ORD-000555,PROD-00051,1,6099,0,6099,delivered,none,0
OI-000854,ORD-000555,PROD-00300,1,9499,0,9499,delivered,none,0
OI-000855,ORD-000556,PROD-00247,1,12999,0,12999,delivered,none,0
OI-000856,ORD-000557,PROD-00001,1,5399,0,5399,delivered,none,0
OI-000857,ORD-000558,PROD-00270,1,699,0,699,delivered,none,0
OI-000858,ORD-000559,PROD-00254,1,1899,0,1899,delivered,none,0
OI-000859,ORD-000560,PROD-00251,1,8499,849,7650,delivered,none,0
OI-000860,ORD-000561,PROD-00016,1,1999,159,1840,delivered,none,0
OI-000861,ORD-000562,PROD-00102,1,1499,0,1499,delivered,none,0
OI-000862,ORD-000563,PROD-00065,1,3599,359,3240,delivered,none,0
OI-000863,ORD-000564,PROD-00120,1,6499,779,5720,delivered,none,0
OI-000864,ORD-000564,PROD-00237,1,73999,8879,65120,delivered,none,0
OI-000865,ORD-000564,PROD-00269,1,2499,299,2200,delivered,none,0
OI-000866,ORD-000565,PROD-00300,1,9999,799,9200,delivered,none,0
OI-000867,ORD-000566,PROD-00099,1,999,0,999,delivered,none,0
OI-000868,ORD-000566,PROD-00161,1,6299,0,6299,delivered,none,0
OI-000869,ORD-000567,PROD-00264,1,23499,2819,20680,delivered,none,0
OI-000870,ORD-000567,PROD-00174,1,7099,851,6248,delivered,none,0
OI-000871,ORD-000567,PROD-00286,1,27499,3299,24200,delivered,none,0
OI-000872,ORD-000568,PROD-00010,1,5999,479,5520,delivered,none,0
OI-000873,ORD-000568,PROD-00006,1,149,11,138,delivered,none,0
OI-000874,ORD-000569,PROD-00127,1,3199,159,3040,delivered,none,0
OI-000875,ORD-000570,PROD-00251,1,8099,0,8099,delivered,none,0
OI-000876,ORD-000571,PROD-00169,2,2599,623,4575,delivered,none,0
OI-000877,ORD-000571,PROD-00013,1,4999,599,4400,delivered,none,0
OI-000878,ORD-000572,PROD-00262,1,10999,0,10999,cancelled,none,12979
OI-000879,ORD-000573,PROD-00030,1,999,79,920,delivered,none,0
OI-000880,ORD-000573,PROD-00174,1,7699,615,7084,delivered,none,0
OI-000881,ORD-000574,PROD-00017,1,149,0,149,delivered,none,0
OI-000882,ORD-000575,PROD-00231,1,77499,0,77499,delivered,none,0
OI-000883,ORD-000575,PROD-00283,1,18499,0,18499,delivered,none,0
OI-000884,ORD-000575,PROD-00264,1,22999,0,22999,delivered,none,0
OI-000885,ORD-000575,PROD-00020,1,159,0,159,delivered,none,0
OI-000886,ORD-000575,PROD-00155,1,156499,0,156499,delivered,none,0
OI-000887,ORD-000576,PROD-00127,1,3199,0,3199,returned,refunded,3775
OI-000888,ORD-000577,PROD-00030,1,1199,0,1199,delivered,none,0
OI-000889,ORD-000577,PROD-00025,2,739,0,1478,delivered,none,0
OI-000890,ORD-000577,PROD-00067,1,5399,0,5399,delivered,none,0
OI-000891,ORD-000577,PROD-00168,3,739,0,2217,delivered,none,0
OI-000892,ORD-000577,PROD-00169,1,2899,0,2899,delivered,none,0
OI-000893,ORD-000578,PROD-00114,1,999,49,950,delivered,none,0
OI-000894,ORD-000579,PROD-00017,1,149,0,149,delivered,none,0
OI-000895,ORD-000580,PROD-00161,1,6899,0,6899,delivered,none,0
OI-000896,ORD-000580,PROD-00251,1,8499,0,8499,delivered,none,0
OI-000897,ORD-000580,PROD-00116,1,30499,0,30499,delivered,none,0
OI-000898,ORD-000580,PROD-00020,1,149,0,149,delivered,none,0
OI-000899,ORD-000581,PROD-00161,1,6899,0,6899,delivered,none,0
OI-000900,ORD-000582,PROD-00248,1,4399,0,4399,delivered,none,0
OI-000901,ORD-000582,PROD-00127,1,2899,0,2899,delivered,none,0
OI-000902,ORD-000583,PROD-00174,1,7299,583,6716,delivered,none,0
OI-000903,ORD-000584,PROD-00096,1,9199,0,9199,returned,refunded,10855
OI-000904,ORD-000585,PROD-00010,1,5699,455,5244,delivered,none,0
OI-000905,ORD-000585,PROD-00086,1,56499,4519,51980,delivered,none,0
OI-000906,ORD-000586,PROD-00057,1,2499,0,2499,cancelled,none,2949
OI-000907,ORD-000587,PROD-00270,1,699,0,699,delivered,none,0
OI-000908,ORD-000587,PROD-00171,1,6199,0,6199,returned,refunded,7315
OI-000909,ORD-000588,PROD-00022,1,1399,0,1399,delivered,none,0
OI-000910,ORD-000589,PROD-00056,1,3599,179,3420,returned,refunded,4036
OI-000911,ORD-000590,PROD-00025,1,779,38,741,delivered,none,0
OI-000912,ORD-000591,PROD-00052,1,5399,0,5399,delivered,none,0
OI-000913,ORD-000591,PROD-00172,2,1099,0,2198,delivered,none,0
OI-000914,ORD-000591,PROD-00169,1,2899,0,2899,delivered,none,0
OI-000915,ORD-000592,PROD-00270,1,729,87,642,delivered,none,0
OI-000916,ORD-000592,PROD-00161,1,7199,863,6336,delivered,none,0
OI-000917,ORD-000592,PROD-00132,1,649,77,572,delivered,none,0
OI-000918,ORD-000593,PROD-00032,2,149,23,275,delivered,none,0
OI-000919,ORD-000594,PROD-00174,1,7299,0,7299,delivered,none,0
OI-000920,ORD-000594,PROD-00007,2,169,0,338,delivered,none,0
OI-000921,ORD-000595,PROD-00026,1,4599,0,4599,delivered,none,0
OI-000922,ORD-000596,PROD-00161,1,6299,503,5796,delivered,none,0
OI-000923,ORD-000596,PROD-00176,1,6499,519,5980,delivered,none,0
OI-000924,ORD-000597,PROD-00174,1,7699,384,7315,delivered,none,0
OI-000925,ORD-000598,PROD-00072,1,6799,0,6799,delivered,none,0
OI-000926,ORD-000598,PROD-00063,1,8299,0,8299,delivered,none,0
OI-000927,ORD-000598,PROD-00098,1,20499,0,20499,delivered,none,0
OI-000928,ORD-000599,PROD-00247,1,13499,0,13499,delivered,none,0
OI-000929,ORD-000600,PROD-00271,1,11499,574,10925,delivered,none,0
OI-000930,ORD-000600,PROD-00127,1,3199,159,3040,delivered,none,0
OI-000931,ORD-000601,PROD-00251,1,7799,935,6864,delivered,none,0
OI-000932,ORD-000602,PROD-00286,1,23999,2879,21120,delivered,none,0
OI-000933,ORD-000602,PROD-00052,1,5899,707,5192,delivered,none,0
OI-000934,ORD-000602,PROD-00127,1,3199,383,2816,delivered,none,0
OI-000935,ORD-000602,PROD-00028,1,4799,575,4224,delivered,none,0
OI-000936,ORD-000603,PROD-00106,1,29499,0,29499,delivered,none,0
OI-000937,ORD-000604,PROD-00120,1,6499,519,5980,delivered,none,0
OI-000938,ORD-000604,PROD-00026,1,4299,343,3956,delivered,none,0
OI-000939,ORD-000604,PROD-00243,1,129999,10399,119600,delivered,none,0
OI-000940,ORD-000604,PROD-00161,1,6899,551,6348,delivered,none,0
OI-000941,ORD-000605,PROD-00072,1,7099,0,7099,delivered,none,0
OI-000942,ORD-000606,PROD-00032,1,149,0,149,delivered,none,0
OI-000943,ORD-000607,PROD-00082,1,879,0,879,delivered,none,0
OI-000944,ORD-000607,PROD-00017,1,159,0,159,delivered,none,0
OI-000945,ORD-000607,PROD-00264,1,22999,0,22999,delivered,none,0
OI-000946,ORD-000608,PROD-00025,1,769,92,677,delivered,none,0
OI-000947,ORD-000609,PROD-00055,1,15499,1859,13640,delivered,none,0
OI-000948,ORD-000609,PROD-00027,1,149,17,132,delivered,none,0
OI-000949,ORD-000610,PROD-00002,1,3199,159,3040,delivered,none,0
OI-000950,ORD-000611,PROD-00068,1,14999,1499,13500,cancelled,none,0
OI-000951,ORD-000611,PROD-00001,1,5199,519,4680,cancelled,none,0
OI-000952,ORD-000611,PROD-00117,1,1899,189,1710,cancelled,none,0
OI-000953,ORD-000612,PROD-00051,1,6099,0,6099,delivered,none,0
OI-000954,ORD-000613,PROD-00270,1,659,0,659,delivered,none,0
OI-000955,ORD-000614,PROD-00122,1,2499,124,2375,delivered,none,0
OI-000956,ORD-000614,PROD-00270,1,729,36,693,delivered,none,0
OI-000957,ORD-000614,PROD-00029,1,149,7,142,delivered,none,0
OI-000958,ORD-000615,PROD-00185,1,6799,543,6256,delivered,none,0
OI-000959,ORD-000616,PROD-00222,2,109499,26279,192719,delivered,none,0
OI-000960,ORD-000617,PROD-00127,1,3199,0,3199,delivered,none,0
OI-000961,ORD-000617,PROD-00050,2,889,0,1778,returned,refunded,2098
OI-000962,ORD-000618,PROD-00114,1,949,75,874,delivered,none,0
OI-000963,ORD-000619,PROD-00025,1,699,69,630,delivered,none,0
OI-000964,ORD-000620,PROD-00047,1,105499,10549,94950,delivered,none,0
OI-000965,ORD-000621,PROD-00206,1,27499,0,27499,delivered,none,0
OI-000966,ORD-000622,PROD-00032,1,149,0,149,delivered,none,0
OI-000967,ORD-000622,PROD-00013,1,5299,0,5299,delivered,none,0
OI-000968,ORD-000623,PROD-00270,1,639,0,639,delivered,none,0
OI-000969,ORD-000624,PROD-00025,1,739,0,739,returned,refunded,872
OI-000970,ORD-000625,PROD-00001,1,5199,415,4784,delivered,none,0
OI-000971,ORD-000626,PROD-00007,1,169,13,156,delivered,none,0
OI-000972,ORD-000627,PROD-00174,1,8299,414,7885,delivered,none,0
OI-000973,ORD-000627,PROD-00051,1,6299,314,5985,delivered,none,0
OI-000974,ORD-000628,PROD-00095,1,14999,0,14999,delivered,none,0
OI-000975,ORD-000628,PROD-00269,2,2499,0,4998,delivered,none,0
OI-000976,ORD-000629,PROD-00270,1,749,37,712,delivered,none,0
OI-000977,ORD-000630,PROD-00125,1,459,36,423,delivered,none,0
OI-000978,ORD-000631,PROD-00247,1,12999,0,12999,delivered,none,0
OI-000979,ORD-000631,PROD-00054,1,7599,0,7599,delivered,none,0
OI-000980,ORD-000632,PROD-00169,1,2899,347,2552,delivered,none,0
OI-000981,ORD-000633,PROD-00120,1,6799,543,6256,delivered,none,0
OI-000982,ORD-000633,PROD-00163,2,469,75,863,delivered,none,0
OI-000983,ORD-000634,PROD-00113,1,3499,279,3220,delivered,none,0
OI-000984,ORD-000635,PROD-00248,1,4799,0,4799,delivered,none,0
OI-000985,ORD-000636,PROD-00127,1,2899,0,2899,delivered,none,0
OI-000986,ORD-000637,PROD-00029,1,149,14,135,delivered,none,0
OI-000987,ORD-000638,PROD-00118,1,549,0,549,returned,refunded,648
OI-000988,ORD-000639,PROD-00072,2,6799,679,12919,delivered,none,0
OI-000989,ORD-000640,PROD-00241,1,26499,0,26499,delivered,none,0
OI-000990,ORD-000641,PROD-00004,1,2399,191,2208,delivered,none,0
OI-000991,ORD-000642,PROD-00006,1,149,0,149,delivered,none,0
OI-000992,ORD-000643,PROD-00251,1,7799,389,7410,delivered,none,0
OI-000993,ORD-000644,PROD-00238,1,29499,2949,26550,cancelled,none,31329
OI-000994,ORD-000644,PROD-00025,2,779,155,1403,cancelled,none,1656
OI-000995,ORD-000645,PROD-00068,1,13999,0,13999,delivered,none,0
OI-000996,ORD-000646,PROD-00174,1,7299,364,6935,delivered,none,0
OI-000997,ORD-000646,PROD-00033,1,5899,294,5605,delivered,none,0
OI-000998,ORD-000647,PROD-00080,1,4299,429,3870,returned,refunded,4567
OI-000999,ORD-000647,PROD-00118,1,579,57,522,delivered,none,0
OI-001000,ORD-000647,PROD-00116,1,28999,2899,26100,returned,refunded,30798
OI-001001,ORD-000647,PROD-00282,1,19999,1999,18000,delivered,none,0
OI-001002,ORD-000648,PROD-00029,1,159,0,159,delivered,none,0
OI-001003,ORD-000649,PROD-00161,1,6899,0,6899,delivered,none,0
OI-001004,ORD-000650,PROD-00265,1,10499,839,9660,delivered,none,0
OI-001005,ORD-000651,PROD-00017,1,149,14,135,delivered,none,0
OI-001006,ORD-000652,PROD-00017,1,149,0,149,delivered,none,0
OI-001007,ORD-000652,PROD-00019,1,2999,0,2999,delivered,none,0
OI-001008,ORD-000652,PROD-00210,1,14499,0,14499,delivered,none,0
OI-001009,ORD-000652,PROD-00270,1,639,0,639,delivered,none,0
OI-001010,ORD-000653,PROD-00001,1,5199,623,4576,delivered,none,0
OI-001011,ORD-000654,PROD-00174,1,7699,0,7699,delivered,none,0
OI-001012,ORD-000654,PROD-00111,1,1099,0,1099,delivered,none,0
OI-001013,ORD-000655,PROD-00168,1,709,0,709,delivered,none,0
OI-001014,ORD-000656,PROD-00031,2,239,0,478,delivered,none,0
OI-001015,ORD-000657,PROD-00289,1,43999,0,43999,delivered,none,0
OI-001016,ORD-000657,PROD-00109,1,3399,0,3399,delivered,none,0
OI-001017,ORD-000657,PROD-00212,1,5099,0,5099,delivered,none,0
OI-001018,ORD-000657,PROD-00007,1,179,0,179,delivered,none,0
OI-001019,ORD-000657,PROD-00174,1,7699,0,7699,delivered,none,0
OI-001020,ORD-000658,PROD-00029,1,149,17,132,delivered,none,0
OI-001021,ORD-000658,PROD-00017,1,139,16,123,delivered,none,0
OI-001022,ORD-000658,PROD-00021,1,3799,455,3344,delivered,none,0
OI-001023,ORD-000659,PROD-00080,1,4499,0,4499,delivered,none,0
OI-001024,ORD-000660,PROD-00278,1,14499,0,14499,cancelled,none,17109
OI-001025,ORD-000661,PROD-00018,1,289,0,289,delivered,none,0
OI-001026,ORD-000661,PROD-00161,1,7399,0,7399,delivered,none,0
OI-001027,ORD-000662,PROD-00111,1,999,49,950,cancelled,none,0
OI-001028,ORD-000663,PROD-00270,1,659,0,659,returned,refunded,778
OI-001029,ORD-000663,PROD-00017,1,149,0,149,delivered,none,0
OI-001030,ORD-000664,PROD-00061,1,4299,0,4299,delivered,none,0
OI-001031,ORD-000664,PROD-00017,2,149,0,298,delivered,none,0
OI-001032,ORD-000664,PROD-00268,1,44999,0,44999,delivered,none,0
OI-001033,ORD-000665,PROD-00064,1,1899,0,1899,delivered,none,0
OI-001034,ORD-000666,PROD-00017,2,139,0,278,delivered,none,0
OI-001035,ORD-000666,PROD-00142,1,181999,0,181999,delivered,none,0
OI-001036,ORD-000667,PROD-00114,1,919,73,846,delivered,none,0
OI-001037,ORD-000668,PROD-00277,1,1099,0,1099,delivered,none,0
OI-001038,ORD-000669,PROD-00300,1,9999,0,9999,delivered,none,0
OI-001039,ORD-000669,PROD-00017,2,149,0,298,delivered,none,0
OI-001040,ORD-000670,PROD-00072,1,6299,0,6299,delivered,none,0
OI-001041,ORD-000671,PROD-00203,1,25499,0,25499,delivered,none,0
OI-001042,ORD-000672,PROD-00251,1,7799,0,7799,returned,refunded,9203
OI-001043,ORD-000673,PROD-00017,1,149,17,132,delivered,none,0
OI-001044,ORD-000674,PROD-00029,1,149,17,132,delivered,none,0
OI-001045,ORD-000674,PROD-00121,1,4699,563,4136,delivered,none,0
OI-001046,ORD-000674,PROD-00132,1,649,77,572,delivered,none,0
OI-001047,ORD-000675,PROD-00017,1,149,17,132,shipped,none,0
OI-001048,ORD-000675,PROD-00003,2,1399,335,2463,shipped,none,0
OI-001049,ORD-000676,PROD-00132,1,619,0,619,delivered,none,0
OI-001050,ORD-000677,PROD-00029,1,149,17,132,returned,refunded,156
OI-001051,ORD-000677,PROD-00052,1,6099,731,5368,delivered,rejected,0
OI-001052,ORD-000677,PROD-00264,1,22999,2759,20240,delivered,rejected,0
OI-001053,ORD-000677,PROD-00055,1,15499,1859,13640,delivered,rejected,0
OI-001054,ORD-000677,PROD-00121,1,4999,599,4400,returned,refunded,5192
OI-001055,ORD-000678,PROD-00021,1,3999,0,3999,delivered,none,0
OI-001056,ORD-000678,PROD-00072,1,6299,0,6299,delivered,none,0
OI-001057,ORD-000679,PROD-00127,1,2999,0,2999,delivered,none,0
OI-001058,ORD-000679,PROD-00174,1,7999,0,7999,delivered,none,0
OI-001059,ORD-000680,PROD-00005,1,5799,0,5799,delivered,none,0
OI-001060,ORD-000681,PROD-00169,1,2799,139,2660,delivered,none,0
OI-001061,ORD-000682,PROD-00099,1,949,113,836,delivered,none,0
OI-001062,ORD-000683,PROD-00096,1,8499,679,7820,delivered,none,0
OI-001063,ORD-000684,PROD-00224,1,123499,14819,108680,delivered,none,0
OI-001064,ORD-000685,PROD-00174,1,7999,639,7360,returned,refunded,8685
OI-001065,ORD-000686,PROD-00061,1,4299,0,4299,delivered,none,0
OI-001066,ORD-000687,PROD-00034,1,149,7,142,delivered,none,0
OI-001067,ORD-000687,PROD-00171,1,6699,334,6365,delivered,none,0
OI-001068,ORD-000687,PROD-00029,2,149,14,284,delivered,none,0
OI-001069,ORD-000688,PROD-00120,1,6499,649,5850,delivered,none,0
OI-001070,ORD-000688,PROD-00025,1,739,73,666,delivered,none,0
OI-001071,ORD-000689,PROD-00030,1,1099,54,1045,delivered,none,0
OI-001072,ORD-000690,PROD-00115,1,1999,159,1840,delivered,none,0
OI-001073,ORD-000691,PROD-00066,2,959,0,1918,cancelled,none,2263
OI-001074,ORD-000691,PROD-00248,1,4599,0,4599,cancelled,none,5427
OI-001075,ORD-000692,PROD-00269,1,2499,0,2499,cancelled,none,2949
OI-001076,ORD-000692,PROD-00161,1,6899,0,6899,cancelled,none,8141
OI-001077,ORD-000693,PROD-00251,1,8499,0,8499,delivered,none,0
OI-001078,ORD-000694,PROD-00031,1,239,0,239,returned,refunded,282
OI-001079,ORD-000694,PROD-00127,1,3299,0,3299,returned,refunded,3893
OI-001080,ORD-000695,PROD-00070,1,509,0,509,delivered,none,0
OI-001081,ORD-000696,PROD-00072,1,6499,649,5850,delivered,none,0
OI-001082,ORD-000697,PROD-00034,1,149,7,142,delivered,none,0
OI-001083,ORD-000697,PROD-00020,1,149,7,142,delivered,none,0
OI-001084,ORD-000697,PROD-00161,1,6599,329,6270,delivered,none,0
OI-001085,ORD-000698,PROD-00116,1,30499,0,30499,cancelled,none,35989
OI-001086,ORD-000699,PROD-00101,1,3299,263,3036,delivered,rejected,0
OI-001087,ORD-000700,PROD-00024,1,1299,129,1170,delivered,none,0
OI-001088,ORD-000700,PROD-00247,1,13499,1349,12150,delivered,none,0
OI-001089,ORD-000701,PROD-00057,1,2499,249,2250,delivered,none,0
OI-001090,ORD-000702,PROD-00189,1,86999,4349,82650,delivered,none,0
OI-001091,ORD-000702,PROD-00014,1,999,49,950,delivered,none,0
OI-001092,ORD-000702,PROD-00020,2,149,14,284,delivered,none,0
OI-001093,ORD-000702,PROD-00017,1,149,7,142,delivered,none,0
OI-001094,ORD-000703,PROD-00127,1,3199,0,3199,delivered,none,0
OI-001095,ORD-000704,PROD-00107,1,1799,0,1799,delivered,none,0
OI-001096,ORD-000705,PROD-00007,1,169,8,161,delivered,none,0
OI-001097,ORD-000705,PROD-00127,1,3199,159,3040,delivered,none,0
OI-001098,ORD-000706,PROD-00029,2,149,29,269,cancelled,none,317
OI-001099,ORD-000707,PROD-00019,1,2899,0,2899,delivered,none,0
OI-001100,ORD-000708,PROD-00266,1,23499,0,23499,delivered,none,0
OI-001101,ORD-000709,PROD-00113,1,3299,395,2904,delivered,none,0
OI-001102,ORD-000710,PROD-00005,1,6299,314,5985,delivered,none,0
OI-001103,ORD-000711,PROD-00299,1,24999,2999,22000,delivered,none,0
OI-001104,ORD-000712,PROD-00101,1,2999,0,2999,delivered,none,0
OI-001105,ORD-000713,PROD-00172,1,1199,0,1199,delivered,none,0
OI-001106,ORD-000714,PROD-00174,1,7999,399,7600,delivered,none,0
OI-001107,ORD-000715,PROD-00084,1,16999,2039,14960,delivered,none,0
OI-001108,ORD-000715,PROD-00008,1,4299,515,3784,delivered,none,0
OI-001109,ORD-000715,PROD-00118,2,599,143,1055,delivered,none,0
OI-001110,ORD-000715,PROD-00174,1,8299,995,7304,delivered,none,0
OI-001111,ORD-000716,PROD-00127,1,2999,0,2999,returned,refunded,3539
OI-001112,ORD-000717,PROD-00057,1,2499,0,2499,delivered,none,0
OI-001113,ORD-000718,PROD-00264,1,22999,1149,21850,delivered,none,0
OI-001114,ORD-000718,PROD-00032,1,149,7,142,delivered,none,0
OI-001115,ORD-000718,PROD-00001,1,5199,259,4940,delivered,none,0
OI-001116,ORD-000718,PROD-00248,2,4799,479,9119,delivered,none,0
OI-001117,ORD-000718,PROD-00122,1,2599,129,2470,delivered,none,0
OI-001118,ORD-000719,PROD-00127,1,3299,0,3299,delivered,none,0
OI-001119,ORD-000720,PROD-00002,1,3199,383,2816,delivered,none,0
OI-001120,ORD-000721,PROD-00072,1,6999,349,6650,delivered,none,0
OI-001121,ORD-000721,PROD-00293,1,67499,3374,64125,delivered,none,0
OI-001122,ORD-000722,PROD-00174,1,7899,947,6952,delivered,none,0
OI-001123,ORD-000723,PROD-00023,1,209,20,189,delivered,none,0
OI-001124,ORD-000724,PROD-00126,1,14999,0,14999,delivered,none,0
OI-001125,ORD-000725,PROD-00017,1,149,0,149,delivered,none,0
OI-001126,ORD-000725,PROD-00161,1,7099,0,7099,delivered,none,0
OI-001127,ORD-000726,PROD-00005,1,5799,463,5336,delivered,none,0
OI-001128,ORD-000726,PROD-00017,1,149,11,138,delivered,none,0
OI-001129,ORD-000727,PROD-00017,2,149,0,298,delivered,none,0
OI-001130,ORD-000728,PROD-00111,1,919,0,919,cancelled,none,1084
OI-001131,ORD-000729,PROD-00034,1,139,16,123,delivered,none,0
OI-001132,ORD-000729,PROD-00267,1,15999,1919,14080,delivered,none,0
OI-001133,ORD-000729,PROD-00161,1,6899,827,6072,delivered,none,0
OI-001134,ORD-000730,PROD-00030,1,1099,0,1099,delivered,none,0
OI-001135,ORD-000730,PROD-00017,3,149,0,447,delivered,none,0
OI-001136,ORD-000730,PROD-00168,1,669,0,669,delivered,none,0
OI-001137,ORD-000731,PROD-00169,1,2799,0,2799,delivered,none,0
OI-001138,ORD-000732,PROD-00113,1,3599,431,3168,delivered,none,0
OI-001139,ORD-000733,PROD-00003,1,1399,0,1399,shipped,none,0
OI-001140,ORD-000734,PROD-00161,1,6899,0,6899,delivered,none,0
OI-001141,ORD-000735,PROD-00004,1,2399,0,2399,returned,refunded,2831
OI-001142,ORD-000736,PROD-00252,1,14499,0,14499,delivered,none,0
OI-001143,ORD-000736,PROD-00080,1,4499,0,4499,delivered,none,0
OI-001144,ORD-000737,PROD-00219,1,62999,6299,56700,delivered,none,0
OI-001145,ORD-000738,PROD-00264,1,21999,1759,20240,delivered,none,0
OI-001146,ORD-000739,PROD-00010,1,5999,719,5280,delivered,none,0
OI-001147,ORD-000740,PROD-00239,1,69499,0,69499,delivered,none,0
OI-001148,ORD-000741,PROD-00240,1,8199,983,7216,delivered,none,0
OI-001149,ORD-000742,PROD-00069,1,1399,0,1399,delivered,none,0
OI-001150,ORD-000743,PROD-00262,1,11499,0,11499,delivered,none,0
OI-001151,ORD-000744,PROD-00174,1,7699,0,7699,delivered,none,0
OI-001152,ORD-000745,PROD-00017,1,149,7,142,delivered,none,0
OI-001153,ORD-000746,PROD-00236,1,44499,0,44499,delivered,none,0
OI-001154,ORD-000747,PROD-00168,1,729,0,729,delivered,none,0
OI-001155,ORD-000747,PROD-00054,1,7799,0,7799,delivered,none,0
OI-001156,ORD-000748,PROD-00029,1,149,17,132,delivered,none,0
OI-001157,ORD-000749,PROD-00253,1,7099,709,6390,delivered,none,0
OI-001158,ORD-000750,PROD-00031,1,239,0,239,delivered,none,0
OI-001159,ORD-000751,PROD-00023,1,179,17,162,delivered,none,0
OI-001160,ORD-000751,PROD-00238,1,30999,3099,27900,delivered,none,0
OI-001161,ORD-000752,PROD-00270,1,699,34,665,delivered,none,0
OI-001162,ORD-000752,PROD-00227,1,51999,2599,49400,delivered,none,0
OI-001163,ORD-000752,PROD-00264,1,22999,1149,21850,delivered,none,0
OI-001164,ORD-000753,PROD-00243,1,129999,0,129999,delivered,none,0
OI-001165,ORD-000754,PROD-00270,1,699,69,630,delivered,none,0
OI-001166,ORD-000755,PROD-00275,1,37999,0,37999,delivered,none,0
OI-001167,ORD-000755,PROD-00174,1,7899,0,7899,delivered,none,0
OI-001168,ORD-000756,PROD-00174,1,7699,384,7315,delivered,none,0
OI-001169,ORD-000757,PROD-00159,1,1799,89,1710,delivered,none,0
OI-001170,ORD-000757,PROD-00032,1,149,7,142,delivered,none,0
OI-001171,ORD-000758,PROD-00242,1,129999,0,129999,delivered,none,0
OI-001172,ORD-000759,PROD-00115,1,1999,0,1999,delivered,none,0
OI-001173,ORD-000760,PROD-00127,1,3199,319,2880,delivered,none,0
OI-001174,ORD-000761,PROD-00161,1,6599,0,6599,delivered,none,0
OI-001175,ORD-000762,PROD-00070,3,469,112,1295,delivered,none,0
OI-001176,ORD-000762,PROD-00002,1,3199,255,2944,delivered,none,0
OI-001177,ORD-000762,PROD-00248,1,4799,383,4416,delivered,none,0
OI-001178,ORD-000763,PROD-00250,1,1799,143,1656,delivered,none,0
OI-001179,ORD-000764,PROD-00199,1,999,99,900,delivered,none,0
OI-001180,ORD-000765,PROD-00299,1,24999,1249,23750,cancelled,none,28025
OI-001181,ORD-000766,PROD-00004,1,2399,287,2112,cancelled,none,2492
OI-001182,ORD-000767,PROD-00174,1,7999,959,7040,delivered,none,0
OI-001183,ORD-000767,PROD-00183,1,27999,3359,24640,delivered,none,0
OI-001184,ORD-000768,PROD-00089,1,21499,2579,18920,delivered,none,0
OI-001185,ORD-000768,PROD-00174,1,7099,851,6248,delivered,none,0
OI-001186,ORD-000769,PROD-00017,2,149,0,298,delivered,none,0
OI-001187,ORD-000769,PROD-00013,1,4999,0,4999,delivered,none,0
OI-001188,ORD-000769,PROD-00264,1,22999,0,22999,delivered,none,0
OI-001189,ORD-000770,PROD-00101,1,3299,263,3036,delivered,none,0
OI-001190,ORD-000770,PROD-00119,1,9899,791,9108,delivered,none,0
OI-001191,ORD-000771,PROD-00017,3,159,0,477,delivered,none,0
OI-001192,ORD-000772,PROD-00017,1,139,13,126,delivered,none,0
OI-001193,ORD-000773,PROD-00069,1,1499,0,1499,delivered,none,0
OI-001194,ORD-000774,PROD-00007,2,179,17,341,delivered,none,0
OI-001195,ORD-000775,PROD-00072,1,6799,0,6799,delivered,none,0
OI-001196,ORD-000775,PROD-00161,1,7099,0,7099,delivered,none,0
OI-001197,ORD-000776,PROD-00161,1,6899,0,6899,delivered,none,0
OI-001198,ORD-000777,PROD-00272,1,19499,974,18525,delivered,none,0
OI-001199,ORD-000777,PROD-00069,2,1399,139,2659,delivered,none,0
OI-001200,ORD-000778,PROD-00057,1,2499,199,2300,delivered,none,0
OI-001201,ORD-000779,PROD-00204,1,27499,3299,24200,delivered,none,0
OI-001202,ORD-000779,PROD-00028,1,4799,575,4224,delivered,none,0
OI-001203,ORD-000780,PROD-00248,1,4599,229,4370,delivered,none,0
OI-001204,ORD-000781,PROD-00031,3,249,0,747,delivered,none,0
OI-001205,ORD-000781,PROD-00251,1,8799,0,8799,delivered,none,0
OI-001206,ORD-000782,PROD-00004,1,2399,0,2399,delivered,none,0
OI-001207,ORD-000783,PROD-00057,1,2499,0,2499,cancelled,none,2949
OI-001208,ORD-000784,PROD-00161,1,6299,629,5670,delivered,none,0
OI-001209,ORD-000785,PROD-00161,1,6899,827,6072,delivered,none,0
OI-001210,ORD-000786,PROD-00020,1,149,0,149,delivered,none,0
OI-001211,ORD-000786,PROD-00017,1,149,0,149,delivered,none,0
OI-001212,ORD-000786,PROD-00034,1,159,0,159,delivered,none,0
OI-001213,ORD-000787,PROD-00004,1,2399,0,2399,delivered,none,0
OI-001214,ORD-000788,PROD-00264,1,22999,0,22999,delivered,none,0
OI-001215,ORD-000789,PROD-00013,1,4999,599,4400,returned,refunded,5192
OI-001216,ORD-000790,PROD-00097,1,1199,95,1104,cancelled,none,0
OI-001217,ORD-000791,PROD-00176,1,7399,0,7399,delivered,none,0
OI-001218,ORD-000792,PROD-00119,1,10499,0,10499,delivered,none,0
OI-001219,ORD-000793,PROD-00161,1,6299,314,5985,cancelled,none,0
OI-001220,ORD-000794,PROD-00290,1,46999,3759,43240,delivered,none,0
OI-001221,ORD-000795,PROD-00066,2,959,0,1918,delivered,none,0
OI-001222,ORD-000795,PROD-00020,1,149,0,149,delivered,none,0
OI-001223,ORD-000796,PROD-00259,1,8699,1043,7656,delivered,none,0
OI-001224,ORD-000796,PROD-00269,1,2499,299,2200,delivered,none,0
OI-001225,ORD-000797,PROD-00013,1,5199,415,4784,delivered,rejected,0
OI-001226,ORD-000798,PROD-00020,1,149,17,132,delivered,none,0
OI-001227,ORD-000798,PROD-00127,1,3199,383,2816,delivered,none,0
OI-001228,ORD-000799,PROD-00072,1,6799,815,5984,delivered,none,0
OI-001229,ORD-000800,PROD-00017,1,149,0,149,delivered,none,0
OI-001230,ORD-000801,PROD-00013,1,5299,529,4770,delivered,none,0
OI-001231,ORD-000801,PROD-00029,1,149,14,135,delivered,none,0
OI-001232,ORD-000801,PROD-00264,1,22999,2299,20700,delivered,none,0
OI-001233,ORD-000801,PROD-00014,1,989,98,891,delivered,none,0
OI-001234,ORD-000802,PROD-00032,1,149,0,149,delivered,none,0
OI-001235,ORD-000803,PROD-00174,1,7699,769,6930,delivered,none,0
OI-001236,ORD-000803,PROD-00152,1,221499,22149,199350,delivered,none,0
OI-001237,ORD-000803,PROD-00032,1,149,14,135,delivered,none,0
OI-001238,ORD-000804,PROD-00270,1,699,34,665,delivered,none,0
OI-001239,ORD-000805,PROD-00032,1,149,11,138,delivered,none,0
OI-001240,ORD-000805,PROD-00168,1,669,53,616,delivered,none,0
OI-001241,ORD-000806,PROD-00051,1,6099,609,5490,delivered,none,0
OI-001242,ORD-000807,PROD-00009,1,2599,0,2599,delivered,none,0
OI-001243,ORD-000808,PROD-00278,1,13999,0,13999,returned,refunded,16519
OI-001244,ORD-000809,PROD-00144,1,34999,0,34999,delivered,none,0
OI-001245,ORD-000810,PROD-00033,1,6399,0,6399,delivered,none,0
OI-001246,ORD-000811,PROD-00270,1,699,0,699,delivered,none,0
OI-001247,ORD-000811,PROD-00118,2,579,0,1158,delivered,none,0
OI-001248,ORD-000812,PROD-00174,1,7699,384,7315,delivered,none,0
OI-001249,ORD-000812,PROD-00197,1,6399,319,6080,delivered,none,0
OI-001250,ORD-000813,PROD-00018,1,289,0,289,returned,refunded,341
OI-001251,ORD-000814,PROD-00111,1,999,79,920,delivered,none,0
OI-001252,ORD-000815,PROD-00123,1,17499,0,17499,delivered,none,0
OI-001253,ORD-000816,PROD-00251,1,8499,679,7820,delivered,none,0
OI-001254,ORD-000817,PROD-00051,1,6099,0,6099,returned,refunded,7197
OI-001255,ORD-000818,PROD-00017,1,149,0,149,delivered,none,0
OI-001256,ORD-000819,PROD-00089,1,20499,0,20499,returned,refunded,24189
OI-001257,ORD-000820,PROD-00104,1,12499,0,12499,delivered,none,0
OI-001258,ORD-000821,PROD-00005,1,6299,314,5985,delivered,none,0
OI-001259,ORD-000821,PROD-00102,1,1599,79,1520,delivered,none,0
OI-001260,ORD-000821,PROD-00029,1,159,7,152,delivered,none,0
OI-001261,ORD-000821,PROD-00171,1,6699,334,6365,delivered,none,0
OI-001262,ORD-000821,PROD-00256,1,15499,774,14725,delivered,none,0
OI-001263,ORD-000822,PROD-00032,2,149,14,284,delivered,none,0
OI-001264,ORD-000822,PROD-00264,1,22999,1149,21850,delivered,none,0
OI-001265,ORD-000823,PROD-00108,1,7999,0,7999,delivered,none,0
OI-001266,ORD-000824,PROD-00017,1,149,11,138,delivered,none,0
OI-001267,ORD-000825,PROD-00024,1,1299,0,1299,delivered,none,0
OI-001268,ORD-000826,PROD-00174,1,7699,0,7699,delivered,none,0
OI-001269,ORD-000826,PROD-00017,2,149,0,298,delivered,none,0
OI-001270,ORD-000827,PROD-00161,1,6899,0,6899,delivered,none,0
OI-001271,ORD-000828,PROD-00168,3,729,0,2187,delivered,none,0
OI-001272,ORD-000829,PROD-00165,1,3899,194,3705,delivered,none,0
OI-001273,ORD-000829,PROD-00030,1,1099,54,1045,delivered,none,0
OI-001274,ORD-000830,PROD-00127,1,2999,0,2999,delivered,none,0
OI-001275,ORD-000830,PROD-00059,1,499,0,499,delivered,none,0
OI-001276,ORD-000831,PROD-00070,1,499,0,499,delivered,none,0
OI-001277,ORD-000831,PROD-00116,1,31499,0,31499,delivered,none,0
OI-001278,ORD-000831,PROD-00001,1,5399,0,5399,delivered,none,0
OI-001279,ORD-000832,PROD-00269,1,2699,215,2484,delivered,none,0
OI-001280,ORD-000832,PROD-00005,1,5799,463,5336,delivered,none,0
OI-001281,ORD-000833,PROD-00136,1,68499,0,68499,delivered,none,0
OI-001282,ORD-000834,PROD-00111,1,999,79,920,delivered,none,0
OI-001283,ORD-000835,PROD-00256,1,15499,1859,13640,returned,refunded,16095
OI-001284,ORD-000836,PROD-00052,1,5899,294,5605,delivered,none,0
OI-001285,ORD-000837,PROD-00174,1,7699,0,7699,delivered,none,0
OI-001286,ORD-000838,PROD-00111,1,999,0,999,delivered,none,0
OI-001287,ORD-000839,PROD-00257,1,7099,567,6532,delivered,none,0
OI-001288,ORD-000840,PROD-00124,1,1499,0,1499,delivered,none,0
OI-001289,ORD-000840,PROD-00126,1,13999,0,13999,delivered,none,0
OI-001290,ORD-000841,PROD-00174,1,7999,0,7999,delivered,none,0
OI-001291,ORD-000841,PROD-00105,1,32999,0,32999,delivered,none,0
OI-001292,ORD-000842,PROD-00264,1,24999,0,24999,delivered,none,0
OI-001293,ORD-000842,PROD-00111,1,949,0,949,delivered,none,0
OI-001294,ORD-000843,PROD-00029,1,149,14,135,delivered,none,0
OI-001295,ORD-000844,PROD-00027,1,149,7,142,delivered,none,0
OI-001296,ORD-000845,PROD-00168,2,649,155,1143,delivered,none,0
OI-001297,ORD-000845,PROD-00243,1,129999,15599,114400,delivered,none,0
OI-001298,ORD-000846,PROD-00030,1,1099,0,1099,delivered,none,0
OI-001299,ORD-000847,PROD-00039,1,3499,419,3080,delivered,none,0
OI-001300,ORD-000848,PROD-00174,1,7999,799,7200,delivered,none,0
OI-001301,ORD-000849,PROD-00111,1,999,0,999,delivered,none,0
OI-001302,ORD-000850,PROD-00226,1,7499,374,7125,cancelled,none,8408
OI-001303,ORD-000850,PROD-00012,1,139,6,133,cancelled,none,157
OI-001304,ORD-000851,PROD-00161,1,6899,689,6210,delivered,none,0
OI-001305,ORD-000852,PROD-00138,1,143999,11519,132480,delivered,none,0
OI-001306,ORD-000852,PROD-00053,1,5299,423,4876,delivered,none,0
OI-001307,ORD-000853,PROD-00174,1,7699,384,7315,delivered,none,0
OI-001308,ORD-000853,PROD-00254,1,1799,89,1710,delivered,none,0
OI-001309,ORD-000854,PROD-00029,1,149,0,149,delivered,none,0
OI-001310,ORD-000855,PROD-00261,1,22999,2759,20240,delivered,none,0
OI-001311,ORD-000856,PROD-00161,1,7399,0,7399,delivered,none,0
OI-001312,ORD-000856,PROD-00101,1,3299,0,3299,delivered,none,0
OI-001313,ORD-000857,PROD-00016,1,1999,0,1999,delivered,none,0
OI-001314,ORD-000858,PROD-00026,1,4399,0,4399,delivered,none,0
OI-001315,ORD-000858,PROD-00069,1,1399,0,1399,delivered,none,0
OI-001316,ORD-000859,PROD-00251,1,8799,703,8096,delivered,none,0
OI-001317,ORD-000860,PROD-00029,1,149,0,149,cancelled,none,176
OI-001318,ORD-000860,PROD-00059,1,499,0,499,cancelled,none,589
OI-001319,ORD-000860,PROD-00269,1,2699,0,2699,cancelled,none,3185
OI-001320,ORD-000861,PROD-00174,1,7699,0,7699,delivered,none,0
OI-001321,ORD-000861,PROD-00057,1,2699,0,2699,delivered,none,0
OI-001322,ORD-000861,PROD-00017,1,149,0,149,delivered,none,0
OI-001323,ORD-000862,PROD-00174,1,7699,0,7699,delivered,none,0
OI-001324,ORD-000863,PROD-00236,1,44499,2224,42275,delivered,none,0
OI-001325,ORD-000863,PROD-00022,1,1399,69,1330,delivered,none,0
OI-001326,ORD-000864,PROD-00021,1,4199,0,4199,delivered,none,0
OI-001327,ORD-000864,PROD-00161,1,6899,0,6899,delivered,none,0
OI-001328,ORD-000865,PROD-00005,1,5799,579,5220,delivered,none,0
OI-001329,ORD-000866,PROD-00067,1,5399,0,5399,delivered,none,0
OI-001330,ORD-000867,PROD-00056,1,3599,0,3599,delivered,none,0
OI-001331,ORD-000868,PROD-00120,1,6499,0,6499,delivered,none,0
OI-001332,ORD-000869,PROD-00099,1,999,0,999,delivered,none,0
OI-001333,ORD-000869,PROD-00169,2,2799,0,5598,delivered,none,0
OI-001334,ORD-000870,PROD-00161,1,6599,329,6270,delivered,none,0
OI-001335,ORD-000871,PROD-00168,1,669,33,636,delivered,none,0
OI-001336,ORD-000872,PROD-00120,1,6999,349,6650,delivered,none,0
OI-001337,ORD-000873,PROD-00018,1,289,23,266,delivered,none,0
OI-001338,ORD-000873,PROD-00225,1,17999,1439,16560,delivered,none,0
OI-001339,ORD-000874,PROD-00127,1,2899,0,2899,delivered,none,0
OI-001340,ORD-000875,PROD-00174,1,7699,0,7699,delivered,none,0
OI-001341,ORD-000876,PROD-00002,1,3199,319,2880,delivered,none,0
OI-001342,ORD-000877,PROD-00072,1,7299,729,6570,delivered,none,0
OI-001343,ORD-000878,PROD-00142,1,165999,8299,157700,delivered,none,0
OI-001344,ORD-000878,PROD-00161,1,7399,369,7030,delivered,none,0
OI-001345,ORD-000879,PROD-00269,1,2499,0,2499,cancelled,none,2949
OI-001346,ORD-000879,PROD-00114,1,999,0,999,cancelled,none,1179
OI-001347,ORD-000880,PROD-00259,1,8299,663,7636,delivered,none,0
OI-001348,ORD-000881,PROD-00174,1,7699,0,7699,delivered,none,0
OI-001349,ORD-000881,PROD-00127,1,2999,0,2999,delivered,none,0
OI-001350,ORD-000882,PROD-00279,1,20499,0,20499,delivered,none,0
OI-001351,ORD-000883,PROD-00249,1,8899,0,8899,delivered,none,0
OI-001352,ORD-000883,PROD-00268,1,46499,0,46499,delivered,none,0
OI-001353,ORD-000884,PROD-00114,1,999,0,999,delivered,none,0
OI-001354,ORD-000885,PROD-00017,1,149,11,138,delivered,none,0
OI-001355,ORD-000886,PROD-00052,1,5899,0,5899,delivered,none,0
OI-001356,ORD-000886,PROD-00270,1,729,0,729,delivered,none,0
OI-001357,ORD-000886,PROD-00241,1,26499,0,26499,delivered,none,0
OI-001358,ORD-000886,PROD-00246,1,15499,0,15499,delivered,none,0
OI-001359,ORD-000886,PROD-00080,1,4099,0,4099,delivered,none,0
OI-001360,ORD-000887,PROD-00018,2,289,46,532,delivered,none,0
OI-001361,ORD-000888,PROD-00008,1,4299,0,4299,cancelled,none,0
OI-001362,ORD-000888,PROD-00168,1,649,0,649,cancelled,none,0
OI-001363,ORD-000889,PROD-00161,1,7399,739,6660,delivered,none,0
OI-001364,ORD-000890,PROD-00032,1,149,0,149,delivered,none,0
OI-001365,ORD-000890,PROD-00174,1,7999,0,7999,delivered,none,0
OI-001366,ORD-000891,PROD-00005,1,5799,0,5799,returned,refunded,6843
OI-001367,ORD-000892,PROD-00283,1,18499,924,17575,delivered,none,0
OI-001368,ORD-000893,PROD-00121,1,5099,254,4845,delivered,none,0
OI-001369,ORD-000893,PROD-00300,1,9999,499,9500,delivered,none,0
OI-001370,ORD-000894,PROD-00220,1,23499,2819,20680,delivered,none,0
OI-001371,ORD-000895,PROD-00125,1,499,0,499,delivered,none,0
OI-001372,ORD-000896,PROD-00101,1,3399,0,3399,delivered,none,0
OI-001373,ORD-000897,PROD-00127,1,3199,0,3199,delivered,none,0
OI-001374,ORD-000898,PROD-00013,1,5199,0,5199,delivered,none,0
OI-001375,ORD-000898,PROD-00017,1,149,0,149,delivered,none,0
OI-001376,ORD-000899,PROD-00161,1,7199,575,6624,delivered,none,0
OI-001377,ORD-000899,PROD-00174,1,7699,615,7084,delivered,none,0
OI-001378,ORD-000900,PROD-00108,1,7999,0,7999,delivered,none,0
OI-001379,ORD-000900,PROD-00114,1,999,0,999,delivered,none,0
OI-001380,ORD-000900,PROD-00251,1,8799,0,8799,delivered,none,0
OI-001381,ORD-000901,PROD-00051,1,6299,314,5985,delivered,none,0
OI-001382,ORD-000902,PROD-00132,1,699,83,616,delivered,none,0
OI-001383,ORD-000903,PROD-00261,1,22499,2699,19800,delivered,none,0
OI-001384,ORD-000904,PROD-00222,1,103999,12479,91520,delivered,none,0
OI-001385,ORD-000904,PROD-00069,1,1399,167,1232,delivered,none,0
OI-001386,ORD-000905,PROD-00170,1,3199,0,3199,delivered,none,0
OI-001387,ORD-000906,PROD-00025,1,739,59,680,delivered,none,0
OI-001388,ORD-000907,PROD-00029,1,149,0,149,delivered,none,0
OI-001389,ORD-000908,PROD-00017,1,149,0,149,delivered,none,0
OI-001390,ORD-000909,PROD-00029,2,149,23,275,delivered,none,0
OI-001391,ORD-000910,PROD-00127,1,3299,263,3036,delivered,none,0
OI-001392,ORD-000911,PROD-00017,3,139,50,367,delivered,none,0
OI-001393,ORD-000911,PROD-00025,1,739,88,651,delivered,none,0
OI-001394,ORD-000912,PROD-00114,1,999,0,999,returned,refunded,1179
OI-001395,ORD-000913,PROD-00003,1,1299,103,1196,cancelled,none,0
OI-001396,ORD-000914,PROD-00072,1,6799,0,6799,delivered,none,0
OI-001397,ORD-000914,PROD-00067,1,5399,0,5399,delivered,none,0
OI-001398,ORD-000915,PROD-00215,1,76499,0,76499,delivered,none,0
OI-001399,ORD-000916,PROD-00020,1,149,0,149,delivered,none,0
OI-001400,ORD-000916,PROD-00054,1,7599,0,7599,delivered,none,0
OI-001401,ORD-000916,PROD-00198,1,749,0,749,delivered,none,0
OI-001402,ORD-000917,PROD-00025,3,739,0,2217,delivered,none,0
OI-001403,ORD-000917,PROD-00176,1,6699,0,6699,delivered,none,0
OI-001404,ORD-000917,PROD-00072,1,6799,0,6799,delivered,none,0
OI-001405,ORD-000917,PROD-00017,1,149,0,149,delivered,none,0
OI-001406,ORD-000918,PROD-00193,1,38999,3899,35100,delivered,none,0
OI-001407,ORD-000919,PROD-00017,3,149,35,412,delivered,none,0
OI-001408,ORD-000920,PROD-00265,1,10499,0,10499,delivered,none,0
OI-001409,ORD-000921,PROD-00130,1,12499,624,11875,delivered,none,0
OI-001410,ORD-000921,PROD-00231,1,79999,3999,76000,delivered,none,0
OI-001411,ORD-000922,PROD-00132,3,669,100,1907,delivered,none,0
OI-001412,ORD-000922,PROD-00250,1,1999,99,1900,delivered,none,0
OI-001413,ORD-000923,PROD-00065,1,3599,359,3240,delivered,none,0
OI-001414,ORD-000924,PROD-00295,1,62499,0,62499,returned,refunded,73749
OI-001415,ORD-000925,PROD-00076,1,17499,2099,15400,delivered,none,0
OI-001416,ORD-000925,PROD-00102,1,1399,167,1232,delivered,none,0
OI-001417,ORD-000926,PROD-00183,1,30499,0,30499,delivered,none,0
OI-001418,ORD-000927,PROD-00032,1,149,0,149,delivered,none,0
OI-001419,ORD-000928,PROD-00174,1,8299,0,8299,delivered,none,0
OI-001420,ORD-000928,PROD-00220,1,23499,0,23499,delivered,none,0
OI-001421,ORD-000929,PROD-00029,1,159,0,159,delivered,none,0
OI-001422,ORD-000930,PROD-00017,1,149,11,138,delivered,none,0
OI-001423,ORD-000931,PROD-00002,1,3499,279,3220,delivered,none,0
OI-001424,ORD-000932,PROD-00109,1,3299,329,2970,delivered,none,0
OI-001425,ORD-000933,PROD-00283,1,18499,1849,16650,delivered,none,0
OI-001426,ORD-000934,PROD-00163,1,479,23,456,delivered,none,0
OI-001427,ORD-000935,PROD-00017,1,149,7,142,delivered,none,0
OI-001428,ORD-000936,PROD-00174,1,8299,0,8299,delivered,none,0
OI-001429,ORD-000937,PROD-00017,2,149,0,298,returned,refunded,352
OI-001430,ORD-000938,PROD-00264,1,22999,0,22999,delivered,none,0
OI-001431,ORD-000939,PROD-00017,1,149,0,149,delivered,none,0
OI-001432,ORD-000939,PROD-00095,1,13999,0,13999,delivered,none,0
OI-001433,ORD-000940,PROD-00003,1,1499,149,1350,delivered,none,0
OI-001434,ORD-000940,PROD-00264,1,23999,2399,21600,delivered,none,0
OI-001435,ORD-000940,PROD-00127,1,3199,319,2880,delivered,none,0
OI-001436,ORD-000940,PROD-00053,1,5499,549,4950,delivered,none,0
OI-001437,ORD-000941,PROD-00017,2,149,0,298,delivered,none,0
OI-001438,ORD-000942,PROD-00029,1,149,14,135,delivered,none,0
OI-001439,ORD-000943,PROD-00006,2,149,0,298,delivered,none,0
OI-001440,ORD-000944,PROD-00017,2,149,35,263,delivered,none,0
OI-001441,ORD-000945,PROD-00011,1,289,0,289,delivered,none,0
OI-001442,ORD-000946,PROD-00055,1,15499,774,14725,delivered,none,0
OI-001443,ORD-000947,PROD-00176,1,7099,709,6390,delivered,none,0
OI-001444,ORD-000948,PROD-00174,1,7699,0,7699,delivered,none,0
OI-001445,ORD-000948,PROD-00092,1,739,0,739,delivered,none,0
OI-001446,ORD-000948,PROD-00219,1,62999,0,62999,delivered,none,0
OI-001447,ORD-000949,PROD-00174,1,7699,769,6930,cancelled,none,8177
OI-001448,ORD-000949,PROD-00013,1,4599,459,4140,cancelled,none,4885
OI-001449,ORD-000949,PROD-00168,1,709,70,639,cancelled,none,754
OI-001450,ORD-000950,PROD-00073,1,1099,131,968,delivered,none,0
OI-001451,ORD-000951,PROD-00057,1,2599,0,2599,delivered,none,0
OI-001452,ORD-000952,PROD-00114,1,999,79,920,delivered,none,0
OI-001453,ORD-000952,PROD-00032,1,139,11,128,delivered,none,0
OI-001454,ORD-000953,PROD-00101,1,3599,0,3599,delivered,none,0
OI-001455,ORD-000954,PROD-00029,1,159,15,144,cancelled,none,0
OI-001456,ORD-000955,PROD-00252,1,13999,699,13300,cancelled,none,15694
OI-001457,ORD-000955,PROD-00127,1,3299,164,3135,cancelled,none,3699
OI-001458,ORD-000956,PROD-00017,1,149,17,132,delivered,none,0
OI-001459,ORD-000956,PROD-00174,1,7699,923,6776,delivered,none,0
OI-001460,ORD-000957,PROD-00127,2,3199,0,6398,delivered,none,0
OI-001461,ORD-000957,PROD-00052,1,5899,0,5899,delivered,none,0
OI-001462,ORD-000958,PROD-00165,1,3899,0,3899,delivered,none,0
OI-001463,ORD-000958,PROD-00055,1,15499,0,15499,delivered,none,0
OI-001464,ORD-000959,PROD-00029,2,139,0,278,delivered,none,0
OI-001465,ORD-000960,PROD-00174,1,7699,0,7699,returned,refunded,9085
OI-001466,ORD-000961,PROD-00120,1,6999,0,6999,delivered,none,0
OI-001467,ORD-000961,PROD-00001,1,4899,0,4899,delivered,none,0
OI-001468,ORD-000961,PROD-00121,1,5099,0,5099,delivered,none,0
OI-001469,ORD-000962,PROD-00264,1,21999,2639,19360,delivered,none,0
OI-001470,ORD-000963,PROD-00017,1,149,0,149,returned,refunded,176
OI-001471,ORD-000963,PROD-00269,1,2699,0,2699,returned,refunded,3185
OI-001472,ORD-000964,PROD-00017,1,139,0,139,delivered,none,0
OI-001473,ORD-000964,PROD-00033,1,6899,0,6899,delivered,none,0
OI-001474,ORD-000965,PROD-00017,1,149,0,149,delivered,none,0
OI-001475,ORD-000966,PROD-00288,1,75999,0,75999,delivered,none,0
OI-001476,ORD-000967,PROD-00099,1,949,0,949,delivered,none,0
OI-001477,ORD-000968,PROD-00031,2,239,0,478,delivered,none,0
OI-001478,ORD-000968,PROD-00050,1,859,0,859,delivered,none,0
OI-001479,ORD-000969,PROD-00168,1,709,35,674,delivered,none,0
OI-001480,ORD-000970,PROD-00112,1,5499,549,4950,delivered,none,0
OI-001481,ORD-000970,PROD-00211,1,5699,569,5130,delivered,none,0
OI-001482,ORD-000971,PROD-00127,1,3199,0,3199,delivered,none,0
OI-001483,ORD-000972,PROD-00127,1,3199,0,3199,cancelled,none,3775
OI-001484,ORD-000972,PROD-00017,1,139,0,139,cancelled,none,164
OI-001485,ORD-000973,PROD-00029,1,149,0,149,delivered,none,0
OI-001486,ORD-000973,PROD-00127,1,3199,0,3199,delivered,none,0
OI-001487,ORD-000973,PROD-00168,1,709,0,709,delivered,none,0
OI-001488,ORD-000974,PROD-00264,1,22999,2299,20700,delivered,none,0
OI-001489,ORD-000975,PROD-00072,1,7299,583,6716,delivered,none,0
OI-001490,ORD-000976,PROD-00072,1,6799,0,6799,delivered,none,0
OI-001491,ORD-000976,PROD-00026,1,4299,0,4299,delivered,none,0
OI-001492,ORD-000977,PROD-00161,1,6899,0,6899,delivered,none,0
OI-001493,ORD-000978,PROD-00174,1,7299,364,6935,delivered,none,0
OI-001494,ORD-000978,PROD-00005,1,5799,289,5510,delivered,none,0
OI-001495,ORD-000979,PROD-00174,1,7699,0,7699,delivered,none,0
OI-001496,ORD-000980,PROD-00021,1,4099,491,3608,delivered,none,0
OI-001497,ORD-000981,PROD-00247,1,12999,1039,11960,delivered,none,0
OI-001498,ORD-000982,PROD-00064,1,1899,0,1899,delivered,none,0
OI-001499,ORD-000983,PROD-00021,1,3999,319,3680,delivered,none,0
OI-001500,ORD-000983,PROD-00065,1,3599,287,3312,delivered,none,0
OI-001501,ORD-000983,PROD-00283,1,18999,1519,17480,delivered,none,0
OI-001502,ORD-000983,PROD-00025,2,739,118,1360,delivered,none,0
OI-001503,ORD-000983,PROD-00011,1,309,24,285,delivered,none,0
OI-001504,ORD-000984,PROD-00175,1,759,37,722,delivered,none,0
OI-001505,ORD-000984,PROD-00283,1,18999,949,18050,delivered,none,0
OI-001506,ORD-000984,PROD-00013,1,4999,249,4750,delivered,none,0
OI-001507,ORD-000984,PROD-00029,1,149,7,142,delivered,none,0
OI-001508,ORD-000985,PROD-00069,1,1399,111,1288,returned,refunded,1520
OI-001509,ORD-000986,PROD-00275,1,34499,0,34499,delivered,none,0
OI-001510,ORD-000987,PROD-00262,1,11999,959,11040,delivered,none,0
OI-001511,ORD-000987,PROD-00174,1,7699,615,7084,delivered,none,0
OI-001512,ORD-000988,PROD-00030,1,999,119,880,delivered,none,0
OI-001513,ORD-000989,PROD-00251,1,8499,0,8499,delivered,none,0
OI-001514,ORD-000990,PROD-00161,1,6899,0,6899,delivered,none,0
OI-001515,ORD-000991,PROD-00016,1,1799,89,1710,delivered,none,0
OI-001516,ORD-000991,PROD-00251,1,8499,424,8075,delivered,none,0
OI-001517,ORD-000992,PROD-00174,1,7699,0,7699,delivered,none,0
OI-001518,ORD-000992,PROD-00011,1,309,0,309,delivered,none,0
OI-001519,ORD-000992,PROD-00269,1,2599,0,2599,delivered,none,0
OI-001520,ORD-000992,PROD-00069,1,1299,0,1299,delivered,none,0
OI-001521,ORD-000993,PROD-00258,1,2199,263,1936,delivered,none,0
OI-001522,ORD-000993,PROD-00270,1,699,83,616,delivered,none,0
OI-001523,ORD-000993,PROD-00199,1,1099,131,968,delivered,none,0
OI-001524,ORD-000994,PROD-00269,1,2699,269,2430,delivered,none,0
OI-001525,ORD-000995,PROD-00070,1,499,49,450,delivered,none,0
OI-001526,ORD-000995,PROD-00222,1,109499,10949,98550,delivered,none,0
OI-001527,ORD-000996,PROD-00174,1,7699,0,7699,delivered,none,0
OI-001528,ORD-000996,PROD-00176,1,7099,0,7099,delivered,none,0
OI-001529,ORD-000996,PROD-00168,1,729,0,729,delivered,none,0
OI-001530,ORD-000996,PROD-00029,1,139,0,139,delivered,none,0
OI-001531,ORD-000996,PROD-00018,1,309,0,309,delivered,none,0
OI-001532,ORD-000997,PROD-00260,1,4999,0,4999,delivered,none,0
OI-001533,ORD-000998,PROD-00290,1,46999,0,46999,delivered,none,0
OI-001534,ORD-000999,PROD-00017,1,149,11,138,delivered,none,0
OI-001535,ORD-001000,PROD-00020,2,149,0,298,delivered,none,0
OI-001536,ORD-001001,PROD-00203,1,26999,0,26999,delivered,none,0
OI-001537,ORD-001002,PROD-00176,1,7699,0,7699,delivered,none,0
OI-001538,ORD-001003,PROD-00174,1,7699,923,6776,cancelled,none,0
OI-001539,ORD-001004,PROD-00111,1,999,119,880,cancelled,none,0
OI-001540,ORD-001005,PROD-00174,1,7999,0,7999,delivered,none,0
OI-001541,ORD-001005,PROD-00050,1,939,0,939,delivered,none,0
OI-001542,ORD-001005,PROD-00019,1,2999,0,2999,delivered,none,0
OI-001543,ORD-001005,PROD-00124,1,1499,0,1499,delivered,none,0
OI-001544,ORD-001006,PROD-00157,1,165999,8299,157700,delivered,none,0
OI-001545,ORD-001006,PROD-00024,1,1299,64,1235,delivered,none,0
OI-001546,ORD-001007,PROD-00167,1,2699,0,2699,cancelled,none,3185
OI-001547,ORD-001008,PROD-00018,1,269,0,269,delivered,none,0
OI-001548,ORD-001009,PROD-00161,1,6899,0,6899,delivered,none,0
OI-001549,ORD-001009,PROD-00132,1,619,0,619,delivered,none,0
OI-001550,ORD-001009,PROD-00017,1,149,0,149,delivered,none,0
OI-001551,ORD-001010,PROD-00132,1,669,53,616,delivered,none,0
OI-001552,ORD-001011,PROD-00024,1,1299,0,1299,delivered,none,0
OI-001553,ORD-001011,PROD-00195,1,1099,0,1099,delivered,none,0
OI-001554,ORD-001011,PROD-00064,1,1999,0,1999,delivered,none,0
OI-001555,ORD-001012,PROD-00020,1,149,11,138,delivered,none,0
OI-001556,ORD-001012,PROD-00161,1,7399,591,6808,returned,refunded,8033
OI-001557,ORD-001013,PROD-00161,1,6899,0,6899,delivered,none,0
OI-001558,ORD-001013,PROD-00084,1,18499,0,18499,delivered,none,0
OI-001559,ORD-001014,PROD-00127,1,3199,159,3040,delivered,none,0
OI-001560,ORD-001015,PROD-00056,1,3599,431,3168,delivered,none,0
OI-001561,ORD-001016,PROD-00020,1,149,11,138,returned,refunded,163
OI-001562,ORD-001017,PROD-00176,1,6699,803,5896,delivered,none,0
OI-001563,ORD-001018,PROD-00021,1,4299,0,4299,delivered,none,0
OI-001564,ORD-001019,PROD-00247,1,13499,1619,11880,delivered,none,0
OI-001565,ORD-001020,PROD-00116,1,31499,1574,29925,delivered,none,0
OI-001566,ORD-001021,PROD-00120,1,6499,0,6499,delivered,none,0
OI-001567,ORD-001021,PROD-00032,1,149,0,149,delivered,none,0
OI-001568,ORD-001021,PROD-00034,1,159,0,159,delivered,none,0
OI-001569,ORD-001022,PROD-00052,1,5599,447,5152,delivered,none,0
OI-001570,ORD-001023,PROD-00032,1,149,0,149,delivered,none,0
OI-001571,ORD-001024,PROD-00174,1,7999,0,7999,delivered,none,0
OI-001572,ORD-001024,PROD-00050,1,939,0,939,delivered,none,0
OI-001573,ORD-001024,PROD-00024,2,1399,0,2798,delivered,none,0
OI-001574,ORD-001025,PROD-00051,1,6099,304,5795,cancelled,none,6838
OI-001575,ORD-001026,PROD-00251,1,8499,1019,7480,delivered,none,0
OI-001576,ORD-001027,PROD-00053,1,5799,289,5510,delivered,none,0
OI-001577,ORD-001027,PROD-00161,1,6899,344,6555,delivered,none,0
OI-001578,ORD-001028,PROD-00121,1,4599,367,4232,delivered,none,0
OI-001579,ORD-001029,PROD-00127,1,3199,0,3199,delivered,none,0
OI-001580,ORD-001030,PROD-00032,1,149,0,149,delivered,none,0
OI-001581,ORD-001031,PROD-00003,1,1399,0,1399,delivered,none,0
OI-001582,ORD-001031,PROD-00126,1,14499,0,14499,delivered,none,0
OI-001583,ORD-001031,PROD-00065,1,3599,0,3599,delivered,none,0
OI-001584,ORD-001031,PROD-00169,1,2699,0,2699,delivered,none,0
OI-001585,ORD-001032,PROD-00248,1,4799,0,4799,delivered,none,0
OI-001586,ORD-001033,PROD-00114,1,999,0,999,delivered,none,0
OI-001587,ORD-001034,PROD-00017,1,159,0,159,delivered,none,0
OI-001588,ORD-001035,PROD-00168,1,709,70,639,delivered,none,0
OI-001589,ORD-001036,PROD-00127,1,3199,383,2816,delivered,rejected,0
OI-001590,ORD-001037,PROD-00070,1,469,0,469,delivered,none,0
OI-001591,ORD-001038,PROD-00111,1,1099,0,1099,delivered,none,0
OI-001592,ORD-001039,PROD-00020,1,139,11,128,delivered,none,0
OI-001593,ORD-001040,PROD-00053,1,6299,0,6299,delivered,none,0
OI-001594,ORD-001040,PROD-00174,1,7699,0,7699,delivered,none,0
OI-001595,ORD-001041,PROD-00174,1,7699,0,7699,cancelled,none,9085
OI-001596,ORD-001042,PROD-00271,1,12499,0,12499,delivered,none,0
OI-001597,ORD-001042,PROD-00002,1,3199,0,3199,delivered,none,0
OI-001598,ORD-001043,PROD-00269,1,2499,299,2200,delivered,none,0
OI-001599,ORD-001044,PROD-00102,1,1499,0,1499,delivered,none,0
OI-001600,ORD-001045,PROD-00082,1,899,89,810,delivered,none,0
OI-001601,ORD-001046,PROD-00161,1,6899,344,6555,delivered,none,0
OI-001602,ORD-001047,PROD-00270,1,699,55,644,shipped,none,0
OI-001603,ORD-001048,PROD-00174,1,7699,923,6776,returned,refunded,7996
OI-001604,ORD-001048,PROD-00278,1,13999,1679,12320,returned,refunded,14538
OI-001605,ORD-001048,PROD-00236,1,44499,5339,39160,returned,refunded,46209
OI-001606,ORD-001049,PROD-00174,1,7899,631,7268,delivered,none,0
OI-001607,ORD-001050,PROD-00066,1,959,0,959,delivered,none,0
OI-001608,ORD-001051,PROD-00017,1,139,0,139,delivered,none,0
OI-001609,ORD-001052,PROD-00116,1,30499,1524,28975,delivered,none,0
OI-001610,ORD-001053,PROD-00070,1,539,0,539,returned,refunded,636
OI-001611,ORD-001054,PROD-00127,1,3299,0,3299,delivered,none,0
OI-001612,ORD-001054,PROD-00027,1,149,0,149,delivered,none,0
OI-001613,ORD-001054,PROD-00112,1,5299,0,5299,delivered,none,0
OI-001614,ORD-001054,PROD-00251,1,9199,0,9199,delivered,none,0
OI-001615,ORD-001055,PROD-00020,1,149,0,149,delivered,none,0
OI-001616,ORD-001055,PROD-00013,1,4999,0,4999,delivered,none,0
OI-001617,ORD-001056,PROD-00024,1,1399,0,1399,delivered,none,0
OI-001618,ORD-001056,PROD-00170,1,3199,0,3199,delivered,none,0
OI-001619,ORD-001056,PROD-00028,1,4799,0,4799,delivered,none,0
OI-001620,ORD-001057,PROD-00062,1,499,0,499,delivered,none,0
OI-001621,ORD-001057,PROD-00095,1,14999,0,14999,delivered,none,0
OI-001622,ORD-001057,PROD-00048,2,62999,0,125998,delivered,none,0
OI-001623,ORD-001057,PROD-00017,1,149,0,149,delivered,none,0
OI-001624,ORD-001057,PROD-00251,1,8799,0,8799,delivered,none,0
OI-001625,ORD-001058,PROD-00104,1,11499,0,11499,delivered,none,0
OI-001626,ORD-001058,PROD-00236,1,47999,0,47999,delivered,none,0
OI-001627,ORD-001059,PROD-00174,1,7699,615,7084,delivered,none,0
OI-001628,ORD-001060,PROD-00001,1,4799,239,4560,delivered,rejected,0
OI-001629,ORD-001061,PROD-00087,1,8099,647,7452,delivered,none,0
OI-001630,ORD-001061,PROD-00020,1,149,11,138,delivered,none,0
OI-001631,ORD-001061,PROD-00174,1,7699,615,7084,delivered,none,0
OI-001632,ORD-001061,PROD-00270,1,699,55,644,delivered,none,0
OI-001633,ORD-001061,PROD-00125,1,499,39,460,delivered,none,0
OI-001634,ORD-001062,PROD-00171,1,6699,0,6699,delivered,none,0
OI-001635,ORD-001063,PROD-00043,1,41499,0,41499,delivered,none,0
OI-001636,ORD-001064,PROD-00270,1,659,0,659,returned,refunded,778
OI-001637,ORD-001065,PROD-00176,1,7299,0,7299,delivered,none,0
OI-001638,ORD-001066,PROD-00132,1,699,0,699,delivered,none,0
OI-001639,ORD-001066,PROD-00174,1,7999,0,7999,delivered,none,0
OI-001640,ORD-001066,PROD-00021,1,4199,0,4199,delivered,none,0
OI-001641,ORD-001066,PROD-00251,1,8499,0,8499,delivered,none,0
OI-001642,ORD-001067,PROD-00161,1,6899,551,6348,delivered,none,0
OI-001643,ORD-001068,PROD-00174,1,7299,583,6716,cancelled,none,7925
OI-001644,ORD-001069,PROD-00235,1,49499,4949,44550,delivered,none,0
OI-001645,ORD-001070,PROD-00025,2,739,147,1331,delivered,none,0
OI-001646,ORD-001070,PROD-00127,1,3199,319,2880,delivered,none,0
OI-001647,ORD-001071,PROD-00118,1,579,69,510,delivered,none,0
OI-001648,ORD-001071,PROD-00269,1,2699,323,2376,delivered,none,0
OI-001649,ORD-001072,PROD-00174,1,7299,0,7299,returned,refunded,8613
OI-001650,ORD-001073,PROD-00269,1,2499,199,2300,delivered,none,0
OI-001651,ORD-001073,PROD-00025,3,739,177,2040,delivered,none,0
OI-001652,ORD-001074,PROD-00017,1,149,0,149,delivered,none,0
OI-001653,ORD-001075,PROD-00017,1,149,0,149,delivered,none,0
OI-001654,ORD-001075,PROD-00174,1,7699,0,7699,delivered,none,0
OI-001655,ORD-001076,PROD-00024,1,1299,129,1170,delivered,none,0
OI-001656,ORD-001076,PROD-00161,1,6599,659,5940,delivered,none,0
OI-001657,ORD-001076,PROD-00029,1,149,14,135,delivered,none,0
OI-001658,ORD-001077,PROD-00276,1,28999,0,28999,delivered,none,0
OI-001659,ORD-001078,PROD-00127,1,2899,0,2899,delivered,none,0
OI-001660,ORD-001078,PROD-00168,1,709,0,709,delivered,none,0
OI-001661,ORD-001078,PROD-00017,2,149,0,298,delivered,none,0
OI-001662,ORD-001078,PROD-00003,1,1399,0,1399,delivered,none,0
OI-001663,ORD-001079,PROD-00029,1,149,0,149,delivered,none,0
OI-001664,ORD-001080,PROD-00174,1,8299,0,8299,delivered,none,0
OI-001665,ORD-001080,PROD-00238,1,30999,0,30999,delivered,none,0
OI-001666,ORD-001081,PROD-00017,1,159,0,159,delivered,none,0
OI-001667,ORD-001082,PROD-00111,1,919,0,919,delivered,none,0
OI-001668,ORD-001083,PROD-00168,1,709,35,674,delivered,none,0
OI-001669,ORD-001084,PROD-00072,1,7299,0,7299,cancelled,none,8613
OI-001670,ORD-001084,PROD-00007,1,179,0,179,cancelled,none,211
OI-001671,ORD-001085,PROD-00111,1,999,49,950,delivered,none,0
OI-001672,ORD-001086,PROD-00246,1,15499,1859,13640,delivered,none,0
OI-001673,ORD-001087,PROD-00034,1,159,12,147,delivered,none,0
OI-001674,ORD-001087,PROD-00017,1,149,11,138,delivered,none,0
OI-001675,ORD-001088,PROD-00132,1,649,0,649,returned,refunded,766
OI-001676,ORD-001089,PROD-00071,1,3399,0,3399,delivered,none,0
OI-001677,ORD-001090,PROD-00252,1,13999,0,13999,delivered,none,0
OI-001678,ORD-001091,PROD-00269,1,2699,323,2376,delivered,rejected,0
OI-001679,ORD-001092,PROD-00055,1,15499,0,15499,returned,refunded,18289
OI-001680,ORD-001092,PROD-00270,1,729,0,729,delivered,none,0
OI-001681,ORD-001093,PROD-00033,1,6399,0,6399,delivered,none,0
OI-001682,ORD-001093,PROD-00010,1,5999,0,5999,delivered,none,0
OI-001683,ORD-001093,PROD-00161,1,6899,0,6899,delivered,none,0
OI-001684,ORD-001093,PROD-00174,1,7699,0,7699,delivered,none,0
OI-001685,ORD-001094,PROD-00269,1,2699,134,2565,delivered,none,0
OI-001686,ORD-001095,PROD-00006,1,149,0,149,delivered,none,0
OI-001687,ORD-001096,PROD-00008,1,4299,515,3784,delivered,none,0
OI-001688,ORD-001096,PROD-00251,1,8499,1019,7480,delivered,none,0
OI-001689,ORD-001097,PROD-00127,1,2899,0,2899,delivered,none,0
OI-001690,ORD-001097,PROD-00056,1,3599,0,3599,delivered,none,0
OI-001691,ORD-001098,PROD-00066,1,909,90,819,delivered,none,0
OI-001692,ORD-001099,PROD-00032,1,139,6,133,delivered,none,0
OI-001693,ORD-001100,PROD-00020,1,149,17,132,cancelled,none,156
OI-001694,ORD-001101,PROD-00077,1,37999,1899,36100,delivered,none,0
OI-001695,ORD-001102,PROD-00174,1,8299,0,8299,delivered,none,0
OI-001696,ORD-001102,PROD-00020,1,149,0,149,delivered,none,0
OI-001697,ORD-001103,PROD-00297,1,78499,0,78499,delivered,none,0
OI-001698,ORD-001104,PROD-00024,1,1299,0,1299,delivered,none,0
OI-001699,ORD-001104,PROD-00269,1,2599,0,2599,delivered,none,0
OI-001700,ORD-001105,PROD-00175,1,759,37,722,delivered,none,0
OI-001701,ORD-001106,PROD-00269,1,2599,0,2599,delivered,none,0
OI-001702,ORD-001107,PROD-00059,1,469,37,432,delivered,none,0
OI-001703,ORD-001107,PROD-00197,1,6699,535,6164,delivered,none,0
OI-001704,ORD-001108,PROD-00174,1,7699,0,7699,delivered,none,0
OI-001705,ORD-001109,PROD-00017,1,139,13,126,delivered,none,0
OI-001706,ORD-001109,PROD-00116,1,31499,3149,28350,delivered,none,0
OI-001707,ORD-001109,PROD-00057,1,2499,249,2250,delivered,none,0
OI-001708,ORD-001110,PROD-00029,1,149,0,149,shipped,none,0
OI-001709,ORD-001110,PROD-00273,1,1199,0,1199,shipped,none,0
OI-001710,ORD-001111,PROD-00017,2,149,0,298,delivered,none,0
OI-001711,ORD-001112,PROD-00032,1,149,0,149,returned,refunded,176
OI-001712,ORD-001112,PROD-00013,1,5099,0,5099,returned,refunded,6017
OI-001713,ORD-001112,PROD-00269,1,2499,0,2499,returned,refunded,2949
OI-001714,ORD-001112,PROD-00286,1,25499,0,25499,returned,refunded,30089
OI-001715,ORD-001113,PROD-00205,1,29999,0,29999,delivered,none,0
OI-001716,ORD-001113,PROD-00132,1,649,0,649,delivered,none,0
OI-001717,ORD-001114,PROD-00174,1,7999,959,7040,delivered,none,0
OI-001718,ORD-001114,PROD-00276,1,28999,3479,25520,delivered,none,0
OI-001719,ORD-001114,PROD-00013,1,5199,623,4576,delivered,none,0
OI-001720,ORD-001115,PROD-00033,1,6399,511,5888,delivered,none,0
OI-001721,ORD-001115,PROD-00101,1,3299,263,3036,delivered,none,0
OI-001722,ORD-001116,PROD-00062,1,499,49,450,delivered,none,0
OI-001723,ORD-001117,PROD-00174,1,7699,0,7699,delivered,none,0
OI-001724,ORD-001117,PROD-00161,1,6899,0,6899,delivered,none,0
OI-001725,ORD-001117,PROD-00270,1,699,0,699,delivered,none,0
OI-001726,ORD-001118,PROD-00132,1,649,51,598,delivered,none,0
OI-001727,ORD-001119,PROD-00130,1,12499,1249,11250,delivered,none,0
OI-001728,ORD-001120,PROD-00284,1,2999,299,2700,delivered,none,0
OI-001729,ORD-001121,PROD-00127,1,3299,0,3299,delivered,none,0
OI-001730,ORD-001122,PROD-00095,1,14999,749,14250,delivered,none,0
OI-001731,ORD-001122,PROD-00017,1,149,7,142,delivered,none,0
OI-001732,ORD-001122,PROD-00174,1,7699,384,7315,delivered,none,0
OI-001733,ORD-001123,PROD-00029,2,149,14,284,delivered,none,0
OI-001734,ORD-001124,PROD-00041,1,3199,0,3199,delivered,none,0
OI-001735,ORD-001125,PROD-00286,1,25499,1274,24225,delivered,none,0
OI-001736,ORD-001126,PROD-00017,1,149,0,149,delivered,none,0
OI-001737,ORD-001127,PROD-00034,1,149,7,142,returned,refunded,168
OI-001738,ORD-001127,PROD-00019,1,3099,154,2945,returned,refunded,3475
OI-001739,ORD-001128,PROD-00020,1,149,7,142,delivered,none,0
OI-001740,ORD-001129,PROD-00017,2,149,0,298,delivered,none,0
OI-001741,ORD-001130,PROD-00101,1,2999,299,2700,delivered,none,0
OI-001742,ORD-001130,PROD-00127,1,3199,319,2880,delivered,none,0
OI-001743,ORD-001130,PROD-00017,1,159,15,144,delivered,none,0
OI-001744,ORD-001131,PROD-00104,1,12499,0,12499,delivered,none,0
OI-001745,ORD-001131,PROD-00118,1,579,0,579,delivered,none,0
OI-001746,ORD-001132,PROD-00213,1,9899,989,8910,delivered,none,0
OI-001747,ORD-001133,PROD-00127,1,3199,0,3199,delivered,none,0
OI-001748,ORD-001134,PROD-00159,1,1799,0,1799,cancelled,none,0
OI-001749,ORD-001135,PROD-00251,1,8499,849,7650,delivered,none,0
OI-001750,ORD-001135,PROD-00174,1,7699,769,6930,delivered,none,0
OI-001751,ORD-001136,PROD-00034,1,149,0,149,delivered,none,0
OI-001752,ORD-001136,PROD-00262,1,11999,0,11999,delivered,none,0
OI-001753,ORD-001137,PROD-00174,1,7999,0,7999,delivered,none,0
OI-001754,ORD-001138,PROD-00168,1,709,0,709,delivered,none,0
OI-001755,ORD-001138,PROD-00024,1,1199,0,1199,delivered,none,0
OI-001756,ORD-001139,PROD-00081,1,19499,0,19499,delivered,none,0
OI-001757,ORD-001140,PROD-00216,1,133999,13399,120600,delivered,none,0
OI-001758,ORD-001140,PROD-00072,1,6799,679,6120,delivered,none,0
OI-001759,ORD-001140,PROD-00248,1,4399,439,3960,delivered,none,0
OI-001760,ORD-001141,PROD-00063,1,8299,0,8299,delivered,none,0
OI-001761,ORD-001142,PROD-00132,1,649,0,649,cancelled,none,0
OI-001762,ORD-001143,PROD-00029,1,149,7,142,delivered,none,0
OI-001763,ORD-001144,PROD-00051,1,6099,0,6099,delivered,none,0
OI-001764,ORD-001145,PROD-00017,1,149,7,142,delivered,none,0
OI-001765,ORD-001146,PROD-00024,1,1299,0,1299,delivered,none,0
OI-001766,ORD-001147,PROD-00132,1,669,66,603,delivered,none,0
OI-001767,ORD-001147,PROD-00029,1,149,14,135,delivered,none,0
OI-001768,ORD-001148,PROD-00017,1,139,0,139,delivered,none,0
OI-001769,ORD-001149,PROD-00127,1,2899,0,2899,delivered,none,0
OI-001770,ORD-001150,PROD-00026,1,4299,0,4299,delivered,none,0
OI-001771,ORD-001151,PROD-00072,1,7099,0,7099,returned,refunded,8377
OI-001772,ORD-001151,PROD-00017,1,149,0,149,returned,refunded,176
OI-001773,ORD-001151,PROD-00247,1,11999,0,11999,returned,refunded,14159
OI-001774,ORD-001151,PROD-00161,1,7099,0,7099,delivered,none,0
OI-001775,ORD-001152,PROD-00029,2,149,29,269,delivered,none,0
OI-001776,ORD-001153,PROD-00297,1,78499,0,78499,cancelled,none,0
OI-001777,ORD-001153,PROD-00127,1,2899,0,2899,cancelled,none,0
OI-001778,ORD-001153,PROD-00032,1,149,0,149,cancelled,none,0
OI-001779,ORD-001153,PROD-00034,3,149,0,447,cancelled,none,0
OI-001780,ORD-001154,PROD-00102,1,1499,179,1320,delivered,none,0
OI-001781,ORD-001155,PROD-00031,3,229,68,619,delivered,none,0
OI-001782,ORD-001155,PROD-00241,1,26499,2649,23850,delivered,none,0
OI-001783,ORD-001155,PROD-00028,1,4799,479,4320,delivered,none,0
OI-001784,ORD-001156,PROD-00174,1,8299,995,7304,delivered,none,0
OI-001785,ORD-001156,PROD-00165,1,3599,431,3168,delivered,none,0
OI-001786,ORD-001157,PROD-00064,1,1899,151,1748,delivered,none,0
OI-001787,ORD-001158,PROD-00204,1,27499,2749,24750,delivered,none,0
OI-001788,ORD-001159,PROD-00127,1,3499,0,3499,delivered,none,0
OI-001789,ORD-001160,PROD-00017,1,149,0,149,delivered,none,0
OI-001790,ORD-001161,PROD-00176,1,7399,0,7399,delivered,none,0
OI-001791,ORD-001161,PROD-00029,1,149,0,149,delivered,rejected,0
OI-001792,ORD-001162,PROD-00240,1,7999,399,7600,delivered,none,0
OI-001793,ORD-001162,PROD-00263,1,10999,549,10450,delivered,none,0
OI-001794,ORD-001163,PROD-00076,1,17499,874,16625,delivered,none,0
OI-001795,ORD-001163,PROD-00174,1,7899,394,7505,delivered,none,0
OI-001796,ORD-001164,PROD-00020,1,149,0,149,delivered,none,0
OI-001797,ORD-001165,PROD-00166,1,6199,0,6199,cancelled,none,0
OI-001798,ORD-001165,PROD-00029,1,149,0,149,cancelled,none,0
OI-001799,ORD-001165,PROD-00011,1,309,0,309,cancelled,none,0
OI-001800,ORD-001165,PROD-00127,1,3199,0,3199,cancelled,none,0
OI-001801,ORD-001166,PROD-00017,2,149,0,298,delivered,none,0
OI-001802,ORD-001166,PROD-00142,1,165999,0,165999,delivered,none,0
OI-001803,ORD-001167,PROD-00108,1,7999,0,7999,delivered,none,0
OI-001804,ORD-001167,PROD-00052,1,5899,0,5899,delivered,none,0
OI-001805,ORD-001167,PROD-00057,1,2499,0,2499,delivered,none,0
OI-001806,ORD-001168,PROD-00127,1,3199,383,2816,delivered,none,0
OI-001807,ORD-001169,PROD-00124,1,1499,0,1499,delivered,none,0
OI-001808,ORD-001169,PROD-00209,1,19499,0,19499,delivered,none,0
OI-001809,ORD-001169,PROD-00127,1,2999,0,2999,delivered,none,0
OI-001810,ORD-001169,PROD-00063,1,8299,0,8299,delivered,none,0
OI-001811,ORD-001169,PROD-00296,1,11999,0,11999,delivered,none,0
OI-001812,ORD-001170,PROD-00142,1,174999,17499,157500,delivered,none,0
OI-001813,ORD-001171,PROD-00264,1,23999,0,23999,delivered,none,0
OI-001814,ORD-001171,PROD-00127,1,3199,0,3199,delivered,none,0
OI-001815,ORD-001171,PROD-00056,1,3599,0,3599,delivered,none,0
OI-001816,ORD-001171,PROD-00161,1,6899,0,6899,delivered,none,0
OI-001817,ORD-001172,PROD-00171,1,6999,349,6650,delivered,none,0
OI-001818,ORD-001173,PROD-00243,1,123499,12349,111150,delivered,none,0
OI-001819,ORD-001173,PROD-00017,1,159,15,144,delivered,none,0
OI-001820,ORD-001173,PROD-00255,1,1399,139,1260,delivered,none,0
OI-001821,ORD-001173,PROD-00005,1,5799,579,5220,delivered,none,0
OI-001822,ORD-001174,PROD-00269,1,2499,0,2499,cancelled,none,2949
OI-001823,ORD-001175,PROD-00140,1,35499,0,35499,delivered,none,0
OI-001824,ORD-001175,PROD-00174,1,7699,0,7699,delivered,none,0
OI-001825,ORD-001176,PROD-00127,1,3199,0,3199,delivered,none,0
OI-001826,ORD-001177,PROD-00032,1,149,14,135,cancelled,none,0
OI-001827,ORD-001178,PROD-00057,1,2499,124,2375,delivered,none,0
OI-001828,ORD-001179,PROD-00099,1,999,0,999,delivered,none,0
OI-001829,ORD-001180,PROD-00197,1,6699,669,6030,delivered,none,0
OI-001830,ORD-001180,PROD-00029,1,139,13,126,delivered,none,0
OI-001831,ORD-001181,PROD-00283,1,19999,0,19999,delivered,none,0
OI-001832,ORD-001181,PROD-00029,1,149,0,149,delivered,none,0
OI-001833,ORD-001182,PROD-00002,1,3199,0,3199,delivered,none,0
OI-001834,ORD-001183,PROD-00248,1,4799,0,4799,delivered,none,0
OI-001835,ORD-001183,PROD-00159,1,1899,0,1899,delivered,none,0
OI-001836,ORD-001184,PROD-00174,1,7699,615,7084,delivered,none,0
OI-001837,ORD-001185,PROD-00195,1,1099,0,1099,delivered,none,0
OI-001838,ORD-001185,PROD-00020,2,139,0,278,delivered,none,0
OI-001839,ORD-001186,PROD-00100,1,27499,3299,24200,returned,refunded,28556
OI-001840,ORD-001187,PROD-00127,1,3199,0,3199,delivered,none,0
OI-001841,ORD-001187,PROD-00156,1,77499,0,77499,delivered,none,0
OI-001842,ORD-001188,PROD-00072,1,6799,0,6799,delivered,none,0
OI-001843,ORD-001188,PROD-00174,1,7699,0,7699,delivered,none,0
OI-001844,ORD-001189,PROD-00174,1,7699,615,7084,cancelled,none,8359
OI-001845,ORD-001190,PROD-00163,2,469,0,938,delivered,none,0
OI-001846,ORD-001191,PROD-00025,1,739,0,739,delivered,none,0
OI-001847,ORD-001191,PROD-00168,3,709,0,2127,delivered,none,0
OI-001848,ORD-001192,PROD-00114,1,999,119,880,delivered,none,0
OI-001849,ORD-001193,PROD-00013,1,4999,0,4999,delivered,none,0
OI-001850,ORD-001194,PROD-00174,1,7699,0,7699,returned,refunded,9085
OI-001851,ORD-001194,PROD-00092,1,819,0,819,returned,refunded,966
OI-001852,ORD-001194,PROD-00059,1,539,0,539,returned,refunded,636
OI-001853,ORD-001195,PROD-00264,1,22999,0,22999,delivered,none,0
OI-001854,ORD-001196,PROD-00111,1,999,49,950,delivered,none,0
OI-001855,ORD-001196,PROD-00024,1,1299,64,1235,delivered,none,0
OI-001856,ORD-001197,PROD-00116,1,30499,0,30499,delivered,none,0
OI-001857,ORD-001198,PROD-00130,1,12499,1499,11000,delivered,none,0
OI-001858,ORD-001198,PROD-00174,1,7099,851,6248,delivered,none,0
OI-001859,ORD-001198,PROD-00016,2,1999,479,3519,delivered,none,0
OI-001860,ORD-001199,PROD-00002,1,3499,419,3080,returned,refunded,3634
OI-001861,ORD-001200,PROD-00031,1,239,23,216,delivered,none,0
OI-001862,ORD-001200,PROD-00017,1,149,14,135,delivered,none,0
OI-001863,ORD-001201,PROD-00264,1,22999,0,22999,delivered,none,0
OI-001864,ORD-001202,PROD-00027,1,159,0,159,delivered,none,0
OI-001865,ORD-001203,PROD-00124,1,1499,0,1499,delivered,none,0
OI-001866,ORD-001203,PROD-00102,1,1499,0,1499,delivered,none,0
OI-001867,ORD-001203,PROD-00005,1,5799,0,5799,delivered,none,0
OI-001868,ORD-001203,PROD-00241,1,27499,0,27499,delivered,none,0
OI-001869,ORD-001204,PROD-00127,1,3299,263,3036,returned,refunded,3582
OI-001870,ORD-001205,PROD-00017,1,149,17,132,cancelled,none,156
OI-001871,ORD-001206,PROD-00148,1,71999,5759,66240,delivered,none,0
OI-001872,ORD-001206,PROD-00174,1,7099,567,6532,delivered,none,0
OI-001873,ORD-001207,PROD-00111,1,999,99,900,delivered,none,0
OI-001874,ORD-001208,PROD-00080,1,4599,0,4599,delivered,none,0
OI-001875,ORD-001208,PROD-00105,1,36499,0,36499,delivered,none,0
OI-001876,ORD-001209,PROD-00227,1,51999,0,51999,delivered,none,0
OI-001877,ORD-001209,PROD-00017,3,149,0,447,delivered,none,0
OI-001878,ORD-001210,PROD-00002,1,3199,319,2880,delivered,none,0
OI-001879,ORD-001211,PROD-00017,1,139,13,126,delivered,none,0
OI-001880,ORD-001212,PROD-00013,1,4999,499,4500,delivered,none,0
OI-001881,ORD-001213,PROD-00020,1,139,0,139,delivered,none,0
OI-001882,ORD-001214,PROD-00072,1,7299,0,7299,delivered,none,0
OI-001883,ORD-001214,PROD-00147,1,27999,0,27999,delivered,none,0
OI-001884,ORD-001215,PROD-00026,1,4299,0,4299,delivered,none,0
OI-001885,ORD-001215,PROD-00270,1,659,0,659,delivered,none,0
OI-001886,ORD-001216,PROD-00161,1,6899,0,6899,delivered,none,0
OI-001887,ORD-001217,PROD-00032,1,149,17,132,delivered,none,0
OI-001888,ORD-001217,PROD-00186,1,31999,3839,28160,delivered,none,0
OI-001889,ORD-001218,PROD-00254,1,1799,179,1620,delivered,none,0
OI-001890,ORD-001219,PROD-00127,1,2899,231,2668,returned,refunded,3148
OI-001891,ORD-001220,PROD-00174,1,8299,0,8299,delivered,none,0
OI-001892,ORD-001220,PROD-00116,1,31499,0,31499,delivered,none,0
OI-001893,ORD-001221,PROD-00028,1,4999,0,4999,delivered,none,0
OI-001894,ORD-001221,PROD-00009,1,2399,0,2399,delivered,none,0
OI-001895,ORD-001221,PROD-00123,1,15999,0,15999,delivered,none,0
OI-001896,ORD-001222,PROD-00017,1,159,0,159,cancelled,none,188
OI-001897,ORD-001223,PROD-00057,1,2499,249,2250,delivered,none,0
OI-001898,ORD-001223,PROD-00011,1,309,30,279,delivered,none,0
OI-001899,ORD-001224,PROD-00028,1,4799,383,4416,delivered,none,0
OI-001900,ORD-001225,PROD-00021,1,3999,0,3999,delivered,none,0
OI-001901,ORD-001226,PROD-00017,1,139,11,128,cancelled,none,151
OI-001902,ORD-001227,PROD-00052,1,5899,0,5899,delivered,none,0
OI-001903,ORD-001228,PROD-00060,1,10499,1259,9240,delivered,none,0
OI-001904,ORD-001229,PROD-00029,2,149,0,298,delivered,none,0
OI-001905,ORD-001229,PROD-00089,1,20499,0,20499,delivered,none,0
OI-001906,ORD-001229,PROD-00017,1,149,0,149,delivered,none,0
OI-001907,ORD-001230,PROD-00191,1,39999,0,39999,delivered,none,0
OI-001908,ORD-001230,PROD-00010,1,5999,0,5999,delivered,none,0
OI-001909,ORD-001230,PROD-00161,1,6599,0,6599,delivered,none,0
OI-001910,ORD-001231,PROD-00168,3,739,0,2217,delivered,none,0
OI-001911,ORD-001232,PROD-00230,1,7699,769,6930,delivered,none,0
OI-001912,ORD-001233,PROD-00052,1,5399,0,5399,delivered,none,0
OI-001913,ORD-001234,PROD-00251,1,8799,0,8799,delivered,none,0
OI-001914,ORD-001235,PROD-00087,1,7799,0,7799,returned,refunded,9203
OI-001915,ORD-001236,PROD-00010,1,5999,599,5400,delivered,none,0
OI-001916,ORD-001237,PROD-00062,1,499,0,499,delivered,none,0
OI-001917,ORD-001238,PROD-00052,1,5899,0,5899,delivered,none,0
OI-001918,ORD-001239,PROD-00251,1,9199,0,9199,delivered,none,0
OI-001919,ORD-001239,PROD-00050,1,939,0,939,delivered,none,0
OI-001920,ORD-001240,PROD-00269,1,2499,199,2300,delivered,none,0
OI-001921,ORD-001241,PROD-00108,1,7999,0,7999,cancelled,none,9439
OI-001922,ORD-001241,PROD-00132,2,649,0,1298,cancelled,none,1532
OI-001923,ORD-001241,PROD-00223,1,76499,0,76499,cancelled,none,90269
OI-001924,ORD-001241,PROD-00029,1,149,0,149,cancelled,none,176
OI-001925,ORD-001242,PROD-00013,1,4999,249,4750,delivered,none,0
OI-001926,ORD-001243,PROD-00057,1,2499,124,2375,delivered,none,0
OI-001927,ORD-001244,PROD-00008,1,4099,204,3895,delivered,none,0
OI-001928,ORD-001244,PROD-00168,2,729,72,1386,delivered,none,0
OI-001929,ORD-001245,PROD-00020,2,149,0,298,delivered,none,0
OI-001930,ORD-001245,PROD-00242,1,129999,0,129999,delivered,none,0
OI-001931,ORD-001245,PROD-00104,1,11499,0,11499,delivered,none,0
OI-001932,ORD-001245,PROD-00132,1,649,0,649,delivered,none,0
OI-001933,ORD-001246,PROD-00264,1,22999,2299,20700,delivered,none,0
OI-001934,ORD-001246,PROD-00174,1,7999,799,7200,delivered,none,0
OI-001935,ORD-001247,PROD-00008,1,4299,0,4299,delivered,none,0
OI-001936,ORD-001248,PROD-00010,1,5999,0,5999,delivered,none,0
OI-001937,ORD-001248,PROD-00170,1,3299,0,3299,delivered,none,0
OI-001938,ORD-001249,PROD-00280,1,9999,0,9999,delivered,none,0
OI-001939,ORD-001249,PROD-00017,1,149,0,149,delivered,none,0
OI-001940,ORD-001249,PROD-00069,1,1399,0,1399,delivered,none,0
OI-001941,ORD-001250,PROD-00170,1,2999,299,2700,delivered,none,0
OI-001942,ORD-001250,PROD-00264,1,24999,2499,22500,delivered,none,0
OI-001943,ORD-001251,PROD-00095,1,14999,0,14999,delivered,none,0
OI-001944,ORD-001252,PROD-00064,1,1699,203,1496,delivered,none,0
OI-001945,ORD-001253,PROD-00127,1,3199,0,3199,delivered,none,0
OI-001946,ORD-001253,PROD-00164,1,5599,0,5599,delivered,none,0
OI-001947,ORD-001254,PROD-00174,1,7699,769,6930,delivered,none,0
OI-001948,ORD-001255,PROD-00097,1,1299,0,1299,delivered,none,0
OI-001949,ORD-001256,PROD-00174,1,7699,923,6776,delivered,none,0
OI-001950,ORD-001256,PROD-00053,1,5799,695,5104,delivered,none,0
OI-001951,ORD-001257,PROD-00070,1,499,0,499,returned,refunded,589
OI-001952,ORD-001257,PROD-00191,1,39999,0,39999,returned,refunded,47199
OI-001953,ORD-001258,PROD-00029,1,149,7,142,delivered,none,0
OI-001954,ORD-001258,PROD-00017,1,149,7,142,delivered,none,0
OI-001955,ORD-001258,PROD-00127,1,3199,159,3040,delivered,none,0
OI-001956,ORD-001258,PROD-00132,1,649,32,617,delivered,none,0
OI-001957,ORD-001258,PROD-00174,1,8299,414,7885,delivered,none,0
OI-001958,ORD-001259,PROD-00029,1,149,11,138,returned,refunded,163
OI-001959,ORD-001260,PROD-00211,1,5499,439,5060,delivered,none,0
OI-001960,ORD-001260,PROD-00017,1,149,11,138,delivered,none,0
OI-001961,ORD-001260,PROD-00032,1,149,11,138,delivered,none,0
OI-001962,ORD-001261,PROD-00116,1,30499,0,30499,delivered,none,0
OI-001963,ORD-001262,PROD-00030,1,1099,0,1099,delivered,none,0
OI-001964,ORD-001263,PROD-00093,1,54499,0,54499,delivered,none,0
OI-001965,ORD-001263,PROD-00104,1,12499,0,12499,delivered,none,0
OI-001966,ORD-001264,PROD-00286,1,25499,2549,22950,delivered,none,0
OI-001967,ORD-001265,PROD-00051,1,6099,0,6099,delivered,none,0
OI-001968,ORD-001266,PROD-00174,1,7699,0,7699,delivered,rejected,0
OI-001969,ORD-001267,PROD-00128,1,949,47,902,delivered,none,0
OI-001970,ORD-001268,PROD-00174,1,7699,923,6776,delivered,none,0
OI-001971,ORD-001269,PROD-00059,1,539,0,539,delivered,none,0
OI-001972,ORD-001270,PROD-00232,1,110999,13319,97680,delivered,none,0
OI-001973,ORD-001271,PROD-00156,1,77499,7749,69750,delivered,none,0
OI-001974,ORD-001272,PROD-00276,1,26499,3179,23320,delivered,none,0
OI-001975,ORD-001273,PROD-00215,1,76499,6119,70380,delivered,none,0
OI-001976,ORD-001274,PROD-00174,1,7699,769,6930,delivered,none,0
OI-001977,ORD-001274,PROD-00061,1,4299,429,3870,delivered,none,0
OI-001978,ORD-001274,PROD-00251,1,8799,879,7920,delivered,none,0
OI-001979,ORD-001275,PROD-00001,1,4799,383,4416,delivered,none,0
OI-001980,ORD-001276,PROD-00017,1,149,7,142,delivered,none,0
OI-001981,ORD-001277,PROD-00025,2,739,0,1478,delivered,none,0
OI-001982,ORD-001278,PROD-00174,1,7299,875,6424,delivered,none,0
OI-001983,ORD-001279,PROD-00174,1,7099,354,6745,delivered,none,0
OI-001984,ORD-001279,PROD-00161,1,7099,354,6745,delivered,none,0
OI-001985,ORD-001279,PROD-00029,1,149,7,142,delivered,none,0
OI-001986,ORD-001279,PROD-00225,1,18999,949,18050,delivered,none,0
OI-001987,ORD-001279,PROD-00291,1,9999,499,9500,delivered,none,0
OI-001988,ORD-001280,PROD-00161,1,6899,0,6899,delivered,none,0
OI-001989,ORD-001280,PROD-00001,1,4799,0,4799,delivered,none,0
OI-001990,ORD-001280,PROD-00111,1,1099,0,1099,delivered,none,0
OI-001991,ORD-001281,PROD-00028,1,4799,0,4799,delivered,none,0
OI-001992,ORD-001282,PROD-00269,1,2599,129,2470,delivered,none,0
OI-001993,ORD-001282,PROD-00168,1,739,36,703,delivered,none,0
OI-001994,ORD-001282,PROD-00161,1,7099,354,6745,delivered,none,0
OI-001995,ORD-001283,PROD-00080,1,4499,0,4499,cancelled,none,0
OI-001996,ORD-001284,PROD-00017,1,149,17,132,delivered,none,0
OI-001997,ORD-001284,PROD-00010,1,6199,743,5456,delivered,none,0
OI-001998,ORD-001285,PROD-00269,1,2399,0,2399,delivered,none,0
OI-001999,ORD-001285,PROD-00013,1,4999,0,4999,delivered,none,0
OI-002000,ORD-001286,PROD-00064,1,1799,143,1656,delivered,none,0
OI-002001,ORD-001287,PROD-00168,1,729,0,729,delivered,none,0
OI-002002,ORD-001287,PROD-00161,1,6299,0,6299,delivered,none,0
OI-002003,ORD-001288,PROD-00127,1,3199,0,3199,delivered,none,0
OI-002004,ORD-001289,PROD-00264,1,23999,0,23999,delivered,none,0
OI-002005,ORD-001289,PROD-00168,1,709,0,709,delivered,none,0
OI-002006,ORD-001290,PROD-00020,1,149,14,135,delivered,none,0
OI-002007,ORD-001290,PROD-00066,1,959,95,864,delivered,none,0
OI-002008,ORD-001291,PROD-00180,1,6999,0,6999,delivered,none,0
OI-002009,ORD-001291,PROD-00133,1,499,0,499,delivered,none,0
OI-002010,ORD-001291,PROD-00021,1,3999,0,3999,delivered,none,0
OI-002011,ORD-001292,PROD-00121,1,4999,599,4400,delivered,none,0
OI-002012,ORD-001292,PROD-00171,1,6399,767,5632,delivered,none,0
OI-002013,ORD-001293,PROD-00168,1,729,58,671,delivered,none,0
OI-002014,ORD-001293,PROD-00055,1,15499,1239,14260,delivered,none,0
OI-002015,ORD-001294,PROD-00004,1,2399,239,2160,delivered,none,0
OI-002016,ORD-001294,PROD-00203,1,24999,2499,22500,delivered,none,0
OI-002017,ORD-001295,PROD-00270,1,729,58,671,delivered,none,0
OI-002018,ORD-001295,PROD-00025,1,739,59,680,delivered,none,0
OI-002019,ORD-001295,PROD-00029,2,149,23,275,delivered,none,0
OI-002020,ORD-001296,PROD-00269,1,2499,299,2200,delivered,rejected,0
OI-002021,ORD-001297,PROD-00174,1,7699,0,7699,delivered,none,0
OI-002022,ORD-001297,PROD-00251,1,8499,0,8499,delivered,none,0
OI-002023,ORD-001298,PROD-00264,1,22999,0,22999,cancelled,none,27139
OI-002024,ORD-001299,PROD-00104,1,12499,0,12499,delivered,none,0
OI-002025,ORD-001300,PROD-00168,1,649,64,585,delivered,none,0
OI-002026,ORD-001301,PROD-00031,1,239,0,239,delivered,none,0
OI-002027,ORD-001302,PROD-00265,1,10999,0,10999,delivered,none,0
OI-002028,ORD-001302,PROD-00205,1,31499,0,31499,delivered,none,0
OI-002029,ORD-001303,PROD-00006,2,149,29,269,returned,refunded,317
OI-002030,ORD-001304,PROD-00014,1,959,47,912,delivered,none,0
OI-002031,ORD-001304,PROD-00297,1,78499,3924,74575,delivered,none,0
OI-002032,ORD-001304,PROD-00108,1,8299,414,7885,delivered,none,0
OI-002033,ORD-001304,PROD-00099,1,999,49,950,delivered,none,0
OI-002034,ORD-001305,PROD-00020,1,149,7,142,delivered,none,0
OI-002035,ORD-001306,PROD-00161,1,6899,0,6899,delivered,none,0
OI-002036,ORD-001307,PROD-00215,1,76499,0,76499,delivered,none,0
OI-002037,ORD-001308,PROD-00159,1,1899,151,1748,delivered,none,0
OI-002038,ORD-001309,PROD-00099,1,999,0,999,delivered,none,0
OI-002039,ORD-001309,PROD-00013,1,5299,0,5299,delivered,none,0
OI-002040,ORD-001310,PROD-00017,1,149,14,135,delivered,none,0
OI-002041,ORD-001311,PROD-00283,1,18999,949,18050,delivered,none,0
OI-002042,ORD-001311,PROD-00264,1,22999,1149,21850,delivered,none,0
OI-002043,ORD-001311,PROD-00174,1,7699,384,7315,delivered,none,0
OI-002044,ORD-001311,PROD-00069,2,1399,139,2659,delivered,none,0
OI-002045,ORD-001312,PROD-00024,1,1299,103,1196,delivered,none,0
OI-002046,ORD-001313,PROD-00020,1,149,0,149,delivered,none,0
OI-002047,ORD-001314,PROD-00029,1,149,14,135,delivered,none,0
OI-002048,ORD-001314,PROD-00127,1,3299,329,2970,delivered,none,0
OI-002049,ORD-001315,PROD-00272,1,21499,1719,19780,delivered,none,0
OI-002050,ORD-001316,PROD-00017,3,159,23,454,delivered,none,0
OI-002051,ORD-001317,PROD-00008,1,4299,0,4299,cancelled,none,0
OI-002052,ORD-001317,PROD-00126,2,13999,0,27998,cancelled,none,0
OI-002053,ORD-001318,PROD-00057,1,2599,207,2392,delivered,none,0
OI-002054,ORD-001319,PROD-00174,1,7899,0,7899,cancelled,none,9321
OI-002055,ORD-001320,PROD-00031,2,239,57,421,delivered,none,0
OI-002056,ORD-001321,PROD-00240,1,8299,0,8299,delivered,none,0
OI-002057,ORD-001321,PROD-00253,1,7699,0,7699,delivered,none,0
OI-002058,ORD-001322,PROD-00101,1,3299,395,2904,returned,refunded,3427
OI-002059,ORD-001323,PROD-00168,1,709,70,639,delivered,none,0
OI-002060,ORD-001324,PROD-00021,1,4299,0,4299,delivered,none,0
OI-002061,ORD-001325,PROD-00030,1,1099,0,1099,delivered,none,0
OI-002062,ORD-001326,PROD-00052,1,6099,0,6099,delivered,none,0
OI-002063,ORD-001326,PROD-00258,1,2099,0,2099,delivered,none,0
OI-002064,ORD-001327,PROD-00063,1,7899,631,7268,delivered,none,0
OI-002065,ORD-001327,PROD-00014,1,999,79,920,delivered,none,0
OI-002066,ORD-001328,PROD-00017,1,159,7,152,delivered,none,0
OI-002067,ORD-001329,PROD-00114,1,999,0,999,delivered,none,0
OI-002068,ORD-001329,PROD-00003,1,1399,0,1399,delivered,none,0
OI-002069,ORD-001330,PROD-00270,1,699,83,616,delivered,none,0
OI-002070,ORD-001331,PROD-00029,2,159,0,318,delivered,none,0
OI-002071,ORD-001332,PROD-00022,1,1399,167,1232,delivered,none,0
OI-002072,ORD-001333,PROD-00176,1,7099,851,6248,delivered,none,0
OI-002073,ORD-001334,PROD-00174,1,8299,0,8299,delivered,none,0
OI-002074,ORD-001335,PROD-00252,1,13999,699,13300,cancelled,none,15694
OI-002075,ORD-001335,PROD-00127,1,3199,159,3040,cancelled,none,3587
OI-002076,ORD-001335,PROD-00070,1,499,24,475,cancelled,none,561
OI-002077,ORD-001336,PROD-00019,1,2899,0,2899,delivered,none,0
OI-002078,ORD-001336,PROD-00053,1,5299,0,5299,delivered,none,0
OI-002079,ORD-001337,PROD-00017,2,149,0,298,delivered,none,0
OI-002080,ORD-001338,PROD-00168,1,759,0,759,delivered,none,0
OI-002081,ORD-001339,PROD-00171,1,6999,0,6999,delivered,none,0
OI-002082,ORD-001339,PROD-00018,2,289,0,578,delivered,none,0
OI-002083,ORD-001339,PROD-00020,1,149,0,149,delivered,none,0
OI-002084,ORD-001340,PROD-00010,1,5999,719,5280,delivered,none,0
OI-002085,ORD-001341,PROD-00220,1,23499,1879,21620,delivered,none,0
OI-002086,ORD-001342,PROD-00286,1,27499,3299,24200,delivered,none,0
OI-002087,ORD-001342,PROD-00029,1,149,17,132,delivered,none,0
OI-002088,ORD-001343,PROD-00019,1,2899,347,2552,delivered,none,0
OI-002089,ORD-001344,PROD-00123,1,14999,1799,13200,delivered,none,0
OI-002090,ORD-001345,PROD-00030,1,999,99,900,cancelled,none,1062
OI-002091,ORD-001346,PROD-00174,1,7699,384,7315,delivered,none,0
OI-002092,ORD-001346,PROD-00161,1,6899,344,6555,delivered,none,0
OI-002093,ORD-001347,PROD-00023,1,199,15,184,delivered,none,0
OI-002094,ORD-001347,PROD-00204,1,28499,2279,26220,delivered,none,0
OI-002095,ORD-001348,PROD-00102,1,1399,0,1399,delivered,none,0
OI-002096,ORD-001349,PROD-00256,1,14499,1449,13050,delivered,none,0
OI-002097,ORD-001350,PROD-00055,1,15499,0,15499,delivered,none,0
OI-002098,ORD-001350,PROD-00264,1,22999,0,22999,delivered,none,0
OI-002099,ORD-001350,PROD-00251,1,8499,0,8499,delivered,none,0
OI-002100,ORD-001351,PROD-00251,1,8499,0,8499,delivered,none,0
OI-002101,ORD-001351,PROD-00249,1,8899,0,8899,delivered,none,0
OI-002102,ORD-001351,PROD-00065,1,3599,0,3599,delivered,none,0
OI-002103,ORD-001352,PROD-00114,1,999,79,920,delivered,none,0
OI-002104,ORD-001353,PROD-00127,1,3199,319,2880,delivered,none,0
OI-002105,ORD-001353,PROD-00264,1,22999,2299,20700,delivered,none,0
OI-002106,ORD-001354,PROD-00063,1,7899,394,7505,delivered,none,0
OI-002107,ORD-001354,PROD-00149,1,27999,1399,26600,delivered,none,0
OI-002108,ORD-001355,PROD-00017,1,149,0,149,delivered,none,0
OI-002109,ORD-001356,PROD-00114,1,919,0,919,cancelled,none,1084
OI-002110,ORD-001357,PROD-00101,1,3299,329,2970,delivered,none,0
OI-002111,ORD-001358,PROD-00025,1,739,73,666,delivered,none,0
OI-002112,ORD-001359,PROD-00009,1,2699,0,2699,delivered,none,0
OI-002113,ORD-001360,PROD-00127,1,3199,159,3040,delivered,none,0
OI-002114,ORD-001360,PROD-00008,1,4299,214,4085,delivered,none,0
OI-002115,ORD-001360,PROD-00257,1,7699,384,7315,delivered,none,0
OI-002116,ORD-001360,PROD-00264,1,22999,1149,21850,delivered,none,0
OI-002117,ORD-001361,PROD-00174,1,7699,769,6930,delivered,none,0
OI-002118,ORD-001362,PROD-00161,1,6899,827,6072,delivered,none,0
OI-002119,ORD-001363,PROD-00020,1,149,11,138,delivered,none,0
OI-002120,ORD-001363,PROD-00029,1,149,11,138,delivered,none,0
OI-002121,ORD-001363,PROD-00002,1,3199,255,2944,delivered,none,0
OI-002122,ORD-001364,PROD-00174,1,7899,947,6952,returned,refunded,8203
OI-002123,ORD-001365,PROD-00010,1,5999,299,5700,delivered,none,0
OI-002124,ORD-001366,PROD-00281,1,4199,209,3990,cancelled,none,4708
OI-002125,ORD-001367,PROD-00222,1,109499,0,109499,delivered,none,0
OI-002126,ORD-001368,PROD-00029,1,149,11,138,delivered,none,0
OI-002127,ORD-001369,PROD-00111,2,999,0,1998,delivered,none,0
OI-002128,ORD-001369,PROD-00161,1,6899,0,6899,delivered,none,0
OI-002129,ORD-001369,PROD-00174,1,7899,0,7899,delivered,none,0
OI-002130,ORD-001370,PROD-00041,1,3099,309,2790,delivered,none,0
OI-002131,ORD-001371,PROD-00029,1,149,0,149,delivered,none,0
OI-002132,ORD-001372,PROD-00171,1,6699,0,6699,delivered,none,0
OI-002133,ORD-001373,PROD-00264,1,23999,0,23999,delivered,none,0
OI-002134,ORD-001374,PROD-00024,1,1299,0,1299,delivered,none,0
OI-002135,ORD-001375,PROD-00017,1,149,17,132,returned,refunded,156
OI-002136,ORD-001376,PROD-00174,1,7699,0,7699,delivered,none,0
OI-002137,ORD-001377,PROD-00005,1,5799,695,5104,delivered,none,0
OI-002138,ORD-001378,PROD-00104,1,11999,1199,10800,delivered,none,0
OI-002139,ORD-001378,PROD-00115,1,2099,209,1890,delivered,none,0
OI-002140,ORD-001379,PROD-00161,1,7399,369,7030,delivered,none,0
OI-002141,ORD-001380,PROD-00002,1,3499,0,3499,delivered,none,0
OI-002142,ORD-001380,PROD-00168,3,649,0,1947,delivered,none,0
OI-002143,ORD-001380,PROD-00020,2,149,0,298,delivered,none,0
OI-002144,ORD-001380,PROD-00021,1,4299,0,4299,delivered,none,0
OI-002145,ORD-001381,PROD-00176,1,7099,0,7099,delivered,none,0
OI-002146,ORD-001382,PROD-00248,1,4799,383,4416,delivered,none,0
OI-002147,ORD-001382,PROD-00013,1,4599,367,4232,delivered,none,0
OI-002148,ORD-001382,PROD-00017,3,139,33,384,delivered,none,0
OI-002149,ORD-001382,PROD-00247,1,12999,1039,11960,delivered,none,0
OI-002150,ORD-001383,PROD-00152,1,214999,21499,193500,delivered,none,0
OI-002151,ORD-001384,PROD-00099,1,999,0,999,delivered,none,0
OI-002152,ORD-001385,PROD-00251,1,7799,623,7176,cancelled,none,8468
OI-002153,ORD-001385,PROD-00017,2,149,23,275,cancelled,none,325
OI-002154,ORD-001386,PROD-00111,1,999,99,900,shipped,none,0
OI-002155,ORD-001386,PROD-00215,1,76499,7649,68850,shipped,none,0
OI-002156,ORD-001387,PROD-00072,1,6799,0,6799,delivered,none,0
OI-002157,ORD-001388,PROD-00080,1,4099,491,3608,delivered,none,0
OI-002158,ORD-001389,PROD-00114,1,999,0,999,delivered,none,0
OI-002159,ORD-001389,PROD-00132,2,649,0,1298,delivered,none,0
OI-002160,ORD-001390,PROD-00114,1,949,0,949,delivered,none,0
OI-002161,ORD-001391,PROD-00161,1,6899,0,6899,delivered,none,0
OI-002162,ORD-001392,PROD-00032,1,149,17,132,delivered,none,0
OI-002163,ORD-001392,PROD-00099,1,999,119,880,delivered,none,0
OI-002164,ORD-001392,PROD-00264,1,22999,2759,20240,delivered,none,0
OI-002165,ORD-001393,PROD-00174,1,7699,0,7699,delivered,none,0
OI-002166,ORD-001394,PROD-00251,1,8499,1019,7480,returned,refunded,8826
OI-002167,ORD-001395,PROD-00270,1,699,0,699,delivered,none,0
OI-002168,ORD-001395,PROD-00072,1,6299,0,6299,delivered,none,0
OI-002169,ORD-001396,PROD-00277,1,1099,0,1099,delivered,none,0
OI-002170,ORD-001397,PROD-00099,1,999,49,950,delivered,none,0
OI-002171,ORD-001398,PROD-00063,1,8599,0,8599,delivered,none,0
OI-002172,ORD-001399,PROD-00050,1,939,46,893,returned,refunded,1054
OI-002173,ORD-001400,PROD-00031,1,239,11,228,delivered,none,0
OI-002174,ORD-001400,PROD-00203,1,24999,1249,23750,delivered,none,0
OI-002175,ORD-001401,PROD-00259,1,9399,1127,8272,delivered,none,0
OI-002176,ORD-001402,PROD-00115,1,1999,199,1800,delivered,none,0
OI-002177,ORD-001403,PROD-00110,1,32499,1624,30875,returned,refunded,36433
OI-002178,ORD-001403,PROD-00278,1,14499,724,13775,returned,refunded,16255
OI-002179,ORD-001404,PROD-00168,1,709,35,674,delivered,none,0
OI-002180,ORD-001405,PROD-00214,1,24999,1999,23000,delivered,none,0
OI-002181,ORD-001405,PROD-00034,1,149,11,138,delivered,none,0
OI-002182,ORD-001406,PROD-00127,1,3199,383,2816,delivered,none,0
OI-002183,ORD-001406,PROD-00032,1,149,17,132,delivered,none,0
OI-002184,ORD-001407,PROD-00101,1,3299,164,3135,delivered,none,0
OI-002185,ORD-001408,PROD-00127,1,3199,159,3040,cancelled,none,0
OI-002186,ORD-001409,PROD-00095,1,14999,749,14250,delivered,none,0
OI-002187,ORD-001410,PROD-00008,1,4299,515,3784,delivered,none,0
OI-002188,ORD-001410,PROD-00033,1,6899,827,6072,delivered,none,0
OI-002189,ORD-001410,PROD-00007,2,169,40,298,delivered,none,0
OI-002190,ORD-001410,PROD-00132,1,649,77,572,delivered,none,0
OI-002191,ORD-001411,PROD-00017,2,149,0,298,delivered,none,0
OI-002192,ORD-001412,PROD-00254,1,1899,0,1899,delivered,none,0
OI-002193,ORD-001412,PROD-00021,1,3999,0,3999,returned,refunded,4719
OI-002194,ORD-001412,PROD-00072,1,6299,0,6299,delivered,none,0
OI-002195,ORD-001413,PROD-00269,1,2499,0,2499,delivered,none,0
OI-002196,ORD-001414,PROD-00003,1,1299,0,1299,delivered,none,0
OI-002197,ORD-001415,PROD-00025,1,679,67,612,delivered,none,0
OI-002198,ORD-001415,PROD-00127,1,3199,319,2880,delivered,none,0
OI-002199,ORD-001416,PROD-00132,2,649,64,1234,delivered,none,0
OI-002200,ORD-001417,PROD-00102,1,1499,0,1499,delivered,none,0
OI-002201,ORD-001418,PROD-00174,1,7699,0,7699,delivered,none,0
OI-002202,ORD-001419,PROD-00142,1,174999,8749,166250,delivered,none,0
OI-002203,ORD-001419,PROD-00249,1,8599,429,8170,delivered,none,0
OI-002204,ORD-001420,PROD-00174,1,7699,384,7315,delivered,none,0
OI-002205,ORD-001421,PROD-00161,1,6299,314,5985,delivered,none,0
OI-002206,ORD-001422,PROD-00030,2,1099,263,1935,delivered,none,0
OI-002207,ORD-001422,PROD-00007,1,179,21,158,delivered,none,0
OI-002208,ORD-001422,PROD-00100,1,27499,3299,24200,delivered,none,0
OI-002209,ORD-001423,PROD-00161,1,6899,0,6899,delivered,none,0
OI-002210,ORD-001424,PROD-00174,2,7899,1579,14219,delivered,none,0
OI-002211,ORD-001425,PROD-00017,1,149,0,149,delivered,none,0
OI-002212,ORD-001426,PROD-00161,1,6899,0,6899,delivered,none,0
OI-002213,ORD-001426,PROD-00029,1,149,0,149,delivered,none,0
OI-002214,ORD-001426,PROD-00019,1,2899,0,2899,delivered,none,0
OI-002215,ORD-001427,PROD-00142,1,179999,21599,158400,delivered,none,0
OI-002216,ORD-001428,PROD-00017,1,149,0,149,delivered,none,0
OI-002217,ORD-001428,PROD-00168,1,709,0,709,delivered,none,0
OI-002218,ORD-001428,PROD-00178,1,46999,0,46999,delivered,none,0
OI-002219,ORD-001428,PROD-00022,1,1399,0,1399,delivered,none,0
OI-002220,ORD-001428,PROD-00127,1,3299,0,3299,delivered,none,0
OI-002221,ORD-001429,PROD-00101,1,3299,395,2904,delivered,none,0
OI-002222,ORD-001430,PROD-00174,1,7699,923,6776,cancelled,none,7996
OI-002223,ORD-001430,PROD-00026,1,4299,515,3784,cancelled,none,4465
OI-002224,ORD-001431,PROD-00119,1,9899,0,9899,delivered,none,0
OI-002225,ORD-001432,PROD-00008,1,4099,491,3608,delivered,none,0
OI-002226,ORD-001432,PROD-00020,1,139,16,123,delivered,none,0
OI-002227,ORD-001433,PROD-00020,1,139,0,139,delivered,none,0
OI-002228,ORD-001433,PROD-00053,1,5799,0,5799,delivered,none,0
OI-002229,ORD-001434,PROD-00025,1,759,60,699,delivered,none,0
OI-002230,ORD-001434,PROD-00269,1,2399,191,2208,delivered,none,0
OI-002231,ORD-001434,PROD-00104,1,12499,999,11500,delivered,none,0
OI-002232,ORD-001435,PROD-00161,1,6299,503,5796,cancelled,none,6839
OI-002233,ORD-001436,PROD-00020,1,149,0,149,delivered,none,0
OI-002234,ORD-001436,PROD-00265,1,10999,0,10999,delivered,none,0
OI-002235,ORD-001436,PROD-00094,1,37999,0,37999,delivered,none,0
OI-002236,ORD-001437,PROD-00020,2,149,23,275,delivered,none,0
OI-002237,ORD-001438,PROD-00174,1,7699,923,6776,delivered,none,0
OI-002238,ORD-001438,PROD-00026,1,4499,539,3960,delivered,none,0
OI-002239,ORD-001438,PROD-00025,1,739,88,651,delivered,none,0
OI-002240,ORD-001439,PROD-00264,1,23499,0,23499,delivered,none,0
OI-002241,ORD-001439,PROD-00231,1,83499,0,83499,delivered,none,0
OI-002242,ORD-001440,PROD-00161,1,6899,0,6899,cancelled,none,8141
OI-002243,ORD-001441,PROD-00020,1,149,0,149,delivered,none,0
OI-002244,ORD-001441,PROD-00168,1,709,0,709,delivered,none,0
OI-002245,ORD-001442,PROD-00106,1,30499,1524,28975,delivered,none,0
OI-002246,ORD-001442,PROD-00008,1,3999,199,3800,delivered,none,0
OI-002247,ORD-001443,PROD-00024,1,1199,0,1199,returned,refunded,1415
OI-002248,ORD-001444,PROD-00019,1,2899,0,2899,delivered,none,0
OI-002249,ORD-001445,PROD-00259,1,8999,0,8999,delivered,none,0
OI-002250,ORD-001446,PROD-00007,1,169,0,169,delivered,none,0
OI-002251,ORD-001446,PROD-00155,1,168999,0,168999,delivered,none,0
OI-002252,ORD-001447,PROD-00222,1,100499,8039,92460,delivered,none,0
OI-002253,ORD-001447,PROD-00168,1,709,56,653,delivered,none,0
OI-002254,ORD-001447,PROD-00014,3,999,239,2758,delivered,none,0
OI-002255,ORD-001447,PROD-00002,1,3199,255,2944,delivered,none,0
OI-002256,ORD-001448,PROD-00007,1,159,19,140,returned,refunded,165
OI-002257,ORD-001449,PROD-00258,1,2099,0,2099,delivered,none,0
OI-002258,ORD-001450,PROD-00017,1,149,11,138,delivered,none,0
OI-002259,ORD-001451,PROD-00014,1,959,95,864,delivered,none,0
OI-002260,ORD-001452,PROD-00174,1,7299,0,7299,returned,refunded,8613
OI-002261,ORD-001453,PROD-00055,1,15499,1239,14260,delivered,none,0
OI-002262,ORD-001453,PROD-00174,1,7299,583,6716,delivered,none,0
OI-002263,ORD-001454,PROD-00111,1,999,0,999,shipped,none,0
OI-002264,ORD-001454,PROD-00057,1,2499,0,2499,shipped,none,0
OI-002265,ORD-001454,PROD-00278,1,14499,0,14499,shipped,none,0
OI-002266,ORD-001455,PROD-00017,1,149,0,149,delivered,none,0
OI-002267,ORD-001455,PROD-00033,1,6399,0,6399,delivered,none,0
OI-002268,ORD-001456,PROD-00029,1,139,16,123,cancelled,none,145
OI-002269,ORD-001457,PROD-00270,1,699,0,699,delivered,none,0
OI-002270,ORD-001457,PROD-00052,1,5399,0,5399,delivered,none,0
OI-002271,ORD-001457,PROD-00111,1,999,0,999,delivered,none,0
OI-002272,ORD-001457,PROD-00017,1,149,0,149,delivered,none,0
OI-002273,ORD-001458,PROD-00170,1,3199,319,2880,delivered,none,0
OI-002274,ORD-001459,PROD-00295,1,62499,3124,59375,delivered,none,0
OI-002275,ORD-001459,PROD-00126,1,13999,699,13300,delivered,none,0
OI-002276,ORD-001459,PROD-00025,1,679,33,646,delivered,none,0
OI-002277,ORD-001460,PROD-00017,1,149,14,135,delivered,none,0
OI-002278,ORD-001460,PROD-00174,2,7699,1539,13859,delivered,none,0
OI-002279,ORD-001460,PROD-00029,1,149,14,135,delivered,none,0
OI-002280,ORD-001460,PROD-00013,1,5099,509,4590,delivered,none,0
OI-002281,ORD-001461,PROD-00232,1,116999,0,116999,delivered,none,0
OI-002282,ORD-001462,PROD-00071,1,3699,369,3330,delivered,none,0
OI-002283,ORD-001463,PROD-00102,1,1499,0,1499,delivered,none,0
OI-002284,ORD-001464,PROD-00039,1,3099,154,2945,delivered,none,0
OI-002285,ORD-001465,PROD-00005,1,5799,0,5799,returned,refunded,6843
OI-002286,ORD-001466,PROD-00101,1,3299,0,3299,returned,refunded,3893
OI-002287,ORD-001467,PROD-00008,1,4299,0,4299,delivered,none,0
OI-002288,ORD-001468,PROD-00166,1,6199,495,5704,delivered,none,0
OI-002289,ORD-001469,PROD-00174,1,7699,923,6776,delivered,none,0
OI-002290,ORD-001470,PROD-00014,1,879,0,879,delivered,none,0
OI-002291,ORD-001471,PROD-00017,1,159,7,152,delivered,none,0
OI-002292,ORD-001472,PROD-00032,1,149,11,138,delivered,none,0
OI-002293,ORD-001473,PROD-00270,1,639,63,576,delivered,none,0
OI-002294,ORD-001474,PROD-00017,1,149,7,142,delivered,none,0
OI-002295,ORD-001475,PROD-00174,1,7299,0,7299,delivered,none,0
OI-002296,ORD-001476,PROD-00132,1,649,0,649,delivered,none,0
OI-002297,ORD-001477,PROD-00020,1,149,0,149,delivered,none,0
OI-002298,ORD-001477,PROD-00029,1,149,0,149,delivered,none,0
OI-002299,ORD-001477,PROD-00013,1,4699,0,4699,delivered,none,0
OI-002300,ORD-001477,PROD-00123,1,14499,0,14499,delivered,none,0
OI-002301,ORD-001478,PROD-00161,1,6899,0,6899,returned,refunded,8141
OI-002302,ORD-001479,PROD-00111,1,999,0,999,cancelled,none,0
OI-002303,ORD-001479,PROD-00073,1,999,0,999,cancelled,none,0
OI-002304,ORD-001480,PROD-00174,1,7099,0,7099,delivered,none,0
OI-002305,ORD-001480,PROD-00018,1,269,0,269,delivered,none,0
OI-002306,ORD-001481,PROD-00032,1,149,0,149,delivered,none,0
OI-002307,ORD-001481,PROD-00050,1,979,0,979,delivered,none,0
OI-002308,ORD-001482,PROD-00055,1,15499,0,15499,delivered,none,0
OI-002309,ORD-001483,PROD-00087,1,6899,0,6899,delivered,none,0
OI-002310,ORD-001483,PROD-00025,1,699,0,699,delivered,none,0
OI-002311,ORD-001483,PROD-00105,1,37999,0,37999,delivered,none,0
OI-002312,ORD-001484,PROD-00031,1,239,28,211,delivered,none,0
OI-002313,ORD-001484,PROD-00013,1,4699,563,4136,delivered,none,0
OI-002314,ORD-001485,PROD-00174,1,7699,769,6930,delivered,none,0
OI-002315,ORD-001486,PROD-00201,1,16999,0,16999,delivered,none,0
OI-002316,ORD-001486,PROD-00174,1,7699,0,7699,delivered,none,0
OI-002317,ORD-001487,PROD-00159,1,2199,219,1980,delivered,none,0
OI-002318,ORD-001488,PROD-00206,1,26499,2649,23850,cancelled,none,0
OI-002319,ORD-001488,PROD-00127,1,3199,319,2880,cancelled,none,0
OI-002320,ORD-001488,PROD-00057,1,2499,249,2250,cancelled,none,0
OI-002321,ORD-001489,PROD-00116,1,31499,0,31499,delivered,none,0
OI-002322,ORD-001490,PROD-00199,1,999,0,999,delivered,none,0
OI-002323,ORD-001490,PROD-00072,1,6799,0,6799,delivered,none,0
OI-002324,ORD-001490,PROD-00052,1,5899,0,5899,delivered,none,0
OI-002325,ORD-001490,PROD-00024,2,1199,0,2398,delivered,none,0
OI-002326,ORD-001490,PROD-00003,1,1299,0,1299,delivered,none,0
OI-002327,ORD-001491,PROD-00020,1,149,0,149,delivered,none,0
OI-002328,ORD-001491,PROD-00089,1,21499,0,21499,delivered,none,0
OI-002329,ORD-001492,PROD-00092,1,799,0,799,delivered,none,0
OI-002330,ORD-001493,PROD-00055,1,15499,0,15499,delivered,none,0
OI-002331,ORD-001493,PROD-00198,1,659,0,659,delivered,none,0
OI-002332,ORD-001493,PROD-00017,2,149,0,298,delivered,none,0
OI-002333,ORD-001494,PROD-00174,1,8299,414,7885,cancelled,none,9304
OI-002334,ORD-001494,PROD-00030,1,999,49,950,cancelled,none,1121
OI-002335,ORD-001495,PROD-00004,1,2399,191,2208,cancelled,none,2605
OI-002336,ORD-001495,PROD-00032,1,149,11,138,cancelled,none,163
OI-002337,ORD-001496,PROD-00055,1,14499,724,13775,delivered,none,0
OI-002338,ORD-001496,PROD-00157,1,174499,8724,165775,delivered,none,0
OI-002339,ORD-001497,PROD-00057,1,2499,199,2300,delivered,none,0
OI-002340,ORD-001498,PROD-00132,1,649,0,649,delivered,none,0
OI-002341,ORD-001498,PROD-00099,1,999,0,999,delivered,none,0
OI-002342,ORD-001499,PROD-00127,1,3299,0,3299,cancelled,none,3893
OI-002343,ORD-001500,PROD-00251,1,8499,0,8499,delivered,none,0
OI-002344,ORD-001500,PROD-00020,2,149,0,298,delivered,none,0
OI-002345,ORD-001501,PROD-00174,1,7999,959,7040,delivered,none,0
OI-002346,ORD-001501,PROD-00017,1,159,19,140,delivered,none,0
OI-002347,ORD-001501,PROD-00171,1,6699,803,5896,delivered,none,0
OI-002348,ORD-001501,PROD-00002,1,3199,383,2816,delivered,none,0
OI-002349,ORD-001501,PROD-00053,1,5799,695,5104,delivered,none,0
OI-002350,ORD-001502,PROD-00174,1,7699,615,7084,delivered,none,0
OI-002351,ORD-001502,PROD-00127,1,3199,255,2944,delivered,none,0
OI-002352,ORD-001503,PROD-00161,1,6899,0,6899,delivered,none,0
OI-002353,ORD-001504,PROD-00161,1,6899,0,6899,delivered,none,0
OI-002354,ORD-001505,PROD-00203,1,24999,1999,23000,delivered,none,0
OI-002355,ORD-001506,PROD-00014,1,879,0,879,delivered,none,0
OI-002356,ORD-001507,PROD-00251,1,7799,0,7799,delivered,none,0
OI-002357,ORD-001508,PROD-00021,1,3999,479,3520,delivered,none,0
OI-002358,ORD-001509,PROD-00168,1,709,85,624,delivered,none,0
OI-002359,ORD-001509,PROD-00289,1,43999,5279,38720,delivered,none,0
OI-002360,ORD-001510,PROD-00052,1,5599,0,5599,delivered,none,0
OI-002361,ORD-001510,PROD-00114,1,999,0,999,delivered,none,0
OI-002362,ORD-001510,PROD-00174,1,7699,0,7699,delivered,none,0
OI-002363,ORD-001511,PROD-00052,1,5399,0,5399,delivered,none,0
OI-002364,ORD-001512,PROD-00161,1,6899,689,6210,delivered,none,0
OI-002365,ORD-001512,PROD-00003,1,1399,139,1260,delivered,none,0
OI-002366,ORD-001512,PROD-00029,1,139,13,126,delivered,none,0
OI-002367,ORD-001513,PROD-00083,1,39999,0,39999,cancelled,none,0
OI-002368,ORD-001513,PROD-00028,1,5199,0,5199,cancelled,none,0
OI-002369,ORD-001513,PROD-00159,1,1799,0,1799,cancelled,none,0
OI-002370,ORD-001513,PROD-00005,1,5799,0,5799,cancelled,none,0
OI-002371,ORD-001514,PROD-00018,2,269,64,474,delivered,none,0
OI-002372,ORD-001515,PROD-00103,1,14999,0,14999,delivered,none,0
OI-002373,ORD-001516,PROD-00269,1,2599,311,2288,cancelled,none,0
OI-002374,ORD-001517,PROD-00011,1,309,15,294,delivered,none,0
OI-002375,ORD-001518,PROD-00017,1,149,17,132,delivered,none,0
OI-002376,ORD-001519,PROD-00174,1,8299,0,8299,delivered,none,0
OI-002377,ORD-001520,PROD-00127,1,3499,0,3499,delivered,none,0
OI-002378,ORD-001521,PROD-00245,1,20999,0,20999,delivered,none,0
OI-002379,ORD-001522,PROD-00017,1,149,0,149,delivered,none,0
OI-002380,ORD-001523,PROD-00017,1,149,11,138,delivered,none,0
OI-002381,ORD-001524,PROD-00032,1,139,0,139,delivered,none,0
OI-002382,ORD-001524,PROD-00271,1,12499,0,12499,delivered,none,0
OI-002383,ORD-001525,PROD-00007,1,169,0,169,delivered,none,0
OI-002384,ORD-001525,PROD-00014,1,999,0,999,delivered,none,0
OI-002385,ORD-001526,PROD-00251,1,8499,0,8499,delivered,none,0
OI-002386,ORD-001527,PROD-00196,1,17999,1799,16200,delivered,none,0
OI-002387,ORD-001527,PROD-00013,1,5299,529,4770,delivered,none,0
OI-002388,ORD-001527,PROD-00017,1,149,14,135,delivered,none,0
OI-002389,ORD-001527,PROD-00036,1,26999,2699,24300,delivered,none,0
OI-002390,ORD-001528,PROD-00036,1,25999,0,25999,delivered,none,0
OI-002391,ORD-001529,PROD-00030,1,1099,131,968,delivered,none,0
OI-002392,ORD-001530,PROD-00111,1,919,91,828,delivered,none,0
OI-002393,ORD-001531,PROD-00051,1,5599,671,4928,delivered,none,0
OI-002394,ORD-001531,PROD-00018,1,289,34,255,delivered,none,0
OI-002395,ORD-001532,PROD-00054,1,6999,0,6999,delivered,none,0
OI-002396,ORD-001533,PROD-00261,1,21999,2639,19360,delivered,none,0
OI-002397,ORD-001534,PROD-00120,1,6699,0,6699,delivered,none,0
OI-002398,ORD-001534,PROD-00111,1,999,0,999,delivered,none,0
OI-002399,ORD-001534,PROD-00008,1,3999,0,3999,delivered,none,0
OI-002400,ORD-001535,PROD-00064,2,1699,0,3398,delivered,none,0
OI-002401,ORD-001536,PROD-00052,1,5899,0,5899,delivered,none,0
OI-002402,ORD-001537,PROD-00104,1,12499,624,11875,delivered,none,0
OI-002403,ORD-001537,PROD-00032,2,149,14,284,delivered,none,0
OI-002404,ORD-001537,PROD-00100,1,27499,1374,26125,delivered,none,0
OI-002405,ORD-001537,PROD-00264,1,22999,1149,21850,delivered,none,0
OI-002406,ORD-001537,PROD-00028,1,4799,239,4560,delivered,none,0
OI-002407,ORD-001538,PROD-00169,1,2799,279,2520,delivered,none,0
OI-002408,ORD-001539,PROD-00237,1,70499,0,70499,delivered,none,0
OI-002409,ORD-001540,PROD-00280,1,10499,0,10499,cancelled,none,12389
OI-002410,ORD-001540,PROD-00174,1,7999,0,7999,cancelled,none,9439
OI-002411,ORD-001541,PROD-00266,1,26499,1324,25175,delivered,none,0
OI-002412,ORD-001542,PROD-00029,1,149,0,149,delivered,none,0
OI-002413,ORD-001543,PROD-00072,1,6299,503,5796,delivered,none,0
OI-002414,ORD-001544,PROD-00161,1,6899,344,6555,delivered,none,0
OI-002415,ORD-001544,PROD-00084,1,18499,924,17575,delivered,none,0
OI-002416,ORD-001544,PROD-00174,1,7999,399,7600,delivered,none,0
OI-002417,ORD-001545,PROD-00005,1,5799,0,5799,delivered,none,0
OI-002418,ORD-001546,PROD-00033,1,5899,294,5605,delivered,none,0
OI-002419,ORD-001547,PROD-00052,1,5899,0,5899,delivered,none,0
OI-002420,ORD-001548,PROD-00264,1,22999,0,22999,returned,refunded,27139
OI-002421,ORD-001549,PROD-00161,1,6899,0,6899,cancelled,none,8141
OI-002422,ORD-001550,PROD-00017,1,149,7,142,returned,refunded,168
OI-002423,ORD-001551,PROD-00174,1,7699,0,7699,delivered,none,0
OI-002424,ORD-001552,PROD-00124,1,1499,0,1499,delivered,none,0
OI-002425,ORD-001553,PROD-00020,1,149,17,132,delivered,none,0
OI-002426,ORD-001553,PROD-00264,1,22999,2759,20240,delivered,none,0
OI-002427,ORD-001553,PROD-00123,1,15999,1919,14080,delivered,none,0
OI-002428,ORD-001554,PROD-00159,1,1999,0,1999,delivered,none,0
OI-002429,ORD-001555,PROD-00104,1,12499,0,12499,delivered,none,0
OI-002430,ORD-001556,PROD-00127,1,3199,319,2880,shipped,none,0
OI-002431,ORD-001557,PROD-00164,1,5599,0,5599,delivered,none,0
OI-002432,ORD-001558,PROD-00109,1,3099,0,3099,delivered,none,0
OI-002433,ORD-001558,PROD-00087,1,7499,0,7499,delivered,none,0
OI-002434,ORD-001559,PROD-00003,3,1399,0,4197,cancelled,none,4952
OI-002435,ORD-001560,PROD-00270,1,719,0,719,delivered,none,0
OI-002436,ORD-001561,PROD-00111,1,999,99,900,delivered,none,0
OI-002437,ORD-001562,PROD-00202,1,6599,0,6599,delivered,none,0
OI-002438,ORD-001562,PROD-00018,1,289,0,289,delivered,none,0
OI-002439,ORD-001562,PROD-00010,1,5999,0,5999,delivered,none,0
OI-002440,ORD-001563,PROD-00174,1,7999,0,7999,cancelled,none,9439
OI-002441,ORD-001564,PROD-00072,1,7299,364,6935,delivered,none,0
OI-002442,ORD-001565,PROD-00240,1,7999,639,7360,delivered,none,0
OI-002443,ORD-001566,PROD-00145,1,120499,14459,106040,delivered,none,0
OI-002444,ORD-001567,PROD-00072,1,6799,0,6799,delivered,none,0
OI-002445,ORD-001567,PROD-00084,1,18499,0,18499,delivered,none,0
OI-002446,ORD-001567,PROD-00264,1,22999,0,22999,delivered,none,0
OI-002447,ORD-001567,PROD-00017,1,149,0,149,delivered,none,0
OI-002448,ORD-001568,PROD-00127,1,3299,0,3299,delivered,none,0
OI-002449,ORD-001568,PROD-00017,2,139,0,278,delivered,none,0
OI-002450,ORD-001569,PROD-00029,2,149,0,298,delivered,none,0
OI-002451,ORD-001570,PROD-00174,1,7699,0,7699,delivered,none,0
OI-002452,ORD-001571,PROD-00202,1,6999,839,6160,delivered,none,0
OI-002453,ORD-001571,PROD-00127,1,3499,419,3080,delivered,none,0
OI-002454,ORD-001572,PROD-00269,1,2499,124,2375,delivered,none,0
OI-002455,ORD-001572,PROD-00005,1,5299,264,5035,delivered,none,0
OI-002456,ORD-001573,PROD-00132,1,649,0,649,delivered,rejected,0
OI-002457,ORD-001573,PROD-00020,1,159,0,159,returned,refunded,188
OI-002458,ORD-001573,PROD-00275,1,36499,0,36499,returned,refunded,43069
OI-002459,ORD-001574,PROD-00104,1,12999,0,12999,delivered,none,0
OI-002460,ORD-001575,PROD-00029,1,149,11,138,delivered,none,0
OI-002461,ORD-001575,PROD-00172,2,1099,175,2023,delivered,none,0
OI-002462,ORD-001576,PROD-00269,1,2299,114,2185,delivered,none,0
OI-002463,ORD-001577,PROD-00068,1,13999,699,13300,delivered,none,0
OI-002464,ORD-001578,PROD-00073,1,999,49,950,delivered,none,0
OI-002465,ORD-001579,PROD-00032,1,149,0,149,delivered,none,0
OI-002466,ORD-001579,PROD-00268,1,44999,0,44999,delivered,none,0
OI-002467,ORD-001580,PROD-00199,1,1099,0,1099,delivered,none,0
OI-002468,ORD-001581,PROD-00060,1,10999,0,10999,delivered,none,0
OI-002469,ORD-001581,PROD-00174,1,7699,0,7699,delivered,none,0
OI-002470,ORD-001582,PROD-00053,1,5799,579,5220,delivered,none,0
OI-002471,ORD-001583,PROD-00259,1,8999,0,8999,delivered,none,0
OI-002472,ORD-001583,PROD-00099,1,999,0,999,delivered,none,0
OI-002473,ORD-001584,PROD-00101,1,3299,0,3299,delivered,none,0
OI-002474,ORD-001584,PROD-00053,1,6299,0,6299,delivered,none,0
OI-002475,ORD-001584,PROD-00080,1,4499,0,4499,delivered,none,0
OI-002476,ORD-001585,PROD-00061,1,4499,224,4275,delivered,none,0
OI-002477,ORD-001585,PROD-00132,1,649,32,617,delivered,none,0
OI-002478,ORD-001585,PROD-00013,1,4999,249,4750,delivered,none,0
OI-002479,ORD-001586,PROD-00211,1,5699,455,5244,delivered,none,0
OI-002480,ORD-001586,PROD-00016,1,1999,159,1840,delivered,none,0
OI-002481,ORD-001586,PROD-00271,1,12499,999,11500,delivered,none,0
OI-002482,ORD-001586,PROD-00264,1,24999,1999,23000,delivered,none,0
OI-002483,ORD-001587,PROD-00174,1,7899,0,7899,delivered,none,0
OI-002484,ORD-001587,PROD-00008,1,4299,0,4299,delivered,none,0
OI-002485,ORD-001587,PROD-00260,2,4599,0,9198,delivered,none,0
OI-002486,ORD-001588,PROD-00164,1,5599,0,5599,delivered,none,0
OI-002487,ORD-001588,PROD-00034,1,149,0,149,delivered,none,0
OI-002488,ORD-001589,PROD-00203,1,25999,3119,22880,delivered,none,0
OI-002489,ORD-001590,PROD-00271,1,11999,0,11999,delivered,none,0
OI-002490,ORD-001591,PROD-00021,1,3699,443,3256,delivered,none,0
OI-002491,ORD-001592,PROD-00017,1,149,14,135,delivered,none,0
OI-002492,ORD-001593,PROD-00086,1,56499,2824,53675,delivered,none,0
OI-002493,ORD-001593,PROD-00174,1,7699,384,7315,delivered,none,0
OI-002494,ORD-001594,PROD-00033,1,5899,0,5899,delivered,none,0
OI-002495,ORD-001594,PROD-00257,1,7099,0,7099,delivered,none,0
OI-002496,ORD-001595,PROD-00225,1,19499,0,19499,delivered,none,0
OI-002497,ORD-001595,PROD-00072,1,6999,0,6999,delivered,none,0
OI-002498,ORD-001596,PROD-00114,1,999,0,999,delivered,rejected,0
OI-002499,ORD-001596,PROD-00262,1,11999,0,11999,returned,refunded,14159
OI-002500,ORD-001596,PROD-00121,1,4999,0,4999,delivered,rejected,0
OI-002501,ORD-001597,PROD-00012,1,149,7,142,delivered,none,0
OI-002502,ORD-001597,PROD-00127,1,2999,149,2850,delivered,none,0
OI-002503,ORD-001598,PROD-00238,1,30999,2479,28520,delivered,none,0
OI-002504,ORD-001599,PROD-00265,1,9999,799,9200,cancelled,none,10856
OI-002505,ORD-001600,PROD-00161,1,6899,551,6348,delivered,none,0
OI-002506,ORD-001601,PROD-00080,1,4499,539,3960,delivered,none,0
OI-002507,ORD-001602,PROD-00017,2,149,14,284,delivered,none,0
OI-002508,ORD-001602,PROD-00133,1,499,24,475,delivered,none,0
OI-002509,ORD-001603,PROD-00067,1,5399,647,4752,delivered,none,0
OI-002510,ORD-001604,PROD-00255,1,1399,0,1399,returned,refunded,1651
OI-002511,ORD-001605,PROD-00017,2,149,23,275,delivered,none,0
OI-002512,ORD-001605,PROD-00296,1,11499,919,10580,delivered,none,0
OI-002513,ORD-001606,PROD-00104,1,12499,0,12499,delivered,none,0
OI-002514,ORD-001607,PROD-00118,1,579,57,522,delivered,none,0
OI-002515,ORD-001608,PROD-00034,1,149,0,149,delivered,none,0
OI-002516,ORD-001608,PROD-00114,1,999,0,999,delivered,none,0
OI-002517,ORD-001609,PROD-00227,1,51999,0,51999,delivered,none,0
OI-002518,ORD-001610,PROD-00017,1,149,0,149,delivered,none,0
OI-002519,ORD-001610,PROD-00021,1,3999,0,3999,delivered,none,0
OI-002520,ORD-001610,PROD-00114,1,999,0,999,delivered,none,0
OI-002521,ORD-001610,PROD-00176,1,7699,0,7699,delivered,none,0
OI-002522,ORD-001611,PROD-00174,1,7699,923,6776,delivered,none,0
OI-002523,ORD-001612,PROD-00174,1,7899,0,7899,delivered,none,0
OI-002524,ORD-001612,PROD-00001,1,4799,0,4799,delivered,none,0
OI-002525,ORD-001612,PROD-00224,1,133999,0,133999,delivered,none,0
OI-002526,ORD-001613,PROD-00057,1,2599,0,2599,delivered,none,0
OI-002527,ORD-001613,PROD-00127,1,3199,0,3199,delivered,none,0
OI-002528,ORD-001613,PROD-00111,1,999,0,999,delivered,none,0
OI-002529,ORD-001613,PROD-00098,1,20499,0,20499,delivered,none,0
OI-002530,ORD-001613,PROD-00255,1,1399,0,1399,delivered,none,0
OI-002531,ORD-001614,PROD-00265,1,10499,0,10499,delivered,none,0
OI-002532,ORD-001614,PROD-00006,1,149,0,149,delivered,none,0
OI-002533,ORD-001614,PROD-00061,1,4299,0,4299,delivered,none,0
OI-002534,ORD-001615,PROD-00161,1,7199,863,6336,delivered,none,0
OI-002535,ORD-001616,PROD-00080,1,4499,0,4499,cancelled,none,0
OI-002536,ORD-001616,PROD-00016,1,1999,0,1999,cancelled,none,0
OI-002537,ORD-001617,PROD-00127,1,3299,395,2904,delivered,none,0
OI-002538,ORD-001617,PROD-00017,1,149,17,132,delivered,none,0
OI-002539,ORD-001617,PROD-00053,1,5299,635,4664,delivered,none,0
OI-002540,ORD-001618,PROD-00029,1,149,14,135,delivered,none,0
OI-002541,ORD-001618,PROD-00055,1,15499,1549,13950,delivered,none,0
OI-002542,ORD-001619,PROD-00067,1,5399,431,4968,delivered,none,0
OI-002543,ORD-001619,PROD-00165,1,4099,327,3772,delivered,none,0
OI-002544,ORD-001620,PROD-00127,1,3199,383,2816,delivered,none,0
OI-002545,ORD-001621,PROD-00114,1,999,79,920,cancelled,none,0
OI-002546,ORD-001621,PROD-00057,1,2499,199,2300,cancelled,none,0
OI-002547,ORD-001622,PROD-00020,1,149,0,149,delivered,none,0
OI-002548,ORD-001623,PROD-00101,1,3299,0,3299,delivered,none,0
OI-002549,ORD-001623,PROD-00251,1,8099,0,8099,delivered,none,0
OI-002550,ORD-001623,PROD-00127,1,3199,0,3199,delivered,none,0
OI-002551,ORD-001624,PROD-00002,1,3199,159,3040,delivered,none,0
OI-002552,ORD-001625,PROD-00077,1,34999,0,34999,delivered,none,0
OI-002553,ORD-001626,PROD-00174,1,7699,0,7699,delivered,none,0
OI-002554,ORD-001627,PROD-00014,1,959,0,959,delivered,none,0
OI-002555,ORD-001628,PROD-00072,1,7099,0,7099,delivered,none,0
OI-002556,ORD-001629,PROD-00269,1,2499,0,2499,delivered,none,0
OI-002557,ORD-001629,PROD-00020,1,149,0,149,delivered,none,0
OI-002558,ORD-001630,PROD-00107,1,1699,135,1564,delivered,none,0
OI-002559,ORD-001630,PROD-00132,1,599,47,552,delivered,none,0
OI-002560,ORD-001631,PROD-00023,1,199,15,184,delivered,none,0
OI-002561,ORD-001631,PROD-00072,1,6799,543,6256,delivered,none,0
OI-002562,ORD-001632,PROD-00025,1,769,0,769,delivered,none,0
OI-002563,ORD-001632,PROD-00161,1,6899,0,6899,delivered,none,0
OI-002564,ORD-001632,PROD-00132,1,649,0,649,delivered,none,0
OI-002565,ORD-001633,PROD-00286,1,23999,1919,22080,delivered,none,0
OI-002566,ORD-001633,PROD-00025,1,739,59,680,delivered,none,0
OI-002567,ORD-001634,PROD-00111,1,919,91,828,delivered,none,0
OI-002568,ORD-001635,PROD-00168,1,709,0,709,delivered,none,0
OI-002569,ORD-001635,PROD-00152,1,197999,0,197999,delivered,none,0
OI-002570,ORD-001635,PROD-00017,1,149,0,149,delivered,none,0
OI-002571,ORD-001636,PROD-00021,1,3999,0,3999,delivered,none,0
OI-002572,ORD-001637,PROD-00014,1,959,0,959,delivered,none,0
OI-002573,ORD-001638,PROD-00148,1,75999,7599,68400,delivered,none,0
OI-002574,ORD-001639,PROD-00264,1,20999,0,20999,delivered,none,0
OI-002575,ORD-001640,PROD-00079,1,52499,5249,47250,cancelled,none,55755
OI-002576,ORD-001640,PROD-00003,1,1299,129,1170,cancelled,none,1381
OI-002577,ORD-001641,PROD-00053,1,5799,695,5104,delivered,none,0
OI-002578,ORD-001642,PROD-00055,1,15499,0,15499,delivered,none,0
OI-002579,ORD-001643,PROD-00264,1,23999,0,23999,delivered,none,0
OI-002580,ORD-001644,PROD-00170,1,3199,0,3199,delivered,none,0
OI-002581,ORD-001644,PROD-00251,1,8799,0,8799,delivered,none,0
OI-002582,ORD-001645,PROD-00210,1,13499,1349,12150,delivered,none,0
OI-002583,ORD-001645,PROD-00168,3,649,194,1753,delivered,none,0
OI-002584,ORD-001645,PROD-00017,2,149,29,269,delivered,none,0
OI-002585,ORD-001646,PROD-00134,1,15499,0,15499,delivered,none,0
OI-002586,ORD-001646,PROD-00174,1,7699,0,7699,delivered,none,0
OI-002587,ORD-001647,PROD-00017,1,149,0,149,cancelled,none,176
OI-002588,ORD-001648,PROD-00174,1,7899,0,7899,delivered,none,0
OI-002589,ORD-001648,PROD-00026,1,4599,0,4599,delivered,none,0
OI-002590,ORD-001648,PROD-00121,1,4999,0,4999,delivered,none,0
OI-002591,ORD-001649,PROD-00020,2,139,0,278,delivered,none,0
OI-002592,ORD-001649,PROD-00161,1,6899,0,6899,delivered,none,0
OI-002593,ORD-001650,PROD-00161,1,6599,791,5808,delivered,none,0
OI-002594,ORD-001650,PROD-00174,1,7899,947,6952,delivered,none,0
OI-002595,ORD-001651,PROD-00092,1,829,82,747,delivered,none,0
OI-002596,ORD-001651,PROD-00193,1,35999,3599,32400,delivered,none,0
OI-002597,ORD-001651,PROD-00087,1,7499,749,6750,delivered,none,0
OI-002598,ORD-001651,PROD-00277,1,1099,109,990,delivered,none,0
OI-002599,ORD-001652,PROD-00002,1,3199,0,3199,delivered,none,0
OI-002600,ORD-001653,PROD-00007,1,169,0,169,delivered,none,0
OI-002601,ORD-001654,PROD-00022,1,1499,149,1350,delivered,none,0
OI-002602,ORD-001654,PROD-00018,1,299,29,270,delivered,none,0
OI-002603,ORD-001654,PROD-00099,1,999,99,900,delivered,none,0
OI-002604,ORD-001655,PROD-00127,1,2899,347,2552,delivered,none,0
OI-002605,ORD-001655,PROD-00222,1,109499,13139,96360,delivered,none,0
OI-002606,ORD-001656,PROD-00020,1,149,0,149,delivered,none,0
OI-002607,ORD-001657,PROD-00032,1,149,0,149,delivered,none,0
OI-002608,ORD-001658,PROD-00026,1,4299,343,3956,delivered,none,0
OI-002609,ORD-001659,PROD-00269,1,2499,249,2250,delivered,none,0
OI-002610,ORD-001659,PROD-00111,1,999,99,900,delivered,none,0
OI-002611,ORD-001660,PROD-00017,1,159,0,159,delivered,none,0
OI-002612,ORD-001661,PROD-00099,1,999,49,950,delivered,none,0
OI-002613,ORD-001662,PROD-00174,1,7899,789,7110,delivered,none,0
OI-002614,ORD-001662,PROD-00231,1,77499,7749,69750,delivered,none,0
OI-002615,ORD-001663,PROD-00016,1,1999,0,1999,delivered,none,0
OI-002616,ORD-001663,PROD-00161,1,6899,0,6899,delivered,none,0
OI-002617,ORD-001664,PROD-00265,1,10999,549,10450,delivered,none,0
OI-002618,ORD-001664,PROD-00263,1,9999,499,9500,delivered,none,0
OI-002619,ORD-001665,PROD-00099,1,999,99,900,delivered,none,0
OI-002620,ORD-001666,PROD-00048,1,64999,6499,58500,delivered,none,0
OI-002621,ORD-001667,PROD-00127,1,3199,0,3199,cancelled,none,0
OI-002622,ORD-001667,PROD-00017,1,149,0,149,cancelled,none,0
OI-002623,ORD-001668,PROD-00174,1,7699,384,7315,delivered,none,0
OI-002624,ORD-001669,PROD-00006,1,139,0,139,delivered,none,0
OI-002625,ORD-001669,PROD-00174,1,7699,0,7699,delivered,none,0
OI-002626,ORD-001670,PROD-00248,1,4799,239,4560,delivered,none,0
OI-002627,ORD-001670,PROD-00159,2,1999,199,3799,delivered,none,0
OI-002628,ORD-001671,PROD-00017,1,149,0,149,delivered,none,0
OI-002629,ORD-001672,PROD-00127,1,3199,319,2880,delivered,none,0
OI-002630,ORD-001673,PROD-00120,1,6499,0,6499,delivered,none,0
OI-002631,ORD-001674,PROD-00174,1,7999,959,7040,delivered,none,0
OI-002632,ORD-001675,PROD-00176,1,7299,729,6570,delivered,rejected,0
OI-002633,ORD-001676,PROD-00061,1,4299,0,4299,delivered,none,0
OI-002634,ORD-001677,PROD-00224,1,129999,10399,119600,delivered,none,0
OI-002635,ORD-001677,PROD-00104,1,12499,999,11500,delivered,none,0
OI-002636,ORD-001678,PROD-00114,1,999,119,880,delivered,none,0
OI-002637,ORD-001679,PROD-00101,1,3299,0,3299,delivered,none,0
OI-002638,ORD-001680,PROD-00127,1,3199,319,2880,delivered,none,0
OI-002639,ORD-001681,PROD-00269,1,2499,299,2200,delivered,none,0
OI-002640,ORD-001681,PROD-00005,1,5799,695,5104,delivered,none,0
OI-002641,ORD-001681,PROD-00132,1,649,77,572,delivered,none,0
OI-002642,ORD-001682,PROD-00001,1,4899,587,4312,delivered,none,0
OI-002643,ORD-001683,PROD-00017,1,149,0,149,returned,refunded,176
OI-002644,ORD-001684,PROD-00185,1,6799,543,6256,delivered,none,0
OI-002645,ORD-001685,PROD-00026,1,4299,214,4085,delivered,none,0
OI-002646,ORD-001686,PROD-00057,1,2699,0,2699,delivered,none,0
OI-002647,ORD-001687,PROD-00286,1,25499,0,25499,delivered,none,0
OI-002648,ORD-001688,PROD-00096,1,8899,1067,7832,delivered,none,0
OI-002649,ORD-001689,PROD-00086,1,56499,0,56499,delivered,none,0
OI-002650,ORD-001689,PROD-00057,1,2499,0,2499,delivered,none,0
OI-002651,ORD-001689,PROD-00006,2,149,0,298,delivered,none,0
OI-002652,ORD-001690,PROD-00223,1,76499,0,76499,delivered,none,0
OI-002653,ORD-001691,PROD-00025,1,739,36,703,cancelled,none,830
OI-002654,ORD-001692,PROD-00273,1,1199,0,1199,delivered,none,0
OI-002655,ORD-001693,PROD-00017,2,149,14,284,delivered,none,0
OI-002656,ORD-001694,PROD-00017,1,149,14,135,returned,refunded,159
OI-002657,ORD-001695,PROD-00174,1,7099,0,7099,delivered,none,0
OI-002658,ORD-001696,PROD-00031,1,219,26,193,delivered,none,0
OI-002659,ORD-001697,PROD-00017,1,149,0,149,delivered,none,0
OI-002660,ORD-001698,PROD-00032,1,149,0,149,delivered,none,0
OI-002661,ORD-001699,PROD-00204,1,27499,0,27499,delivered,none,0
OI-002662,ORD-001700,PROD-00251,1,8099,0,8099,delivered,none,0
OI-002663,ORD-001701,PROD-00158,1,101999,12239,89760,delivered,none,0
OI-002664,ORD-001702,PROD-00114,1,999,49,950,delivered,none,0
OI-002665,ORD-001702,PROD-00061,1,4299,214,4085,delivered,none,0
OI-002666,ORD-001703,PROD-00050,1,939,0,939,delivered,none,0
OI-002667,ORD-001704,PROD-00116,1,30499,3049,27450,delivered,none,0
OI-002668,ORD-001704,PROD-00248,1,4799,479,4320,delivered,rejected,0
OI-002669,ORD-001705,PROD-00142,1,174999,8749,166250,delivered,none,0
OI-002670,ORD-001705,PROD-00174,1,8299,414,7885,delivered,none,0
OI-002671,ORD-001705,PROD-00176,1,7699,384,7315,delivered,none,0
OI-002672,ORD-001705,PROD-00017,1,149,7,142,delivered,none,0
OI-002673,ORD-001705,PROD-00020,1,149,7,142,delivered,none,0
OI-002674,ORD-001706,PROD-00099,1,919,73,846,cancelled,none,998
OI-002675,ORD-001707,PROD-00161,1,7199,575,6624,delivered,none,0
OI-002676,ORD-001707,PROD-00057,1,2399,191,2208,delivered,none,0
OI-002677,ORD-001708,PROD-00069,1,1299,155,1144,delivered,none,0
OI-002678,ORD-001709,PROD-00161,1,6899,551,6348,delivered,none,0
OI-002679,ORD-001709,PROD-00287,1,35499,2839,32660,delivered,none,0
OI-002680,ORD-001710,PROD-00020,2,149,0,298,delivered,none,0
OI-002681,ORD-001711,PROD-00003,1,1399,0,1399,delivered,none,0
OI-002682,ORD-001712,PROD-00072,1,6799,0,6799,delivered,none,0
OI-002683,ORD-001713,PROD-00252,1,14499,0,14499,delivered,none,0
OI-002684,ORD-001714,PROD-00013,1,4999,499,4500,delivered,none,0
OI-002685,ORD-001714,PROD-00029,1,139,13,126,delivered,none,0
OI-002686,ORD-001715,PROD-00127,1,2999,0,2999,cancelled,none,0
OI-002687,ORD-001715,PROD-00003,2,1399,0,2798,cancelled,none,0
OI-002688,ORD-001715,PROD-00029,1,149,0,149,cancelled,none,0
OI-002689,ORD-001716,PROD-00161,1,6899,0,6899,delivered,none,0
OI-002690,ORD-001717,PROD-00170,1,3199,255,2944,delivered,none,0
OI-002691,ORD-001718,PROD-00111,1,999,119,880,delivered,none,0
OI-002692,ORD-001719,PROD-00296,1,11499,1149,10350,delivered,none,0
OI-002693,ORD-001720,PROD-00127,1,2999,0,2999,delivered,none,0
OI-002694,ORD-001721,PROD-00017,1,149,0,149,delivered,none,0
OI-002695,ORD-001722,PROD-00264,1,22999,0,22999,delivered,none,0
OI-002696,ORD-001723,PROD-00206,1,24999,0,24999,delivered,none,0
OI-002697,ORD-001723,PROD-00017,1,149,0,149,delivered,none,0
OI-002698,ORD-001724,PROD-00158,1,101999,0,101999,delivered,none,0
OI-002699,ORD-001724,PROD-00150,1,92499,0,92499,delivered,none,0
OI-002700,ORD-001725,PROD-00033,1,6699,0,6699,delivered,none,0
OI-002701,ORD-001726,PROD-00269,1,2499,299,2200,delivered,none,0
OI-002702,ORD-001726,PROD-00182,1,56999,6839,50160,delivered,none,0
OI-002703,ORD-001726,PROD-00017,1,149,17,132,delivered,none,0
OI-002704,ORD-001727,PROD-00036,1,24999,0,24999,delivered,none,0
OI-002705,ORD-001728,PROD-00104,1,12999,1299,11700,delivered,none,0
OI-002706,ORD-001729,PROD-00117,1,1899,189,1710,delivered,none,0
OI-002707,ORD-001730,PROD-00054,1,7599,911,6688,delivered,none,0
OI-002708,ORD-001730,PROD-00080,1,4499,539,3960,delivered,rejected,0
OI-002709,ORD-001731,PROD-00130,1,12499,0,12499,delivered,none,0
OI-002710,ORD-001732,PROD-00008,1,4499,0,4499,delivered,none,0
OI-002711,ORD-001733,PROD-00053,1,5799,463,5336,delivered,none,0
OI-002712,ORD-001734,PROD-00174,1,7999,639,7360,delivered,none,0
OI-002713,ORD-001735,PROD-00273,1,1199,59,1140,delivered,none,0
OI-002714,ORD-001735,PROD-00017,1,149,7,142,delivered,none,0
OI-002715,ORD-001735,PROD-00257,1,7099,354,6745,delivered,none,0
OI-002716,ORD-001735,PROD-00025,1,739,36,703,delivered,none,0
OI-002717,ORD-001736,PROD-00260,1,5199,623,4576,delivered,none,0
OI-002718,ORD-001736,PROD-00152,1,197999,23759,174240,delivered,none,0
OI-002719,ORD-001736,PROD-00269,1,2399,287,2112,delivered,none,0
OI-002720,ORD-001737,PROD-00269,1,2499,0,2499,delivered,none,0
OI-002721,ORD-001737,PROD-00009,1,2599,0,2599,delivered,none,0
OI-002722,ORD-001737,PROD-00259,1,9399,0,9399,delivered,none,0
OI-002723,ORD-001738,PROD-00059,1,499,49,450,delivered,none,0
OI-002724,ORD-001739,PROD-00017,1,149,0,149,delivered,none,0
OI-002725,ORD-001739,PROD-00025,1,779,0,779,delivered,none,0
OI-002726,ORD-001740,PROD-00174,1,7699,0,7699,delivered,none,0
OI-002727,ORD-001740,PROD-00114,1,999,0,999,delivered,none,0
OI-002728,ORD-001741,PROD-00028,1,4799,479,4320,delivered,none,0
OI-002729,ORD-001741,PROD-00026,1,4299,429,3870,delivered,none,0
OI-002730,ORD-001742,PROD-00028,1,4799,239,4560,delivered,none,0
OI-002731,ORD-001742,PROD-00182,1,52499,2624,49875,delivered,none,0
OI-002732,ORD-001743,PROD-00279,1,20499,0,20499,delivered,none,0
OI-002733,ORD-001744,PROD-00269,1,2499,199,2300,delivered,none,0
OI-002734,ORD-001745,PROD-00175,1,759,0,759,delivered,none,0
OI-002735,ORD-001745,PROD-00101,1,2999,0,2999,delivered,none,0
OI-002736,ORD-001745,PROD-00017,1,149,0,149,delivered,none,0
OI-002737,ORD-001746,PROD-00161,1,6599,659,5940,delivered,none,0
OI-002738,ORD-001747,PROD-00029,1,149,11,138,delivered,none,0
OI-002739,ORD-001747,PROD-00072,1,6999,559,6440,delivered,none,0
OI-002740,ORD-001747,PROD-00262,1,11999,959,11040,delivered,none,0
OI-002741,ORD-001748,PROD-00101,1,3299,164,3135,delivered,none,0
OI-002742,ORD-001748,PROD-00202,1,6999,349,6650,returned,refunded,7847
OI-002743,ORD-001749,PROD-00296,1,11499,0,11499,delivered,none,0
OI-002744,ORD-001749,PROD-00206,1,27499,0,27499,delivered,none,0
OI-002745,ORD-001749,PROD-00116,1,30499,0,30499,delivered,none,0
OI-002746,ORD-001750,PROD-00155,1,162999,0,162999,delivered,none,0
OI-002747,ORD-001750,PROD-00168,1,759,0,759,delivered,none,0
OI-002748,ORD-001750,PROD-00004,1,2399,0,2399,delivered,none,0
OI-002749,ORD-001750,PROD-00022,1,1399,0,1399,delivered,none,0
OI-002750,ORD-001751,PROD-00017,1,139,0,139,delivered,none,0
OI-002751,ORD-001752,PROD-00017,1,149,0,149,delivered,none,0
OI-002752,ORD-001752,PROD-00029,1,149,0,149,delivered,none,0
OI-002753,ORD-001753,PROD-00161,1,6299,755,5544,delivered,none,0
OI-002754,ORD-001754,PROD-00262,1,11999,0,11999,delivered,none,0
OI-002755,ORD-001755,PROD-00130,2,11999,2399,21599,delivered,none,0
OI-002756,ORD-001756,PROD-00127,1,3499,0,3499,delivered,none,0
OI-002757,ORD-001756,PROD-00020,1,149,0,149,delivered,none,0
OI-002758,ORD-001757,PROD-00269,1,2599,207,2392,delivered,none,0
OI-002759,ORD-001757,PROD-00223,1,76499,6119,70380,delivered,none,0
OI-002760,ORD-001758,PROD-00264,1,22999,1839,21160,cancelled,none,0
OI-002761,ORD-001759,PROD-00059,2,519,0,1038,delivered,none,0
OI-002762,ORD-001759,PROD-00017,1,139,0,139,delivered,none,0
OI-002763,ORD-001759,PROD-00283,1,18499,0,18499,delivered,none,0
OI-002764,ORD-001760,PROD-00029,1,149,0,149,delivered,none,0
OI-002765,ORD-001761,PROD-00232,1,116999,14039,102960,delivered,none,0
OI-002766,ORD-001761,PROD-00001,1,4899,587,4312,delivered,none,0
OI-002767,ORD-001762,PROD-00068,1,13999,1399,12600,delivered,none,0
OI-002768,ORD-001763,PROD-00127,1,3199,0,3199,delivered,none,0
OI-002769,ORD-001764,PROD-00111,1,999,99,900,delivered,none,0
OI-002770,ORD-001765,PROD-00286,1,25499,1274,24225,delivered,none,0
OI-002771,ORD-001766,PROD-00110,1,31499,3779,27720,delivered,none,0
OI-002772,ORD-001766,PROD-00072,1,6799,815,5984,delivered,none,0
OI-002773,ORD-001767,PROD-00032,2,149,14,284,delivered,none,0
OI-002774,ORD-001768,PROD-00126,1,13499,1349,12150,delivered,none,0
OI-002775,ORD-001769,PROD-00161,1,6899,827,6072,delivered,rejected,0
OI-002776,ORD-001769,PROD-00257,1,7099,851,6248,delivered,none,0
OI-002777,ORD-001770,PROD-00270,1,699,34,665,delivered,none,0
OI-002778,ORD-001771,PROD-00174,1,7299,0,7299,delivered,none,0
OI-002779,ORD-001772,PROD-00052,1,5899,0,5899,delivered,none,0
OI-002780,ORD-001773,PROD-00251,1,8099,647,7452,returned,refunded,8793
OI-002781,ORD-001774,PROD-00116,1,30499,3659,26840,delivered,none,0
OI-002782,ORD-001774,PROD-00018,1,289,34,255,delivered,none,0
OI-002783,ORD-001775,PROD-00264,1,23999,1919,22080,delivered,none,0
OI-002784,ORD-001775,PROD-00168,1,739,59,680,delivered,none,0
OI-002785,ORD-001776,PROD-00132,1,649,0,649,delivered,none,0
OI-002786,ORD-001776,PROD-00277,1,1099,0,1099,delivered,none,0
OI-002787,ORD-001777,PROD-00080,1,4499,0,4499,delivered,none,0
OI-002788,ORD-001777,PROD-00024,1,1299,0,1299,delivered,none,0
OI-002789,ORD-001777,PROD-00269,1,2599,0,2599,delivered,none,0
OI-002790,ORD-001778,PROD-00017,2,149,35,263,delivered,none,0
OI-002791,ORD-001778,PROD-00112,1,5299,635,4664,delivered,none,0
OI-002792,ORD-001779,PROD-00111,1,999,0,999,delivered,none,0
OI-002793,ORD-001779,PROD-00264,1,22999,0,22999,delivered,none,0
OI-002794,ORD-001780,PROD-00161,1,6899,0,6899,delivered,none,0
OI-002795,ORD-001781,PROD-00028,1,4799,0,4799,delivered,none,0
OI-002796,ORD-001782,PROD-00248,1,4799,479,4320,delivered,none,0
OI-002797,ORD-001782,PROD-00127,1,3199,319,2880,delivered,none,0
OI-002798,ORD-001782,PROD-00017,1,149,14,135,delivered,none,0
OI-002799,ORD-001782,PROD-00003,1,1399,139,1260,delivered,none,0
OI-002800,ORD-001782,PROD-00168,1,709,70,639,delivered,none,0
OI-002801,ORD-001783,PROD-00283,1,19999,1599,18400,cancelled,none,21712
OI-002802,ORD-001783,PROD-00164,1,5599,447,5152,cancelled,none,6079
OI-002803,ORD-001784,PROD-00017,1,149,0,149,delivered,none,0
OI-002804,ORD-001784,PROD-00259,1,8699,0,8699,delivered,none,0
OI-002805,ORD-001785,PROD-00264,1,22999,0,22999,delivered,none,0
OI-002806,ORD-001786,PROD-00237,1,76999,3849,73150,delivered,none,0
OI-002807,ORD-001787,PROD-00118,1,599,71,528,delivered,none,0
OI-002808,ORD-001788,PROD-00117,1,1899,0,1899,delivered,none,0
OI-002809,ORD-001788,PROD-00159,1,1799,0,1799,delivered,none,0
OI-002810,ORD-001789,PROD-00251,1,8099,809,7290,returned,refunded,8602
OI-002811,ORD-001790,PROD-00174,1,7699,769,6930,delivered,none,0
OI-002812,ORD-001791,PROD-00174,1,7999,959,7040,delivered,none,0
OI-002813,ORD-001792,PROD-00104,1,12499,1499,11000,cancelled,none,12980
OI-002814,ORD-001792,PROD-00223,1,76499,9179,67320,cancelled,none,79438
OI-002815,ORD-001792,PROD-00099,2,999,239,1759,cancelled,none,2076
OI-002816,ORD-001793,PROD-00117,2,1899,303,3495,delivered,none,0
OI-002817,ORD-001794,PROD-00127,1,3199,383,2816,delivered,none,0
OI-002818,ORD-001794,PROD-00056,1,3599,431,3168,delivered,none,0
OI-002819,ORD-001795,PROD-00070,1,469,0,469,delivered,none,0
OI-002820,ORD-001795,PROD-00251,1,8799,0,8799,delivered,none,0
OI-002821,ORD-001796,PROD-00003,1,1299,0,1299,delivered,none,0
OI-002822,ORD-001796,PROD-00185,1,6799,0,6799,delivered,none,0
OI-002823,ORD-001796,PROD-00006,1,149,0,149,delivered,none,0
OI-002824,ORD-001797,PROD-00127,1,3199,159,3040,delivered,none,0
OI-002825,ORD-001797,PROD-00061,1,4299,214,4085,delivered,none,0
OI-002826,ORD-001797,PROD-00161,1,7199,359,6840,delivered,none,0
OI-002827,ORD-001797,PROD-00270,1,719,35,684,delivered,none,0
OI-002828,ORD-001798,PROD-00174,1,7699,769,6930,delivered,rejected,0
OI-002829,ORD-001799,PROD-00159,1,1999,159,1840,delivered,none,0
OI-002830,ORD-001800,PROD-00002,1,2899,0,2899,delivered,none,0
OI-002831,ORD-001801,PROD-00167,1,2699,0,2699,delivered,none,0
OI-002832,ORD-001802,PROD-00013,1,5199,519,4680,delivered,none,0
OI-002833,ORD-001803,PROD-00241,1,26499,0,26499,delivered,none,0
OI-002834,ORD-001803,PROD-00244,1,9099,0,9099,delivered,none,0
OI-002835,ORD-001804,PROD-00252,1,14499,0,14499,delivered,none,0
OI-002836,ORD-001805,PROD-00254,1,1899,0,1899,delivered,none,0
OI-002837,ORD-001805,PROD-00105,1,34999,0,34999,delivered,none,0
OI-002838,ORD-001806,PROD-00070,1,499,24,475,delivered,none,0
OI-002839,ORD-001806,PROD-00295,1,64999,3249,61750,delivered,none,0
OI-002840,ORD-001807,PROD-00114,1,999,49,950,cancelled,none,1121
OI-002841,ORD-001808,PROD-00123,1,15999,1919,14080,delivered,none,0
OI-002842,ORD-001809,PROD-00069,1,1399,111,1288,delivered,none,0
OI-002843,ORD-001810,PROD-00057,1,2499,299,2200,returned,refunded,2596
OI-002844,ORD-001811,PROD-00127,1,3299,164,3135,delivered,none,0
OI-002845,ORD-001811,PROD-00017,1,149,7,142,delivered,none,0
OI-002846,ORD-001811,PROD-00061,1,4299,214,4085,delivered,none,0
OI-002847,ORD-001812,PROD-00215,1,76499,9179,67320,delivered,none,0
OI-002848,ORD-001813,PROD-00174,1,7099,354,6745,delivered,none,0
OI-002849,ORD-001813,PROD-00104,1,12499,624,11875,delivered,none,0
OI-002850,ORD-001813,PROD-00017,1,149,7,142,delivered,none,0
OI-002851,ORD-001814,PROD-00007,1,169,20,149,delivered,none,0
OI-002852,ORD-001814,PROD-00029,2,139,33,245,delivered,none,0
OI-002853,ORD-001815,PROD-00168,1,709,35,674,cancelled,none,0
OI-002854,ORD-001816,PROD-00029,2,139,33,245,delivered,none,0
OI-002855,ORD-001817,PROD-00127,1,3199,159,3040,delivered,none,0
OI-002856,ORD-001818,PROD-00232,1,116999,0,116999,delivered,none,0
OI-002857,ORD-001819,PROD-00171,1,6699,669,6030,delivered,none,0
OI-002858,ORD-001820,PROD-00029,1,149,0,149,delivered,none,0
OI-002859,ORD-001821,PROD-00085,1,64999,5199,59800,delivered,none,0
OI-002860,ORD-001822,PROD-00087,1,8099,0,8099,delivered,none,0
OI-002861,ORD-001822,PROD-00161,1,6899,0,6899,delivered,none,0
OI-002862,ORD-001823,PROD-00161,1,6899,0,6899,delivered,none,0
OI-002863,ORD-001824,PROD-00108,1,7999,639,7360,delivered,none,0
OI-002864,ORD-001825,PROD-00017,1,159,0,159,delivered,none,0
OI-002865,ORD-001826,PROD-00174,1,8299,829,7470,delivered,none,0
OI-002866,ORD-001826,PROD-00017,1,149,14,135,delivered,none,0
OI-002867,ORD-001827,PROD-00017,1,149,0,149,delivered,none,0
OI-002868,ORD-001827,PROD-00021,1,3999,0,3999,delivered,none,0
OI-002869,ORD-001827,PROD-00020,1,149,0,149,delivered,none,0
OI-002870,ORD-001828,PROD-00017,1,159,7,152,delivered,none,0
OI-002871,ORD-001829,PROD-00027,1,149,11,138,delivered,none,0
OI-002872,ORD-001830,PROD-00164,1,5599,0,5599,delivered,none,0
OI-002873,ORD-001831,PROD-00102,1,1399,111,1288,delivered,none,0
OI-002874,ORD-001832,PROD-00032,1,149,0,149,delivered,none,0
OI-002875,ORD-001832,PROD-00269,1,2599,0,2599,delivered,none,0
OI-002876,ORD-001833,PROD-00032,1,149,11,138,delivered,none,0
OI-002877,ORD-001834,PROD-00020,1,149,0,149,delivered,none,0
OI-002878,ORD-001835,PROD-00030,1,1099,87,1012,delivered,none,0
OI-002879,ORD-001835,PROD-00252,1,14999,1199,13800,delivered,none,0
OI-002880,ORD-001836,PROD-00029,1,149,0,149,delivered,none,0
OI-002881,ORD-001836,PROD-00133,1,469,0,469,delivered,none,0
OI-002882,ORD-001837,PROD-00077,1,39499,0,39499,delivered,none,0
OI-002883,ORD-001838,PROD-00031,1,239,23,216,delivered,none,0
OI-002884,ORD-001839,PROD-00168,1,709,56,653,delivered,none,0
OI-002885,ORD-001840,PROD-00270,1,699,0,699,delivered,none,0
OI-002886,ORD-001841,PROD-00111,1,949,0,949,delivered,none,0
OI-002887,ORD-001841,PROD-00072,1,6499,0,6499,delivered,none,0
OI-002888,ORD-001842,PROD-00121,1,4699,234,4465,delivered,none,0
OI-002889,ORD-001843,PROD-00017,1,149,7,142,delivered,none,0
OI-002890,ORD-001843,PROD-00029,1,149,7,142,delivered,none,0
OI-002891,ORD-001844,PROD-00259,1,9399,0,9399,delivered,none,0
OI-002892,ORD-001844,PROD-00174,1,7099,0,7099,delivered,none,0
OI-002893,ORD-001845,PROD-00283,1,18499,924,17575,delivered,none,0
OI-002894,ORD-001846,PROD-00017,1,149,0,149,delivered,none,0
OI-002895,ORD-001846,PROD-00251,1,8499,0,8499,delivered,none,0
OI-002896,ORD-001847,PROD-00051,1,6099,0,6099,delivered,none,0
OI-002897,ORD-001847,PROD-00128,2,949,0,1898,delivered,none,0
OI-002898,ORD-001847,PROD-00251,1,8099,0,8099,delivered,none,0
OI-002899,ORD-001847,PROD-00025,1,739,0,739,delivered,none,0
OI-002900,ORD-001848,PROD-00264,1,22999,1839,21160,returned,refunded,24969
OI-002901,ORD-001849,PROD-00233,1,62499,0,62499,returned,refunded,73749
OI-002902,ORD-001850,PROD-00098,1,20499,0,20499,delivered,none,0
OI-002903,ORD-001851,PROD-00017,1,149,0,149,delivered,none,0
OI-002904,ORD-001851,PROD-00050,1,939,0,939,delivered,none,0
OI-002905,ORD-001852,PROD-00118,1,579,0,579,delivered,none,0
OI-002906,ORD-001853,PROD-00053,1,5299,0,5299,delivered,none,0
OI-002907,ORD-001854,PROD-00003,1,1399,111,1288,returned,refunded,1520
OI-002908,ORD-001855,PROD-00171,1,6399,0,6399,delivered,none,0
OI-002909,ORD-001856,PROD-00126,1,13999,0,13999,delivered,none,0
OI-002910,ORD-001857,PROD-00174,1,7699,769,6930,delivered,none,0
OI-002911,ORD-001857,PROD-00226,1,7499,749,6750,delivered,none,0
OI-002912,ORD-001857,PROD-00017,1,149,14,135,delivered,none,0
OI-002913,ORD-001858,PROD-00029,1,149,14,135,delivered,none,0
OI-002914,ORD-001859,PROD-00111,1,919,0,919,delivered,none,0
OI-002915,ORD-001860,PROD-00034,1,149,11,138,delivered,none,0
OI-002916,ORD-001860,PROD-00176,1,7699,615,7084,delivered,none,0
OI-002917,ORD-001861,PROD-00127,1,3199,0,3199,delivered,none,0
OI-002918,ORD-001861,PROD-00010,1,5699,0,5699,delivered,none,0
OI-002919,ORD-001862,PROD-00176,1,7099,0,7099,delivered,none,0
OI-002920,ORD-001862,PROD-00114,1,1099,0,1099,delivered,none,0
OI-002921,ORD-001862,PROD-00174,1,7699,0,7699,delivered,none,0
OI-002922,ORD-001863,PROD-00024,1,1199,143,1056,delivered,none,0
OI-002923,ORD-001863,PROD-00161,1,7199,863,6336,delivered,none,0
OI-002924,ORD-001863,PROD-00017,1,149,17,132,delivered,none,0
OI-002925,ORD-001864,PROD-00128,1,899,0,899,returned,refunded,1061
OI-002926,ORD-001864,PROD-00026,1,4299,0,4299,returned,refunded,5073
OI-002927,ORD-001865,PROD-00161,1,6899,551,6348,delivered,none,0
OI-002928,ORD-001866,PROD-00142,1,174999,0,174999,delivered,none,0
OI-002929,ORD-001866,PROD-00025,1,759,0,759,delivered,none,0
OI-002930,ORD-001866,PROD-00132,1,669,0,669,delivered,none,0
OI-002931,ORD-001866,PROD-00127,1,3199,0,3199,delivered,none,0
OI-002932,ORD-001866,PROD-00003,1,1399,0,1399,delivered,none,0
OI-002933,ORD-001867,PROD-00017,2,149,23,275,delivered,none,0
OI-002934,ORD-001867,PROD-00262,1,11999,959,11040,delivered,none,0
OI-002935,ORD-001868,PROD-00269,1,2299,114,2185,delivered,none,0
OI-002936,ORD-001868,PROD-00013,1,5199,259,4940,delivered,none,0
OI-002937,ORD-001868,PROD-00068,1,13999,699,13300,delivered,none,0
OI-002938,ORD-001869,PROD-00017,1,149,0,149,delivered,none,0
OI-002939,ORD-001870,PROD-00174,1,7299,0,7299,delivered,none,0
OI-002940,ORD-001871,PROD-00071,1,3499,419,3080,delivered,none,0
OI-002941,ORD-001871,PROD-00032,1,159,19,140,delivered,none,0
OI-002942,ORD-001872,PROD-00124,1,1499,0,1499,delivered,none,0
OI-002943,ORD-001873,PROD-00163,1,469,0,469,delivered,none,0
OI-002944,ORD-001873,PROD-00127,1,2999,0,2999,delivered,none,0
OI-002945,ORD-001874,PROD-00159,1,1899,0,1899,delivered,none,0
OI-002946,ORD-001875,PROD-00017,1,149,0,149,delivered,none,0
OI-002947,ORD-001875,PROD-00112,1,5299,0,5299,delivered,none,0
OI-002948,ORD-001876,PROD-00127,1,2999,0,2999,delivered,none,0
OI-002949,ORD-001877,PROD-00017,3,149,0,447,delivered,none,0
OI-002950,ORD-001878,PROD-00029,2,149,0,298,delivered,none,0
OI-002951,ORD-001879,PROD-00191,1,39999,4799,35200,returned,refunded,41536
OI-002952,ORD-001880,PROD-00052,1,6399,639,5760,delivered,none,0
OI-002953,ORD-001881,PROD-00098,1,18999,1899,17100,delivered,none,0
OI-002954,ORD-001882,PROD-00032,1,149,0,149,delivered,none,0
OI-002955,ORD-001882,PROD-00111,1,1099,0,1099,delivered,none,0
OI-002956,ORD-001883,PROD-00275,1,36499,0,36499,delivered,none,0
OI-002957,ORD-001883,PROD-00101,1,3299,0,3299,delivered,none,0
OI-002958,ORD-001883,PROD-00099,1,999,0,999,delivered,none,0
OI-002959,ORD-001884,PROD-00174,1,7699,769,6930,delivered,none,0
OI-002960,ORD-001885,PROD-00132,1,599,0,599,delivered,none,0
OI-002961,ORD-001885,PROD-00264,2,22999,0,45998,delivered,none,0
OI-002962,ORD-001886,PROD-00014,1,959,0,959,delivered,none,0
OI-002963,ORD-001886,PROD-00161,1,6899,0,6899,delivered,none,0
OI-002964,ORD-001887,PROD-00215,1,79499,3974,75525,delivered,none,0
OI-002965,ORD-001887,PROD-00101,1,3599,179,3420,delivered,none,0
OI-002966,ORD-001888,PROD-00077,2,37999,7599,68399,cancelled,none,80711
OI-002967,ORD-001888,PROD-00017,1,149,14,135,cancelled,none,159
OI-002968,ORD-001889,PROD-00055,1,14499,0,14499,delivered,none,0
OI-002969,ORD-001890,PROD-00257,1,7399,0,7399,delivered,none,0
OI-002970,ORD-001891,PROD-00168,2,709,0,1418,delivered,none,0
OI-002971,ORD-001892,PROD-00127,1,3199,159,3040,delivered,none,0
OI-002972,ORD-001893,PROD-00109,1,3599,359,3240,delivered,none,0
OI-002973,ORD-001894,PROD-00176,1,7099,0,7099,delivered,none,0
OI-002974,ORD-001895,PROD-00074,1,35499,4259,31240,delivered,none,0
OI-002975,ORD-001896,PROD-00012,1,149,0,149,delivered,none,0
OI-002976,ORD-001897,PROD-00020,1,159,19,140,returned,refunded,165
OI-002977,ORD-001898,PROD-00127,1,3199,255,2944,delivered,none,0
OI-002978,ORD-001899,PROD-00152,1,203999,20399,183600,delivered,none,0
OI-002979,ORD-001900,PROD-00017,1,149,7,142,cancelled,none,168
OI-002980,ORD-001901,PROD-00068,1,14499,1449,13050,delivered,none,0
OI-002981,ORD-001901,PROD-00116,1,28999,2899,26100,delivered,none,0
OI-002982,ORD-001901,PROD-00020,1,139,13,126,delivered,none,0
OI-002983,ORD-001902,PROD-00131,1,5399,647,4752,delivered,none,0
OI-002984,ORD-001903,PROD-00057,1,2599,0,2599,delivered,none,0
OI-002985,ORD-001904,PROD-00077,1,37999,3039,34960,delivered,none,0
OI-002986,ORD-001905,PROD-00269,1,2599,129,2470,delivered,none,0
OI-002987,ORD-001906,PROD-00055,1,15999,1599,14400,delivered,none,0
OI-002988,ORD-001907,PROD-00017,2,159,31,287,delivered,none,0
OI-002989,ORD-001908,PROD-00269,1,2399,0,2399,delivered,none,0
OI-002990,ORD-001909,PROD-00283,1,18999,0,18999,delivered,none,0
OI-002991,ORD-001909,PROD-00111,1,919,0,919,delivered,none,0
OI-002992,ORD-001909,PROD-00114,1,999,0,999,delivered,none,0
OI-002993,ORD-001910,PROD-00094,1,37999,3039,34960,delivered,none,0
OI-002994,ORD-001911,PROD-00016,1,1999,0,1999,delivered,none,0
OI-002995,ORD-001912,PROD-00032,1,139,11,128,delivered,none,0
OI-002996,ORD-001913,PROD-00120,1,6499,779,5720,returned,refunded,6750
OI-002997,ORD-001913,PROD-00017,1,149,17,132,delivered,none,0
OI-002998,ORD-001913,PROD-00270,1,699,83,616,delivered,none,0
OI-002999,ORD-001914,PROD-00174,1,7699,0,7699,delivered,none,0
OI-003000,ORD-001914,PROD-00127,1,3199,0,3199,delivered,none,0
OI-003001,ORD-001915,PROD-00176,1,7099,0,7099,delivered,none,0
OI-003002,ORD-001916,PROD-00007,1,169,8,161,delivered,none,0
OI-003003,ORD-001917,PROD-00174,1,7699,615,7084,delivered,none,0
OI-003004,ORD-001918,PROD-00012,1,149,11,138,delivered,none,0
OI-003005,ORD-001918,PROD-00057,1,2699,215,2484,delivered,none,0
OI-003006,ORD-001918,PROD-00026,1,3999,319,3680,delivered,none,0
OI-003007,ORD-001918,PROD-00251,1,8099,647,7452,delivered,none,0
OI-003008,ORD-001919,PROD-00222,1,113999,0,113999,delivered,none,0
OI-003009,ORD-001920,PROD-00161,1,6899,344,6555,delivered,none,0
OI-003010,ORD-001921,PROD-00127,1,3199,383,2816,delivered,none,0
OI-003011,ORD-001921,PROD-00174,1,7699,923,6776,delivered,none,0
OI-003012,ORD-001922,PROD-00114,2,999,159,1839,cancelled,none,2170
OI-003013,ORD-001923,PROD-00055,1,14499,1159,13340,delivered,none,0
OI-003014,ORD-001924,PROD-00127,1,3199,319,2880,delivered,none,0
OI-003015,ORD-001924,PROD-00017,1,149,14,135,delivered,none,0
OI-003016,ORD-001925,PROD-00111,1,1099,0,1099,cancelled,none,1297
OI-003017,ORD-001926,PROD-00174,1,7699,0,7699,delivered,none,0
OI-003018,ORD-001927,PROD-00057,2,2399,239,4559,delivered,none,0
OI-003019,ORD-001928,PROD-00101,1,3299,329,2970,delivered,none,0
OI-003020,ORD-001928,PROD-00219,1,65499,6549,58950,delivered,none,0
OI-003021,ORD-001928,PROD-00161,1,7199,719,6480,delivered,none,0
OI-003022,ORD-001929,PROD-00013,1,4999,249,4750,delivered,none,0
OI-003023,ORD-001930,PROD-00020,3,149,0,447,delivered,none,0
OI-003024,ORD-001931,PROD-00264,1,22999,2299,20700,delivered,none,0
OI-003025,ORD-001932,PROD-00286,1,25499,1274,24225,delivered,none,0
OI-003026,ORD-001933,PROD-00026,1,4599,459,4140,delivered,none,0
OI-003027,ORD-001934,PROD-00224,1,134999,0,134999,delivered,none,0
OI-003028,ORD-001935,PROD-00104,1,11499,574,10925,delivered,none,0
OI-003029,ORD-001936,PROD-00020,1,139,0,139,returned,refunded,164
OI-003030,ORD-001937,PROD-00127,1,3199,0,3199,delivered,none,0
OI-003031,ORD-001937,PROD-00154,1,39999,0,39999,delivered,none,0
OI-003032,ORD-001938,PROD-00127,1,3199,383,2816,delivered,none,0
OI-003033,ORD-001938,PROD-00174,1,8299,995,7304,delivered,none,0
OI-003034,ORD-001939,PROD-00011,1,309,15,294,delivered,none,0
OI-003035,ORD-001939,PROD-00168,1,669,33,636,delivered,none,0
OI-003036,ORD-001940,PROD-00203,1,24999,1249,23750,delivered,none,0
OI-003037,ORD-001941,PROD-00264,1,22999,0,22999,cancelled,none,0
OI-003038,ORD-001942,PROD-00013,1,4999,0,4999,delivered,none,0
OI-003039,ORD-001943,PROD-00026,1,3999,0,3999,delivered,none,0
OI-003040,ORD-001944,PROD-00161,1,6899,0,6899,delivered,none,0
OI-003041,ORD-001944,PROD-00007,1,169,0,169,delivered,none,0
OI-003042,ORD-001944,PROD-00265,1,10499,0,10499,delivered,none,0
OI-003043,ORD-001945,PROD-00017,1,149,0,149,delivered,none,0
OI-003044,ORD-001946,PROD-00219,1,62999,7559,55440,delivered,none,0
OI-003045,ORD-001947,PROD-00174,1,8299,995,7304,cancelled,none,8619
OI-003046,ORD-001947,PROD-00017,1,149,17,132,cancelled,none,156
OI-003047,ORD-001948,PROD-00286,1,25499,1274,24225,cancelled,none,28586
OI-003048,ORD-001949,PROD-00001,1,5499,439,5060,cancelled,none,0
OI-003049,ORD-001949,PROD-00174,1,7099,567,6532,cancelled,none,0
OI-003050,ORD-001949,PROD-00214,1,24999,1999,23000,cancelled,none,0
OI-003051,ORD-001949,PROD-00287,1,35499,2839,32660,cancelled,none,0
OI-003052,ORD-001949,PROD-00113,1,3299,263,3036,cancelled,none,0
OI-003053,ORD-001950,PROD-00100,1,27499,2749,24750,shipped,none,0
OI-003054,ORD-001950,PROD-00020,1,149,14,135,shipped,none,0
OI-003055,ORD-001950,PROD-00013,1,4699,469,4230,shipped,none,0
OI-003056,ORD-001950,PROD-00174,1,8299,829,7470,shipped,none,0
OI-003057,ORD-001950,PROD-00033,1,6099,609,5490,shipped,none,0
OI-003058,ORD-001951,PROD-00132,1,599,0,599,delivered,none,0
OI-003059,ORD-001951,PROD-00111,1,1099,0,1099,delivered,none,0
OI-003060,ORD-001952,PROD-00024,1,1199,119,1080,delivered,none,0
OI-003061,ORD-001952,PROD-00020,1,149,14,135,delivered,none,0
OI-003062,ORD-001952,PROD-00248,1,4399,439,3960,delivered,none,0
OI-003063,ORD-001952,PROD-00034,1,149,14,135,delivered,none,0
OI-003064,ORD-001952,PROD-00291,1,9999,999,9000,delivered,none,0
OI-003065,ORD-001953,PROD-00002,1,2999,0,2999,delivered,none,0
OI-003066,ORD-001953,PROD-00161,1,6599,0,6599,returned,refunded,7787
OI-003067,ORD-001953,PROD-00127,1,3199,0,3199,delivered,rejected,0
OI-003068,ORD-001954,PROD-00127,1,3499,0,3499,delivered,none,0
OI-003069,ORD-001955,PROD-00033,1,6399,511,5888,delivered,none,0
OI-003070,ORD-001956,PROD-00195,1,1099,109,990,delivered,none,0
OI-003071,ORD-001956,PROD-00174,1,7999,799,7200,delivered,none,0
OI-003072,ORD-001956,PROD-00089,1,20499,2049,18450,delivered,none,0
OI-003073,ORD-001957,PROD-00248,1,4799,0,4799,delivered,none,0
OI-003074,ORD-001958,PROD-00029,1,159,0,159,delivered,none,0
OI-003075,ORD-001958,PROD-00209,1,18499,0,18499,delivered,none,0
OI-003076,ORD-001959,PROD-00013,1,4999,0,4999,delivered,none,0
OI-003077,ORD-001960,PROD-00111,1,999,119,880,delivered,none,0
OI-003078,ORD-001960,PROD-00017,3,149,53,394,delivered,none,0
OI-003079,ORD-001961,PROD-00114,1,999,49,950,delivered,none,0
OI-003080,ORD-001961,PROD-00120,1,6499,324,6175,delivered,none,0
OI-003081,ORD-001962,PROD-00036,1,26999,3239,23760,delivered,none,0
OI-003082,ORD-001963,PROD-00174,1,7699,615,7084,delivered,none,0
OI-003083,ORD-001964,PROD-00099,1,999,79,920,returned,refunded,1086
OI-003084,ORD-001965,PROD-00161,1,6899,0,6899,returned,refunded,8141
OI-003085,ORD-001966,PROD-00106,1,27999,2799,25200,delivered,none,0
OI-003086,ORD-001967,PROD-00013,1,4999,399,4600,delivered,none,0
OI-003087,ORD-001967,PROD-00127,1,3199,255,2944,delivered,none,0
OI-003088,ORD-001968,PROD-00130,1,12499,999,11500,delivered,none,0
OI-003089,ORD-001968,PROD-00174,1,7699,615,7084,delivered,none,0
OI-003090,ORD-001968,PROD-00127,1,3199,255,2944,delivered,none,0
OI-003091,ORD-001969,PROD-00072,1,6799,815,5984,delivered,none,0
OI-003092,ORD-001970,PROD-00110,1,31499,0,31499,delivered,none,0
OI-003093,ORD-001971,PROD-00118,1,579,0,579,delivered,none,0
OI-003094,ORD-001972,PROD-00265,1,10499,0,10499,delivered,none,0
OI-003095,ORD-001973,PROD-00264,1,20999,0,20999,delivered,none,0
OI-003096,ORD-001974,PROD-00072,1,6799,543,6256,delivered,none,0
OI-003097,ORD-001974,PROD-00263,1,9499,759,8740,delivered,none,0
OI-003098,ORD-001975,PROD-00032,1,149,14,135,delivered,none,0
OI-003099,ORD-001975,PROD-00108,1,7999,799,7200,delivered,none,0
OI-003100,ORD-001975,PROD-00125,1,519,51,468,delivered,none,0
OI-003101,ORD-001975,PROD-00080,1,4499,449,4050,delivered,none,0
OI-003102,ORD-001976,PROD-00281,1,4099,0,4099,delivered,none,0
OI-003103,ORD-001977,PROD-00279,1,20499,0,20499,delivered,none,0
OI-003104,ORD-001977,PROD-00017,1,149,0,149,delivered,none,0
OI-003105,ORD-001978,PROD-00247,1,13499,1079,12420,delivered,none,0
OI-003106,ORD-001979,PROD-00270,1,699,55,644,delivered,none,0
OI-003107,ORD-001979,PROD-00114,1,999,79,920,delivered,none,0
OI-003108,ORD-001979,PROD-00021,1,3999,319,3680,delivered,none,0
OI-003109,ORD-001980,PROD-00161,1,6899,0,6899,delivered,none,0
OI-003110,ORD-001981,PROD-00161,1,6899,0,6899,delivered,none,0
OI-003111,ORD-001982,PROD-00223,1,76499,7649,68850,delivered,none,0
OI-003112,ORD-001983,PROD-00072,1,7299,364,6935,delivered,none,0
OI-003113,ORD-001984,PROD-00264,1,23499,2819,20680,delivered,none,0
OI-003114,ORD-001984,PROD-00171,1,6699,803,5896,delivered,none,0
OI-003115,ORD-001984,PROD-00070,1,499,59,440,delivered,none,0
OI-003116,ORD-001985,PROD-00013,1,4999,399,4600,delivered,none,0
OI-003117,ORD-001985,PROD-00053,1,5799,463,5336,delivered,none,0
OI-003118,ORD-001986,PROD-00264,1,22999,1149,21850,delivered,none,0
OI-003119,ORD-001987,PROD-00248,1,4999,399,4600,delivered,none,0
OI-003120,ORD-001987,PROD-00168,1,649,51,598,delivered,none,0
OI-003121,ORD-001988,PROD-00013,1,5299,0,5299,delivered,none,0
OI-003122,ORD-001989,PROD-00019,3,2999,0,8997,delivered,none,0
OI-003123,ORD-001990,PROD-00265,1,9999,1199,8800,delivered,none,0
OI-003124,ORD-001991,PROD-00174,1,7699,615,7084,returned,refunded,8359
OI-003125,ORD-001991,PROD-00020,1,149,11,138,delivered,none,0
OI-003126,ORD-001991,PROD-00053,1,5999,479,5520,delivered,none,0
OI-003127,ORD-001992,PROD-00174,1,7699,0,7699,delivered,none,0
OI-003128,ORD-001993,PROD-00071,1,3499,0,3499,delivered,none,0
OI-003129,ORD-001994,PROD-00023,1,199,0,199,delivered,none,0
OI-003130,ORD-001995,PROD-00080,1,4499,0,4499,delivered,none,0
OI-003131,ORD-001996,PROD-00017,1,149,0,149,delivered,none,0
OI-003132,ORD-001996,PROD-00259,1,8699,0,8699,delivered,none,0
OI-003133,ORD-001997,PROD-00248,1,4899,244,4655,delivered,none,0
OI-003134,ORD-001997,PROD-00114,1,999,49,950,delivered,none,0
OI-003135,ORD-001997,PROD-00025,3,739,110,2107,delivered,none,0
OI-003136,ORD-001997,PROD-00127,1,3199,159,3040,delivered,none,0
OI-003137,ORD-001997,PROD-00095,1,13999,699,13300,delivered,none,0
OI-003138,ORD-001998,PROD-00111,1,999,99,900,delivered,none,0
OI-003139,ORD-001998,PROD-00104,1,12499,1249,11250,delivered,none,0
OI-003140,ORD-001999,PROD-00064,2,1899,0,3798,delivered,none,0
OI-003141,ORD-001999,PROD-00027,1,139,0,139,delivered,none,0
OI-003142,ORD-002000,PROD-00131,1,5899,294,5605,delivered,none,0
OI-003143,ORD-002000,PROD-00224,1,140499,7024,133475,delivered,none,0
OI-003144,ORD-002001,PROD-00052,1,5599,559,5040,delivered,none,0
OI-003145,ORD-002002,PROD-00174,1,7699,923,6776,delivered,none,0
OI-003146,ORD-002002,PROD-00017,1,149,17,132,returned,refunded,156
OI-003147,ORD-002003,PROD-00122,1,2599,259,2340,delivered,none,0
OI-003148,ORD-002003,PROD-00024,1,1299,129,1170,delivered,none,0
OI-003149,ORD-002003,PROD-00171,1,6699,669,6030,delivered,none,0
OI-003150,ORD-002003,PROD-00033,1,6699,669,6030,delivered,none,0
OI-003151,ORD-002003,PROD-00087,1,7499,749,6750,delivered,none,0
OI-003152,ORD-002004,PROD-00085,1,61499,3074,58425,returned,refunded,68942
OI-003153,ORD-002004,PROD-00072,1,6799,339,6460,returned,refunded,7623
OI-003154,ORD-002004,PROD-00016,1,1999,99,1900,delivered,none,0
OI-003155,ORD-002005,PROD-00036,1,24999,0,24999,delivered,none,0
OI-003156,ORD-002005,PROD-00020,3,149,0,447,delivered,none,0
OI-003157,ORD-002006,PROD-00127,1,3199,0,3199,delivered,none,0
OI-003158,ORD-002007,PROD-00020,1,149,11,138,delivered,none,0
OI-003159,ORD-002008,PROD-00214,1,22999,1839,21160,delivered,none,0
OI-003160,ORD-002008,PROD-00211,1,5299,423,4876,delivered,none,0
OI-003161,ORD-002008,PROD-00019,1,2899,231,2668,delivered,none,0
OI-003162,ORD-002009,PROD-00025,1,679,0,679,delivered,none,0
OI-003163,ORD-002010,PROD-00119,1,9899,0,9899,delivered,none,0
OI-003164,ORD-002010,PROD-00216,1,129999,0,129999,delivered,none,0
OI-003165,ORD-002010,PROD-00019,1,2899,0,2899,delivered,none,0
OI-003166,ORD-002011,PROD-00025,1,739,0,739,returned,refunded,872
OI-003167,ORD-002011,PROD-00176,1,6499,0,6499,delivered,none,0
OI-003168,ORD-002012,PROD-00254,1,1799,0,1799,delivered,none,0
OI-003169,ORD-002012,PROD-00174,1,7699,0,7699,delivered,none,0
OI-003170,ORD-002012,PROD-00072,1,6799,0,6799,delivered,none,0
OI-003171,ORD-002013,PROD-00017,1,149,14,135,cancelled,none,159
OI-003172,ORD-002014,PROD-00174,1,7699,769,6930,delivered,none,0
OI-003173,ORD-002015,PROD-00221,1,7599,0,7599,delivered,none,0
OI-003174,ORD-002016,PROD-00134,1,15499,0,15499,delivered,none,0
OI-003175,ORD-002017,PROD-00111,1,919,45,874,returned,refunded,1031
OI-003176,ORD-002018,PROD-00099,1,999,119,880,delivered,none,0
OI-003177,ORD-002019,PROD-00152,1,223499,26819,196680,cancelled,none,232082
OI-003178,ORD-002019,PROD-00111,1,999,119,880,cancelled,none,1038
OI-003179,ORD-002020,PROD-00232,1,116999,14039,102960,delivered,none,0
OI-003180,ORD-002021,PROD-00017,1,139,0,139,delivered,none,0
OI-003181,ORD-002022,PROD-00120,1,6999,699,6300,delivered,none,0
OI-003182,ORD-002023,PROD-00029,1,149,0,149,delivered,none,0
OI-003183,ORD-002024,PROD-00215,1,76499,0,76499,delivered,none,0
OI-003184,ORD-002024,PROD-00017,1,139,0,139,delivered,none,0
OI-003185,ORD-002024,PROD-00025,2,699,0,1398,delivered,none,0
OI-003186,ORD-002024,PROD-00218,1,40999,0,40999,delivered,none,0
OI-003187,ORD-002024,PROD-00020,1,159,0,159,delivered,none,0
OI-003188,ORD-002025,PROD-00248,1,4599,0,4599,delivered,none,0
OI-003189,ORD-002025,PROD-00017,1,149,0,149,delivered,none,0
OI-003190,ORD-002026,PROD-00161,1,6899,344,6555,delivered,none,0
OI-003191,ORD-002026,PROD-00127,1,2899,144,2755,delivered,none,0
OI-003192,ORD-002027,PROD-00264,1,22999,1149,21850,returned,refunded,25783
OI-003193,ORD-002027,PROD-00138,1,143999,7199,136800,returned,refunded,161424
OI-003194,ORD-002028,PROD-00017,1,139,0,139,delivered,none,0
OI-003195,ORD-002029,PROD-00072,1,6799,0,6799,delivered,none,0
OI-003196,ORD-002029,PROD-00016,1,1999,0,1999,delivered,none,0
OI-003197,ORD-002030,PROD-00050,1,969,0,969,delivered,none,0
OI-003198,ORD-002031,PROD-00073,1,999,0,999,delivered,none,0
OI-003199,ORD-002032,PROD-00029,1,149,11,138,delivered,none,0
OI-003200,ORD-002033,PROD-00020,2,159,38,280,delivered,none,0
OI-003201,ORD-002033,PROD-00017,1,149,17,132,delivered,none,0
OI-003202,ORD-002033,PROD-00130,1,12499,1499,11000,delivered,none,0
OI-003203,ORD-002034,PROD-00013,1,5199,415,4784,delivered,none,0
OI-003204,ORD-002035,PROD-00174,1,7699,615,7084,delivered,none,0
OI-003205,ORD-002036,PROD-00174,1,7699,769,6930,delivered,none,0
OI-003206,ORD-002037,PROD-00017,1,149,0,149,delivered,none,0
OI-003207,ORD-002037,PROD-00133,2,499,0,998,delivered,none,0
OI-003208,ORD-002038,PROD-00018,1,259,25,234,delivered,none,0
OI-003209,ORD-002039,PROD-00033,1,6899,689,6210,delivered,none,0
OI-003210,ORD-002040,PROD-00052,1,5899,471,5428,delivered,none,0
OI-003211,ORD-002041,PROD-00300,1,9999,1199,8800,delivered,none,0
OI-003212,ORD-002041,PROD-00024,2,1199,287,2111,delivered,none,0
OI-003213,ORD-002041,PROD-00174,1,7699,923,6776,delivered,none,0
OI-003214,ORD-002042,PROD-00264,1,22999,0,22999,cancelled,none,0
OI-003215,ORD-002043,PROD-00023,1,199,0,199,delivered,none,0
OI-003216,ORD-002043,PROD-00127,1,3299,0,3299,delivered,none,0
OI-003217,ORD-002044,PROD-00174,1,7299,364,6935,delivered,none,0
OI-003218,ORD-002044,PROD-00020,1,149,7,142,delivered,none,0
OI-003219,ORD-002044,PROD-00114,1,999,49,950,delivered,none,0
OI-003220,ORD-002045,PROD-00248,1,4999,599,4400,delivered,none,0
OI-003221,ORD-002046,PROD-00169,1,2799,279,2520,delivered,none,0
OI-003222,ORD-002047,PROD-00012,1,149,0,149,delivered,none,0
OI-003223,ORD-002048,PROD-00052,1,5899,589,5310,delivered,none,0
OI-003224,ORD-002048,PROD-00161,1,6899,689,6210,delivered,none,0
OI-003225,ORD-002049,PROD-00024,1,1299,155,1144,delivered,none,0
OI-003226,ORD-002049,PROD-00222,1,100499,12059,88440,delivered,none,0
OI-003227,ORD-002049,PROD-00127,1,3199,383,2816,delivered,none,0
OI-003228,ORD-002050,PROD-00174,1,7699,0,7699,delivered,none,0
OI-003229,ORD-002050,PROD-00132,1,619,0,619,delivered,none,0
OI-003230,ORD-002050,PROD-00161,1,6899,0,6899,delivered,none,0
OI-003231,ORD-002051,PROD-00029,1,139,11,128,delivered,none,0
OI-003232,ORD-002052,PROD-00070,1,499,39,460,delivered,none,0
OI-003233,ORD-002053,PROD-00127,1,3199,319,2880,returned,refunded,3398
OI-003234,ORD-002053,PROD-00050,1,979,97,882,returned,refunded,1041
OI-003235,ORD-002053,PROD-00023,3,199,59,538,returned,refunded,635
OI-003236,ORD-002053,PROD-00059,1,539,53,486,returned,refunded,573
OI-003237,ORD-002054,PROD-00057,1,2699,323,2376,delivered,none,0
OI-003238,ORD-002054,PROD-00264,1,22999,2759,20240,delivered,none,0
OI-003239,ORD-002055,PROD-00161,1,7399,0,7399,delivered,none,0
OI-003240,ORD-002056,PROD-00127,1,3199,319,2880,returned,refunded,3398
OI-003241,ORD-002056,PROD-00174,1,7699,769,6930,returned,refunded,8177
OI-003242,ORD-002056,PROD-00006,2,139,27,251,returned,refunded,296
OI-003243,ORD-002057,PROD-00168,1,709,85,624,delivered,none,0
OI-003244,ORD-002057,PROD-00008,1,4299,515,3784,delivered,none,0
OI-003245,ORD-002058,PROD-00264,1,22999,0,22999,cancelled,none,27139
OI-003246,ORD-002058,PROD-00106,1,27999,0,27999,cancelled,none,33039
OI-003247,ORD-002059,PROD-00025,2,739,147,1331,delivered,none,0
OI-003248,ORD-002060,PROD-00033,1,6399,511,5888,delivered,none,0
OI-003249,ORD-002060,PROD-00014,1,959,76,883,delivered,none,0
OI-003250,ORD-002060,PROD-00017,1,149,11,138,delivered,none,0
OI-003251,ORD-002061,PROD-00161,1,6899,0,6899,delivered,none,0
OI-003252,ORD-002062,PROD-00201,1,14999,0,14999,delivered,none,0
OI-003253,ORD-002063,PROD-00074,1,35499,0,35499,delivered,none,0
OI-003254,ORD-002063,PROD-00032,1,149,0,149,delivered,none,0
OI-003255,ORD-002064,PROD-00016,1,2099,0,2099,returned,refunded,2477
OI-003256,ORD-002064,PROD-00020,1,159,0,159,returned,refunded,188
OI-003257,ORD-002065,PROD-00070,1,499,39,460,cancelled,none,0
OI-003258,ORD-002066,PROD-00012,3,139,41,376,returned,refunded,444
OI-003259,ORD-002067,PROD-00151,1,27999,0,27999,delivered,none,0
OI-003260,ORD-002068,PROD-00127,1,3199,255,2944,delivered,none,0
OI-003261,ORD-002069,PROD-00030,1,1199,0,1199,delivered,none,0
OI-003262,ORD-002069,PROD-00026,1,4299,0,4299,delivered,none,0
OI-003263,ORD-002070,PROD-00161,1,6899,0,6899,delivered,none,0
OI-003264,ORD-002070,PROD-00029,1,149,0,149,delivered,none,0
OI-003265,ORD-002070,PROD-00265,1,9699,0,9699,delivered,none,0
OI-003266,ORD-002071,PROD-00029,2,139,0,278,delivered,none,0
OI-003267,ORD-002072,PROD-00269,1,2499,299,2200,delivered,none,0
OI-003268,ORD-002072,PROD-00174,1,7099,851,6248,delivered,none,0
OI-003269,ORD-002072,PROD-00218,1,40999,4919,36080,delivered,none,0
OI-003270,ORD-002073,PROD-00174,1,7699,0,7699,cancelled,none,9085
OI-003271,ORD-002073,PROD-00021,1,3999,0,3999,cancelled,none,4719
OI-003272,ORD-002073,PROD-00016,1,2099,0,2099,cancelled,none,2477
OI-003273,ORD-002074,PROD-00008,1,4099,0,4099,delivered,none,0
OI-003274,ORD-002075,PROD-00111,1,999,0,999,delivered,none,0
OI-003275,ORD-002076,PROD-00151,1,29999,3599,26400,delivered,none,0
OI-003276,ORD-002077,PROD-00019,3,2899,434,8263,delivered,none,0
OI-003277,ORD-002077,PROD-00174,1,7099,354,6745,delivered,none,0
OI-003278,ORD-002077,PROD-00115,1,1999,99,1900,delivered,none,0
OI-003279,ORD-002077,PROD-00269,1,2499,124,2375,delivered,none,0
OI-003280,ORD-002077,PROD-00161,1,6899,344,6555,delivered,none,0
OI-003281,ORD-002078,PROD-00120,1,6499,779,5720,delivered,none,0
OI-003282,ORD-002079,PROD-00161,1,6899,689,6210,cancelled,none,7328
OI-003283,ORD-002080,PROD-00101,1,3299,263,3036,delivered,none,0
OI-003284,ORD-002081,PROD-00269,1,2599,0,2599,delivered,none,0
OI-003285,ORD-002082,PROD-00005,1,6299,755,5544,delivered,none,0
OI-003286,ORD-002083,PROD-00269,1,2499,0,2499,delivered,none,0
OI-003287,ORD-002084,PROD-00080,1,4699,234,4465,delivered,none,0
OI-003288,ORD-002085,PROD-00131,1,5899,471,5428,delivered,none,0
OI-003289,ORD-002086,PROD-00172,1,1099,109,990,delivered,none,0
OI-003290,ORD-002087,PROD-00055,1,15499,1239,14260,cancelled,none,16827
OI-003291,ORD-002087,PROD-00174,1,7699,615,7084,cancelled,none,8359
OI-003292,ORD-002088,PROD-00055,1,14499,1159,13340,delivered,none,0
OI-003293,ORD-002088,PROD-00005,1,5999,479,5520,delivered,none,0
OI-003294,ORD-002088,PROD-00017,2,149,23,275,delivered,none,0
OI-003295,ORD-002089,PROD-00127,1,3199,159,3040,delivered,none,0
OI-003296,ORD-002089,PROD-00176,1,7299,364,6935,delivered,none,0
OI-003297,ORD-002090,PROD-00029,1,159,0,159,delivered,none,0
OI-003298,ORD-002091,PROD-00174,1,7999,399,7600,delivered,none,0
OI-003299,ORD-002092,PROD-00251,1,8499,0,8499,cancelled,none,0
OI-003300,ORD-002093,PROD-00277,1,1099,0,1099,delivered,none,0
OI-003301,ORD-002094,PROD-00261,1,22999,1839,21160,delivered,none,0
OI-003302,ORD-002095,PROD-00174,1,7699,0,7699,delivered,none,0
OI-003303,ORD-002095,PROD-00031,2,239,0,478,delivered,none,0
OI-003304,ORD-002095,PROD-00021,1,3999,0,3999,delivered,none,0
OI-003305,ORD-002096,PROD-00260,1,5199,259,4940,delivered,none,0
OI-003306,ORD-002096,PROD-00250,1,1999,99,1900,delivered,none,0
OI-003307,ORD-002096,PROD-00127,1,3199,159,3040,delivered,none,0
OI-003308,ORD-002097,PROD-00280,1,9199,0,9199,delivered,none,0
OI-003309,ORD-002098,PROD-00174,1,7699,0,7699,delivered,none,0
OI-003310,ORD-002099,PROD-00052,1,5899,0,5899,delivered,rejected,0
OI-003311,ORD-002099,PROD-00014,1,909,0,909,delivered,none,0
OI-003312,ORD-002100,PROD-00007,2,179,28,330,delivered,none,0
OI-003313,ORD-002101,PROD-00265,1,10499,0,10499,delivered,none,0
OI-003314,ORD-002102,PROD-00259,1,8699,869,7830,delivered,none,0
OI-003315,ORD-002102,PROD-00126,1,13999,1399,12600,delivered,none,0
OI-003316,ORD-002103,PROD-00161,1,7399,887,6512,delivered,none,0
OI-003317,ORD-002104,PROD-00270,1,699,0,699,delivered,none,0
OI-003318,ORD-002104,PROD-00174,1,8299,0,8299,delivered,none,0
OI-003319,ORD-002105,PROD-00072,1,6799,339,6460,delivered,none,0
OI-003320,ORD-002105,PROD-00270,1,729,36,693,delivered,none,0
OI-003321,ORD-002105,PROD-00017,1,149,7,142,delivered,none,0
OI-003322,ORD-002106,PROD-00286,1,25499,2549,22950,delivered,none,0
OI-003323,ORD-002107,PROD-00008,1,4499,449,4050,delivered,none,0
OI-003324,ORD-002107,PROD-00007,1,159,15,144,delivered,none,0
OI-003325,ORD-002108,PROD-00269,1,2599,0,2599,delivered,none,0
OI-003326,ORD-002108,PROD-00008,1,4299,0,4299,delivered,none,0
OI-003327,ORD-002109,PROD-00161,1,6899,0,6899,delivered,none,0
OI-003328,ORD-002110,PROD-00263,1,9999,0,9999,delivered,none,0
OI-003329,ORD-002111,PROD-00029,1,149,0,149,delivered,none,0
OI-003330,ORD-002112,PROD-00116,1,30499,0,30499,delivered,none,0
OI-003331,ORD-002113,PROD-00161,1,7399,0,7399,delivered,none,0
OI-003332,ORD-002114,PROD-00270,1,719,35,684,delivered,none,0
OI-003333,ORD-002114,PROD-00073,1,1099,54,1045,delivered,none,0
OI-003334,ORD-002115,PROD-00161,1,6899,0,6899,delivered,none,0
OI-003335,ORD-002116,PROD-00054,1,6999,559,6440,delivered,none,0
OI-003336,ORD-002116,PROD-00132,2,649,103,1195,returned,refunded,1410
OI-003337,ORD-002117,PROD-00197,1,6199,0,6199,delivered,none,0
OI-003338,ORD-002117,PROD-00127,1,3199,0,3199,delivered,none,0
OI-003339,ORD-002118,PROD-00283,1,18499,0,18499,delivered,none,0
OI-003340,ORD-002119,PROD-00017,1,149,0,149,delivered,none,0
OI-003341,ORD-002120,PROD-00013,1,4599,459,4140,delivered,none,0
OI-003342,ORD-002120,PROD-00017,1,149,14,135,delivered,none,0
OI-003343,ORD-002121,PROD-00174,1,7299,875,6424,delivered,none,0
OI-003344,ORD-002121,PROD-00155,1,156499,18779,137720,delivered,none,0
OI-003345,ORD-002122,PROD-00005,1,5999,479,5520,delivered,none,0
OI-003346,ORD-002122,PROD-00014,1,959,76,883,delivered,none,0
OI-003347,ORD-002123,PROD-00017,1,149,0,149,delivered,none,0
OI-003348,ORD-002124,PROD-00174,1,7699,923,6776,delivered,none,0
OI-003349,ORD-002125,PROD-00174,1,7699,923,6776,delivered,none,0
OI-003350,ORD-002126,PROD-00067,1,5599,279,5320,delivered,none,0
OI-003351,ORD-002126,PROD-00077,1,37999,1899,36100,delivered,none,0
OI-003352,ORD-002126,PROD-00008,1,3999,199,3800,delivered,none,0
OI-003353,ORD-002127,PROD-00072,1,7099,0,7099,delivered,none,0
OI-003354,ORD-002127,PROD-00026,1,4299,0,4299,delivered,none,0
OI-003355,ORD-002128,PROD-00114,1,999,99,900,delivered,none,0
OI-003356,ORD-002128,PROD-00069,1,1399,139,1260,delivered,none,0
OI-003357,ORD-002129,PROD-00104,1,12999,649,12350,delivered,none,0
OI-003358,ORD-002129,PROD-00127,1,3199,159,3040,delivered,none,0
OI-003359,ORD-002130,PROD-00007,1,169,0,169,delivered,none,0
OI-003360,ORD-002131,PROD-00104,1,12499,999,11500,delivered,none,0
OI-003361,ORD-002132,PROD-00052,1,5599,279,5320,delivered,none,0
OI-003362,ORD-002133,PROD-00072,1,6799,815,5984,delivered,none,0
OI-003363,ORD-002133,PROD-00169,1,2799,335,2464,delivered,none,0
OI-003364,ORD-002134,PROD-00258,1,2099,209,1890,delivered,none,0
OI-003365,ORD-002134,PROD-00161,1,7399,739,6660,delivered,none,0
OI-003366,ORD-002135,PROD-00010,1,6299,629,5670,delivered,none,0
OI-003367,ORD-002136,PROD-00055,1,16499,0,16499,delivered,none,0
OI-003368,ORD-002136,PROD-00238,1,30999,0,30999,delivered,none,0
OI-003369,ORD-002136,PROD-00027,1,149,0,149,delivered,none,0
OI-003370,ORD-002136,PROD-00017,1,149,0,149,delivered,none,0
OI-003371,ORD-002136,PROD-00215,1,79499,0,79499,delivered,none,0
OI-003372,ORD-002137,PROD-00120,1,6499,649,5850,delivered,none,0
OI-003373,ORD-002138,PROD-00113,1,3299,0,3299,delivered,none,0
OI-003374,ORD-002139,PROD-00002,1,3499,0,3499,delivered,none,0
OI-003375,ORD-002139,PROD-00065,1,3599,0,3599,delivered,none,0
OI-003376,ORD-002140,PROD-00174,1,7999,0,7999,delivered,none,0
OI-003377,ORD-002140,PROD-00069,1,1399,0,1399,delivered,none,0
OI-003378,ORD-002141,PROD-00269,1,2499,124,2375,cancelled,none,2803
OI-003379,ORD-002141,PROD-00018,1,289,14,275,cancelled,none,325
OI-003380,ORD-002142,PROD-00251,1,8499,679,7820,delivered,none,0
OI-003381,ORD-002142,PROD-00059,1,499,39,460,delivered,none,0
OI-003382,ORD-002143,PROD-00269,1,2599,0,2599,delivered,none,0
OI-003383,ORD-002143,PROD-00172,1,999,0,999,delivered,none,0
OI-003384,ORD-002143,PROD-00017,2,159,0,318,delivered,none,0
OI-003385,ORD-002144,PROD-00249,1,8599,687,7912,delivered,none,0
OI-003386,ORD-002144,PROD-00176,1,7099,567,6532,delivered,none,0
OI-003387,ORD-002145,PROD-00085,1,64999,0,64999,delivered,none,0
OI-003388,ORD-002145,PROD-00060,1,9499,0,9499,delivered,none,0
OI-003389,ORD-002146,PROD-00161,1,6899,827,6072,delivered,none,0
OI-003390,ORD-002146,PROD-00266,1,25499,3059,22440,delivered,none,0
OI-003391,ORD-002147,PROD-00115,1,1999,0,1999,delivered,none,0
OI-003392,ORD-002148,PROD-00017,1,149,0,149,delivered,none,0
OI-003393,ORD-002148,PROD-00159,1,2099,0,2099,delivered,none,0
OI-003394,ORD-002149,PROD-00017,2,149,0,298,delivered,none,0
OI-003395,ORD-002150,PROD-00161,1,7199,0,7199,delivered,none,0
OI-003396,ORD-002151,PROD-00020,2,149,0,298,delivered,none,0
OI-003397,ORD-002152,PROD-00017,1,149,0,149,delivered,none,0
OI-003398,ORD-002153,PROD-00102,1,1499,74,1425,cancelled,none,1682
OI-003399,ORD-002154,PROD-00127,1,3499,0,3499,delivered,none,0
OI-003400,ORD-002155,PROD-00069,2,1299,0,2598,delivered,none,0
OI-003401,ORD-002156,PROD-00251,1,8099,971,7128,delivered,none,0
OI-003402,ORD-002157,PROD-00114,1,999,49,950,delivered,none,0
OI-003403,ORD-002158,PROD-00052,1,5899,0,5899,delivered,none,0
OI-003404,ORD-002158,PROD-00208,1,27999,0,27999,delivered,none,0
OI-003405,ORD-002159,PROD-00077,1,37999,3039,34960,cancelled,none,41253
OI-003406,ORD-002160,PROD-00246,1,15499,0,15499,delivered,none,0
OI-003407,ORD-002161,PROD-00232,1,116999,9359,107640,delivered,none,0
OI-003408,ORD-002161,PROD-00020,1,139,11,128,delivered,none,0
OI-003409,ORD-002161,PROD-00161,1,7199,575,6624,delivered,none,0
OI-003410,ORD-002162,PROD-00102,1,1599,79,1520,delivered,none,0
OI-003411,ORD-002163,PROD-00242,1,129999,6499,123500,delivered,none,0
OI-003412,ORD-002164,PROD-00260,1,5199,519,4680,delivered,none,0
OI-003413,ORD-002165,PROD-00055,1,15499,1859,13640,delivered,none,0
OI-003414,ORD-002166,PROD-00251,1,8499,0,8499,delivered,none,0
OI-003415,ORD-002166,PROD-00102,1,1599,0,1599,delivered,none,0
OI-003416,ORD-002167,PROD-00269,1,2299,0,2299,delivered,none,0
OI-003417,ORD-002168,PROD-00017,1,149,11,138,delivered,none,0
OI-003418,ORD-002168,PROD-00269,1,2499,199,2300,delivered,none,0
OI-003419,ORD-002169,PROD-00171,1,6699,0,6699,delivered,none,0
OI-003420,ORD-002169,PROD-00019,1,2699,0,2699,delivered,none,0
OI-003421,ORD-002169,PROD-00174,1,7699,0,7699,delivered,none,0
OI-003422,ORD-002170,PROD-00250,1,1999,239,1760,delivered,none,0
OI-003423,ORD-002171,PROD-00167,2,2699,539,4859,delivered,none,0
OI-003424,ORD-002172,PROD-00265,1,10999,0,10999,delivered,none,0
OI-003425,ORD-002172,PROD-00017,1,149,0,149,delivered,none,0
OI-003426,ORD-002173,PROD-00127,1,2999,239,2760,delivered,none,0
OI-003427,ORD-002173,PROD-00016,1,1999,159,1840,delivered,none,0
OI-003428,ORD-002174,PROD-00132,1,669,0,669,delivered,none,0
OI-003429,ORD-002174,PROD-00161,1,7099,0,7099,delivered,none,0
OI-003430,ORD-002175,PROD-00062,1,499,59,440,delivered,none,0
OI-003431,ORD-002175,PROD-00019,1,2899,347,2552,delivered,none,0
OI-003432,ORD-002176,PROD-00020,1,149,14,135,delivered,none,0
OI-003433,ORD-002177,PROD-00032,1,159,7,152,delivered,none,0
OI-003434,ORD-002177,PROD-00017,1,139,6,133,delivered,none,0
OI-003435,ORD-002178,PROD-00101,1,3299,395,2904,delivered,none,0
OI-003436,ORD-002179,PROD-00159,1,2099,209,1890,returned,refunded,2230
OI-003437,ORD-002180,PROD-00017,2,149,14,284,delivered,none,0
OI-003438,ORD-002181,PROD-00050,1,979,0,979,delivered,none,0
OI-003439,ORD-002182,PROD-00065,1,3299,395,2904,returned,refunded,3427
OI-003440,ORD-002182,PROD-00084,1,18499,2219,16280,returned,refunded,19210
OI-003441,ORD-002183,PROD-00118,1,579,0,579,delivered,none,0
OI-003442,ORD-002184,PROD-00178,1,50999,6119,44880,delivered,none,0
OI-003443,ORD-002185,PROD-00284,1,2999,0,2999,cancelled,none,0
OI-003444,ORD-002185,PROD-00161,1,6899,0,6899,cancelled,none,0
OI-003445,ORD-002186,PROD-00192,1,39999,0,39999,delivered,none,0
OI-003446,ORD-002187,PROD-00115,1,2099,104,1995,delivered,none,0
OI-003447,ORD-002187,PROD-00127,1,3299,164,3135,delivered,none,0
OI-003448,ORD-002187,PROD-00004,2,2399,239,4559,delivered,none,0
OI-003449,ORD-002188,PROD-00101,1,3599,287,3312,delivered,none,0
OI-003450,ORD-002188,PROD-00126,1,13999,1119,12880,delivered,none,0
OI-003451,ORD-002188,PROD-00243,1,129999,10399,119600,delivered,none,0
OI-003452,ORD-002189,PROD-00165,1,3999,0,3999,delivered,none,0
OI-003453,ORD-002189,PROD-00102,1,1599,0,1599,delivered,none,0
OI-003454,ORD-002190,PROD-00218,1,37499,0,37499,delivered,none,0
OI-003455,ORD-002191,PROD-00269,1,2499,0,2499,delivered,none,0
OI-003456,ORD-002191,PROD-00029,1,149,0,149,delivered,none,0
OI-003457,ORD-002192,PROD-00174,1,7299,364,6935,delivered,none,0
OI-003458,ORD-002193,PROD-00017,1,149,14,135,delivered,none,0
OI-003459,ORD-002194,PROD-00052,1,5899,589,5310,delivered,none,0
OI-003460,ORD-002195,PROD-00080,1,4899,0,4899,delivered,none,0
OI-003461,ORD-002195,PROD-00124,1,1499,0,1499,delivered,none,0
OI-003462,ORD-002195,PROD-00174,1,7699,0,7699,delivered,none,0
OI-003463,ORD-002196,PROD-00029,1,159,0,159,delivered,none,0
OI-003464,ORD-002197,PROD-00008,1,4299,429,3870,delivered,none,0
OI-003465,ORD-002198,PROD-00025,1,779,77,702,delivered,none,0
OI-003466,ORD-002199,PROD-00080,1,4499,0,4499,delivered,none,0
OI-003467,ORD-002199,PROD-00114,1,1099,0,1099,delivered,none,0
OI-003468,ORD-002199,PROD-00009,1,2599,0,2599,delivered,none,0
OI-003469,ORD-002200,PROD-00127,1,3199,0,3199,delivered,none,0
OI-003470,ORD-002201,PROD-00161,1,6899,689,6210,delivered,none,0
OI-003471,ORD-002201,PROD-00017,2,149,29,269,delivered,none,0
OI-003472,ORD-002202,PROD-00004,1,2399,0,2399,delivered,none,0
OI-003473,ORD-002202,PROD-00169,1,2799,0,2799,delivered,none,0
OI-003474,ORD-002203,PROD-00059,1,519,0,519,returned,refunded,612
OI-003475,ORD-002204,PROD-00174,1,7099,0,7099,delivered,none,0
OI-003476,ORD-002205,PROD-00238,2,30999,4959,57039,delivered,none,0
OI-003477,ORD-002206,PROD-00028,1,4799,0,4799,delivered,none,0
OI-003478,ORD-002207,PROD-00133,1,509,0,509,delivered,none,0
OI-003479,ORD-002208,PROD-00239,1,72499,0,72499,delivered,none,0
OI-003480,ORD-002209,PROD-00001,1,5199,519,4680,delivered,none,0
OI-003481,ORD-002210,PROD-00127,1,2899,0,2899,delivered,none,0
OI-003482,ORD-002211,PROD-00071,1,3399,0,3399,cancelled,none,0
OI-003483,ORD-002211,PROD-00021,1,3999,0,3999,cancelled,none,0
OI-003484,ORD-002212,PROD-00020,1,149,11,138,cancelled,none,163
OI-003485,ORD-002213,PROD-00100,1,28499,2849,25650,delivered,none,0
OI-003486,ORD-002214,PROD-00021,1,3699,184,3515,delivered,none,0
OI-003487,ORD-002214,PROD-00017,1,149,7,142,delivered,none,0
OI-003488,ORD-002215,PROD-00068,1,13999,1119,12880,delivered,none,0
OI-003489,ORD-002215,PROD-00299,1,24999,1999,23000,delivered,none,0
OI-003490,ORD-002216,PROD-00297,1,78499,0,78499,delivered,none,0
OI-003491,ORD-002217,PROD-00132,1,649,0,649,delivered,none,0
OI-003492,ORD-002218,PROD-00132,1,669,53,616,delivered,none,0
OI-003493,ORD-002219,PROD-00198,1,739,73,666,delivered,none,0
OI-003494,ORD-002219,PROD-00002,1,3199,319,2880,delivered,none,0
OI-003495,ORD-002219,PROD-00265,1,10499,1049,9450,delivered,none,0
OI-003496,ORD-002220,PROD-00117,1,1899,0,1899,delivered,none,0
OI-003497,ORD-002221,PROD-00111,1,999,49,950,delivered,none,0
OI-003498,ORD-002221,PROD-00174,1,7699,384,7315,delivered,none,0
OI-003499,ORD-002222,PROD-00020,1,139,11,128,cancelled,none,151
OI-003500,ORD-002223,PROD-00013,1,5299,423,4876,delivered,none,0
OI-003501,ORD-002224,PROD-00107,1,1799,143,1656,returned,refunded,1954
OI-003502,ORD-002225,PROD-00055,1,14499,1739,12760,returned,refunded,15057
OI-003503,ORD-002226,PROD-00196,1,18999,2279,16720,delivered,none,0
OI-003504,ORD-002227,PROD-00127,1,3199,0,3199,cancelled,none,3775
OI-003505,ORD-002228,PROD-00257,1,6499,779,5720,delivered,none,0
OI-003506,ORD-002229,PROD-00057,1,2499,124,2375,delivered,none,0
OI-003507,ORD-002230,PROD-00063,1,8299,0,8299,delivered,none,0
OI-003508,ORD-002230,PROD-00174,1,7299,0,7299,delivered,none,0
OI-003509,ORD-002230,PROD-00264,1,23999,0,23999,delivered,none,0
OI-003510,ORD-002230,PROD-00255,1,1399,0,1399,delivered,none,0
OI-003511,ORD-002231,PROD-00099,1,999,0,999,delivered,none,0
OI-003512,ORD-002232,PROD-00024,2,1199,0,2398,delivered,none,0
OI-003513,ORD-002233,PROD-00008,1,4299,0,4299,delivered,none,0
OI-003514,ORD-002233,PROD-00161,1,6899,0,6899,delivered,none,0
OI-003515,ORD-002234,PROD-00168,1,739,0,739,delivered,none,0
OI-003516,ORD-002235,PROD-00174,1,7699,615,7084,delivered,none,0
OI-003517,ORD-002236,PROD-00269,1,2499,0,2499,delivered,none,0
OI-003518,ORD-002236,PROD-00100,1,27499,0,27499,delivered,none,0
OI-003519,ORD-002237,PROD-00299,1,26999,0,26999,delivered,none,0
OI-003520,ORD-002238,PROD-00227,1,47999,2399,45600,delivered,none,0
OI-003521,ORD-002238,PROD-00017,1,149,7,142,delivered,none,0
OI-003522,ORD-002238,PROD-00006,1,149,7,142,delivered,none,0
OI-003523,ORD-002239,PROD-00235,1,49499,3959,45540,delivered,none,0
OI-003524,ORD-002240,PROD-00264,1,22999,0,22999,delivered,none,0
OI-003525,ORD-002241,PROD-00238,1,30999,0,30999,cancelled,none,36579
OI-003526,ORD-002242,PROD-00174,1,8299,0,8299,delivered,none,0
OI-003527,ORD-002242,PROD-00133,1,469,0,469,delivered,none,0
OI-003528,ORD-002243,PROD-00017,1,149,17,132,cancelled,none,156
OI-003529,ORD-002244,PROD-00168,1,669,0,669,delivered,none,0
OI-003530,ORD-002245,PROD-00034,1,149,0,149,delivered,none,0
OI-003531,ORD-002246,PROD-00069,1,1399,0,1399,delivered,none,0
OI-003532,ORD-002246,PROD-00175,2,719,0,1438,delivered,none,0
OI-003533,ORD-002247,PROD-00020,1,149,7,142,delivered,none,0
OI-003534,ORD-002248,PROD-00190,1,11499,1149,10350,delivered,none,0
OI-003535,ORD-002249,PROD-00131,1,5899,0,5899,delivered,none,0
OI-003536,ORD-002250,PROD-00174,1,7699,0,7699,delivered,none,0
OI-003537,ORD-002250,PROD-00120,1,6199,0,6199,delivered,none,0
OI-003538,ORD-002250,PROD-00111,1,999,0,999,delivered,none,0
OI-003539,ORD-002250,PROD-00017,1,149,0,149,delivered,none,0
OI-003540,ORD-002250,PROD-00196,2,17499,0,34998,delivered,none,0
OI-003541,ORD-002251,PROD-00020,1,149,0,149,delivered,none,0
OI-003542,ORD-002252,PROD-00161,1,6599,0,6599,delivered,none,0
OI-003543,ORD-002253,PROD-00269,1,2399,287,2112,delivered,none,0
OI-003544,ORD-002254,PROD-00171,1,6699,535,6164,delivered,none,0
OI-003545,ORD-002255,PROD-00132,1,599,47,552,delivered,none,0
OI-003546,ORD-002256,PROD-00174,1,7699,0,7699,delivered,none,0
OI-003547,ORD-002257,PROD-00021,1,3999,199,3800,delivered,none,0
OI-003548,ORD-002257,PROD-00151,1,27999,1399,26600,delivered,none,0
OI-003549,ORD-002258,PROD-00032,1,149,0,149,delivered,none,0
OI-003550,ORD-002259,PROD-00127,1,3199,319,2880,delivered,none,0
OI-003551,ORD-002260,PROD-00098,1,19499,0,19499,delivered,none,0
OI-003552,ORD-002261,PROD-00006,1,149,0,149,delivered,none,0
OI-003553,ORD-002262,PROD-00174,1,7699,0,7699,delivered,none,0
OI-003554,ORD-002263,PROD-00010,1,5499,659,4840,delivered,none,0
OI-003555,ORD-002264,PROD-00055,1,15999,799,15200,delivered,none,0
OI-003556,ORD-002264,PROD-00127,1,3199,159,3040,delivered,none,0
OI-003557,ORD-002264,PROD-00032,1,149,7,142,delivered,none,0
OI-003558,ORD-002265,PROD-00269,2,2499,599,4399,delivered,none,0
OI-003559,ORD-002265,PROD-00017,1,139,16,123,delivered,none,0
OI-003560,ORD-002266,PROD-00054,1,7599,0,7599,delivered,none,0
OI-003561,ORD-002266,PROD-00170,1,2999,0,2999,delivered,none,0
OI-003562,ORD-002267,PROD-00051,1,6599,527,6072,delivered,none,0
OI-003563,ORD-002267,PROD-00056,1,3699,295,3404,delivered,none,0
OI-003564,ORD-002268,PROD-00017,1,149,0,149,delivered,none,0
OI-003565,ORD-002268,PROD-00127,1,3199,0,3199,delivered,none,0
OI-003566,ORD-002269,PROD-00104,2,12999,0,25998,delivered,none,0
OI-003567,ORD-002270,PROD-00255,1,1499,179,1320,delivered,none,0
OI-003568,ORD-002271,PROD-00264,1,21999,1099,20900,delivered,none,0
OI-003569,ORD-002272,PROD-00197,1,6699,0,6699,delivered,none,0
OI-003570,ORD-002273,PROD-00260,1,4999,0,4999,delivered,none,0
OI-003571,ORD-002274,PROD-00001,1,5199,0,5199,delivered,none,0
OI-003572,ORD-002275,PROD-00097,1,1299,0,1299,returned,refunded,1533
OI-003573,ORD-002275,PROD-00245,1,20499,0,20499,delivered,rejected,0
OI-003574,ORD-002275,PROD-00230,1,7499,0,7499,delivered,rejected,0
OI-003575,ORD-002275,PROD-00052,1,5899,0,5899,returned,refunded,6961
OI-003576,ORD-002276,PROD-00264,1,22999,1839,21160,delivered,none,0
OI-003577,ORD-002277,PROD-00161,1,6899,551,6348,delivered,none,0
OI-003578,ORD-002277,PROD-00176,1,7099,567,6532,returned,refunded,7708
OI-003579,ORD-002278,PROD-00168,1,709,0,709,delivered,none,0
OI-003580,ORD-002279,PROD-00277,1,1099,54,1045,delivered,none,0
OI-003581,ORD-002280,PROD-00132,1,669,0,669,delivered,none,0
OI-003582,ORD-002281,PROD-00024,1,1199,143,1056,delivered,none,0
OI-003583,ORD-002282,PROD-00095,1,14999,749,14250,delivered,none,0
OI-003584,ORD-002283,PROD-00089,1,20499,0,20499,delivered,none,0
OI-003585,ORD-002284,PROD-00190,1,11499,0,11499,delivered,none,0
OI-003586,ORD-002285,PROD-00116,1,28999,2899,26100,returned,refunded,30798
OI-003587,ORD-002286,PROD-00239,1,71499,3574,67925,delivered,none,0
OI-003588,ORD-002287,PROD-00174,1,7699,615,7084,delivered,none,0
OI-003589,ORD-002287,PROD-00247,1,12999,1039,11960,delivered,none,0
OI-003590,ORD-002288,PROD-00269,1,2499,0,2499,delivered,none,0
OI-003591,ORD-002288,PROD-00223,1,76499,0,76499,delivered,none,0
OI-003592,ORD-002288,PROD-00032,1,149,0,149,delivered,none,0
OI-003593,ORD-002288,PROD-00017,1,149,0,149,delivered,none,0
OI-003594,ORD-002289,PROD-00033,1,6399,319,6080,delivered,none,0
OI-003595,ORD-002289,PROD-00127,1,3199,159,3040,delivered,none,0
OI-003596,ORD-002290,PROD-00086,2,56499,0,112998,delivered,none,0
OI-003597,ORD-002291,PROD-00174,1,7699,0,7699,delivered,none,0
OI-003598,ORD-002292,PROD-00053,1,5499,274,5225,delivered,none,0
OI-003599,ORD-002292,PROD-00017,1,149,7,142,delivered,none,0
OI-003600,ORD-002293,PROD-00080,1,4499,0,4499,delivered,none,0
OI-003601,ORD-002293,PROD-00055,1,14499,0,14499,delivered,none,0
OI-003602,ORD-002294,PROD-00137,1,96999,0,96999,delivered,none,0
OI-003603,ORD-002294,PROD-00181,1,92999,0,92999,delivered,none,0
OI-003604,ORD-002295,PROD-00111,1,919,0,919,returned,refunded,1084
OI-003605,ORD-002296,PROD-00127,1,3299,329,2970,delivered,none,0
OI-003606,ORD-002297,PROD-00016,3,1999,0,5997,delivered,none,0
OI-003607,ORD-002298,PROD-00127,1,3199,0,3199,delivered,none,0
OI-003608,ORD-002299,PROD-00017,1,149,0,149,delivered,none,0
OI-003609,ORD-002299,PROD-00174,1,7699,0,7699,delivered,none,0
OI-003610,ORD-002299,PROD-00014,1,999,0,999,delivered,none,0
OI-003611,ORD-002300,PROD-00203,1,24999,0,24999,delivered,none,0
OI-003612,ORD-002301,PROD-00033,1,6399,511,5888,delivered,none,0
OI-003613,ORD-002302,PROD-00030,1,1099,131,968,delivered,none,0
OI-003614,ORD-002303,PROD-00017,2,149,0,298,delivered,none,0
OI-003615,ORD-002303,PROD-00020,2,149,0,298,delivered,none,0
OI-003616,ORD-002304,PROD-00099,1,949,94,855,delivered,none,0
OI-003617,ORD-002304,PROD-00174,1,7899,789,7110,delivered,none,0
OI-003618,ORD-002304,PROD-00127,1,3199,319,2880,delivered,none,0
OI-003619,ORD-002304,PROD-00057,1,2499,249,2250,delivered,none,0
OI-003620,ORD-002304,PROD-00197,1,6199,619,5580,delivered,none,0
OI-003621,ORD-002305,PROD-00072,1,6799,543,6256,delivered,none,0
OI-003622,ORD-002306,PROD-00114,1,999,119,880,delivered,none,0
OI-003623,ORD-002307,PROD-00111,1,999,0,999,returned,refunded,1179
OI-003624,ORD-002308,PROD-00022,1,1399,111,1288,delivered,none,0
OI-003625,ORD-002309,PROD-00014,1,959,76,883,delivered,none,0
OI-003626,ORD-002310,PROD-00169,1,2799,279,2520,delivered,none,0
OI-003627,ORD-002311,PROD-00034,1,149,14,135,cancelled,none,159
OI-003628,ORD-002311,PROD-00174,1,7999,799,7200,cancelled,none,8496
OI-003629,ORD-002311,PROD-00017,1,149,14,135,cancelled,none,159
OI-003630,ORD-002311,PROD-00269,1,2499,249,2250,cancelled,none,2655
OI-003631,ORD-002312,PROD-00017,1,159,0,159,delivered,none,0
OI-003632,ORD-002313,PROD-00270,1,639,31,608,delivered,none,0
OI-003633,ORD-002313,PROD-00174,1,7299,364,6935,delivered,none,0
OI-003634,ORD-002314,PROD-00174,1,7699,0,7699,delivered,none,0
OI-003635,ORD-002314,PROD-00168,1,709,0,709,delivered,none,0
OI-003636,ORD-002314,PROD-00132,1,599,0,599,delivered,none,0
OI-003637,ORD-002314,PROD-00220,1,23499,0,23499,delivered,none,0
OI-003638,ORD-002314,PROD-00055,1,15499,0,15499,delivered,none,0
OI-003639,ORD-002315,PROD-00017,1,139,0,139,delivered,none,0
OI-003640,ORD-002316,PROD-00127,1,3299,0,3299,delivered,none,0
OI-003641,ORD-002316,PROD-00161,1,6899,0,6899,delivered,none,0
OI-003642,ORD-002317,PROD-00020,1,149,0,149,delivered,none,0
OI-003643,ORD-002318,PROD-00006,1,149,17,132,delivered,none,0
OI-003644,ORD-002318,PROD-00072,1,6499,779,5720,delivered,none,0
OI-003645,ORD-002318,PROD-00017,1,149,17,132,delivered,none,0
OI-003646,ORD-002318,PROD-00029,1,139,16,123,delivered,none,0
OI-003647,ORD-002318,PROD-00104,1,12499,1499,11000,delivered,none,0
OI-003648,ORD-002319,PROD-00014,2,909,145,1673,delivered,none,0
OI-003649,ORD-002320,PROD-00052,1,5899,294,5605,delivered,none,0
OI-003650,ORD-002321,PROD-00070,1,519,0,519,delivered,none,0
OI-003651,ORD-002322,PROD-00114,1,999,0,999,delivered,none,0
OI-003652,ORD-002323,PROD-00096,1,8199,655,7544,returned,refunded,8902
OI-003653,ORD-002324,PROD-00087,1,7099,0,7099,delivered,none,0
OI-003654,ORD-002325,PROD-00013,1,4999,599,4400,delivered,none,0
OI-003655,ORD-002325,PROD-00019,1,2799,335,2464,delivered,none,0
OI-003656,ORD-002326,PROD-00096,1,9599,0,9599,delivered,none,0
OI-003657,ORD-002327,PROD-00012,1,139,0,139,delivered,none,0
OI-003658,ORD-002327,PROD-00264,1,24999,0,24999,delivered,none,0
OI-003659,ORD-002327,PROD-00174,1,7299,0,7299,delivered,none,0
OI-003660,ORD-002328,PROD-00174,1,8299,414,7885,delivered,none,0
OI-003661,ORD-002329,PROD-00300,1,9999,999,9000,delivered,none,0
OI-003662,ORD-002330,PROD-00127,1,3199,255,2944,delivered,none,0
OI-003663,ORD-002331,PROD-00013,1,4999,0,4999,delivered,none,0
OI-003664,ORD-002332,PROD-00242,1,119499,11949,107550,shipped,none,0
OI-003665,ORD-002333,PROD-00025,1,739,59,680,delivered,none,0
OI-003666,ORD-002334,PROD-00174,1,7899,0,7899,delivered,none,0
OI-003667,ORD-002334,PROD-00132,1,669,0,669,delivered,none,0
OI-003668,ORD-002334,PROD-00270,1,699,0,699,delivered,none,0
OI-003669,ORD-002335,PROD-00017,1,149,14,135,delivered,none,0
OI-003670,ORD-002336,PROD-00128,1,949,0,949,delivered,none,0
OI-003671,ORD-002337,PROD-00025,1,679,67,612,delivered,none,0
OI-003672,ORD-002338,PROD-00270,1,729,58,671,delivered,none,0
OI-003673,ORD-002339,PROD-00003,1,1399,139,1260,delivered,none,0
OI-003674,ORD-002339,PROD-00219,1,59999,5999,54000,delivered,none,0
OI-003675,ORD-002339,PROD-00077,1,37999,3799,34200,delivered,none,0
OI-003676,ORD-002339,PROD-00208,1,27999,2799,25200,delivered,none,0
OI-003677,ORD-002339,PROD-00109,1,3599,359,3240,delivered,none,0
OI-003678,ORD-002340,PROD-00008,1,4299,214,4085,delivered,none,0
OI-003679,ORD-002341,PROD-00174,1,7699,0,7699,delivered,rejected,0
OI-003680,ORD-002341,PROD-00025,1,739,0,739,returned,refunded,872
OI-003681,ORD-002341,PROD-00161,1,6899,0,6899,delivered,none,0
OI-003682,ORD-002342,PROD-00273,1,1099,0,1099,delivered,none,0
OI-003683,ORD-002343,PROD-00010,1,5999,299,5700,delivered,none,0
OI-003684,ORD-002344,PROD-00269,1,2299,114,2185,delivered,none,0
OI-003685,ORD-002345,PROD-00132,1,699,0,699,delivered,none,0
OI-003686,ORD-002345,PROD-00117,1,1899,0,1899,delivered,none,0
OI-003687,ORD-002346,PROD-00269,1,2499,299,2200,delivered,none,0
OI-003688,ORD-002346,PROD-00007,1,179,21,158,delivered,none,0
OI-003689,ORD-002347,PROD-00050,2,939,93,1785,delivered,none,0
OI-003690,ORD-002348,PROD-00264,1,22999,1149,21850,delivered,none,0
OI-003691,ORD-002348,PROD-00017,2,149,14,284,delivered,none,0
OI-003692,ORD-002348,PROD-00029,1,149,7,142,delivered,none,0
OI-003693,ORD-002349,PROD-00010,1,5999,0,5999,delivered,none,0
OI-003694,ORD-002350,PROD-00017,1,149,0,149,delivered,none,0
OI-003695,ORD-002350,PROD-00251,1,8499,0,8499,delivered,none,0
OI-003696,ORD-002350,PROD-00128,2,949,0,1898,delivered,none,0
OI-003697,ORD-002350,PROD-00116,1,30499,0,30499,delivered,none,0
OI-003698,ORD-002351,PROD-00111,1,919,91,828,delivered,none,0
OI-003699,ORD-002351,PROD-00017,1,149,14,135,delivered,none,0
OI-003700,ORD-002352,PROD-00120,1,6499,519,5980,delivered,none,0
OI-003701,ORD-002353,PROD-00120,1,6499,649,5850,delivered,none,0
OI-003702,ORD-002353,PROD-00032,1,149,14,135,delivered,none,0
OI-003703,ORD-002353,PROD-00024,2,1399,279,2519,delivered,none,0
OI-003704,ORD-002354,PROD-00020,1,149,0,149,delivered,none,0
OI-003705,ORD-002355,PROD-00008,1,4299,343,3956,delivered,none,0
OI-003706,ORD-002356,PROD-00257,1,7399,0,7399,delivered,none,0
OI-003707,ORD-002356,PROD-00055,1,15499,0,15499,delivered,none,0
OI-003708,ORD-002357,PROD-00053,1,5799,0,5799,delivered,none,0
OI-003709,ORD-002357,PROD-00052,1,5399,0,5399,delivered,none,0
OI-003710,ORD-002357,PROD-00262,1,12499,0,12499,delivered,none,0
OI-003711,ORD-002358,PROD-00264,1,24999,0,24999,delivered,none,0
OI-003712,ORD-002359,PROD-00052,1,5899,0,5899,delivered,none,0
OI-003713,ORD-002359,PROD-00029,1,149,0,149,delivered,none,0
OI-003714,ORD-002359,PROD-00118,1,549,0,549,delivered,none,0
OI-003715,ORD-002359,PROD-00245,1,19499,0,19499,delivered,none,0
OI-003716,ORD-002360,PROD-00161,1,6899,0,6899,returned,refunded,8141
OI-003717,ORD-002361,PROD-00161,1,6299,503,5796,delivered,none,0
OI-003718,ORD-002362,PROD-00127,1,2999,0,2999,delivered,none,0
OI-003719,ORD-002363,PROD-00025,1,779,0,779,shipped,none,0
OI-003720,ORD-002364,PROD-00067,1,5399,269,5130,delivered,none,0
OI-003721,ORD-002365,PROD-00057,2,2499,0,4998,delivered,none,0
OI-003722,ORD-002365,PROD-00159,1,2099,0,2099,delivered,none,0
OI-003723,ORD-002366,PROD-00270,1,749,59,690,delivered,none,0
OI-003724,ORD-002367,PROD-00017,2,149,0,298,delivered,none,0
OI-003725,ORD-002368,PROD-00014,2,959,0,1918,delivered,none,0
OI-003726,ORD-002369,PROD-00009,1,2599,0,2599,delivered,none,0
OI-003727,ORD-002369,PROD-00239,1,72499,0,72499,delivered,none,0
OI-003728,ORD-002370,PROD-00017,1,149,0,149,delivered,none,0
OI-003729,ORD-002371,PROD-00123,1,16499,0,16499,delivered,none,0
OI-003730,ORD-002372,PROD-00242,1,129999,0,129999,delivered,none,0
OI-003731,ORD-002373,PROD-00127,1,3199,383,2816,delivered,none,0
OI-003732,ORD-002373,PROD-00065,1,3699,443,3256,delivered,none,0
OI-003733,ORD-002374,PROD-00161,1,6899,0,6899,delivered,none,0
OI-003734,ORD-002374,PROD-00261,1,22499,0,22499,delivered,none,0
OI-003735,ORD-002375,PROD-00085,1,68499,3424,65075,delivered,none,0
OI-003736,ORD-002376,PROD-00084,1,18499,924,17575,delivered,none,0
OI-003737,ORD-002376,PROD-00013,1,4599,229,4370,delivered,none,0
OI-003738,ORD-002376,PROD-00161,1,6599,329,6270,delivered,none,0
OI-003739,ORD-002376,PROD-00053,1,5799,289,5510,delivered,none,0
OI-003740,ORD-002377,PROD-00174,1,7699,0,7699,cancelled,none,9085
OI-003741,ORD-002377,PROD-00161,1,6299,0,6299,cancelled,none,7433
OI-003742,ORD-002378,PROD-00169,1,2599,0,2599,cancelled,none,0
OI-003743,ORD-002378,PROD-00061,1,4299,0,4299,cancelled,none,0
OI-003744,ORD-002379,PROD-00007,1,169,8,161,delivered,none,0
OI-003745,ORD-002379,PROD-00029,1,149,7,142,delivered,none,0
OI-003746,ORD-002379,PROD-00072,1,6799,339,6460,delivered,none,0
OI-003747,ORD-002380,PROD-00021,1,3999,0,3999,delivered,none,0
OI-003748,ORD-002380,PROD-00029,1,149,0,149,delivered,none,0
OI-003749,ORD-002381,PROD-00020,1,149,0,149,delivered,none,0
OI-003750,ORD-002382,PROD-00044,1,2999,0,2999,cancelled,none,3539
OI-003751,ORD-002383,PROD-00017,1,149,0,149,returned,refunded,176
OI-003752,ORD-002383,PROD-00171,1,6699,0,6699,returned,refunded,7905
OI-003753,ORD-002384,PROD-00096,1,8899,0,8899,cancelled,none,10501
OI-003754,ORD-002385,PROD-00174,1,7999,959,7040,delivered,none,0
OI-003755,ORD-002386,PROD-00159,1,1999,0,1999,delivered,none,0
OI-003756,ORD-002386,PROD-00080,1,4499,0,4499,delivered,none,0
OI-003757,ORD-002386,PROD-00174,1,7699,0,7699,delivered,none,0
OI-003758,ORD-002387,PROD-00270,1,699,0,699,delivered,none,0
OI-003759,ORD-002388,PROD-00102,1,1599,0,1599,delivered,none,0
OI-003760,ORD-002388,PROD-00264,1,22999,0,22999,returned,refunded,27139
OI-003761,ORD-002389,PROD-00057,1,2299,229,2070,delivered,none,0
OI-003762,ORD-002390,PROD-00204,1,27499,2749,24750,delivered,none,0
OI-003763,ORD-002391,PROD-00158,1,101999,5099,96900,delivered,none,0
OI-003764,ORD-002391,PROD-00028,1,4799,239,4560,returned,refunded,5381
OI-003765,ORD-002392,PROD-00069,1,1299,129,1170,delivered,none,0
OI-003766,ORD-002393,PROD-00017,1,149,11,138,delivered,none,0
OI-003767,ORD-002394,PROD-00111,1,999,0,999,delivered,none,0
OI-003768,ORD-002394,PROD-00168,2,649,0,1298,delivered,none,0
OI-003769,ORD-002395,PROD-00030,2,1199,0,2398,delivered,none,0
OI-003770,ORD-002396,PROD-00029,1,149,11,138,delivered,none,0
OI-003771,ORD-002396,PROD-00174,1,7699,615,7084,delivered,none,0
OI-003772,ORD-002397,PROD-00017,1,149,14,135,delivered,none,0
OI-003773,ORD-002398,PROD-00270,1,699,69,630,delivered,none,0
OI-003774,ORD-002398,PROD-00017,1,149,14,135,delivered,none,0
OI-003775,ORD-002399,PROD-00174,1,7699,769,6930,delivered,none,0
OI-003776,ORD-002400,PROD-00169,1,2899,0,2899,delivered,none,0
OI-003777,ORD-002401,PROD-00103,1,14499,0,14499,delivered,none,0
OI-003778,ORD-002401,PROD-00258,1,2099,0,2099,delivered,none,0
OI-003779,ORD-002401,PROD-00017,1,149,0,149,delivered,none,0
OI-003780,ORD-002401,PROD-00161,1,7099,0,7099,delivered,none,0
OI-003781,ORD-002401,PROD-00128,1,949,0,949,delivered,none,0
OI-003782,ORD-002402,PROD-00065,1,3699,0,3699,delivered,none,0
OI-003783,ORD-002403,PROD-00017,1,149,0,149,returned,refunded,176
OI-003784,ORD-002403,PROD-00231,1,83499,0,83499,returned,refunded,98529
OI-003785,ORD-002404,PROD-00029,1,149,0,149,delivered,none,0
OI-003786,ORD-002405,PROD-00170,1,3199,319,2880,delivered,none,0
OI-003787,ORD-002406,PROD-00264,1,22999,1149,21850,delivered,none,0
OI-003788,ORD-002407,PROD-00028,1,4799,0,4799,delivered,none,0
OI-003789,ORD-002408,PROD-00174,1,7899,0,7899,delivered,none,0
OI-003790,ORD-002409,PROD-00068,1,14499,1159,13340,delivered,none,0
OI-003791,ORD-002409,PROD-00127,1,3499,279,3220,delivered,none,0
OI-003792,ORD-002410,PROD-00029,2,149,0,298,delivered,none,0
OI-003793,ORD-002410,PROD-00025,1,739,0,739,delivered,none,0
OI-003794,ORD-002411,PROD-00194,1,16499,0,16499,delivered,none,0
OI-003795,ORD-002411,PROD-00201,1,16499,0,16499,delivered,none,0
OI-003796,ORD-002412,PROD-00029,1,159,7,152,delivered,none,0
OI-003797,ORD-002412,PROD-00142,1,174999,8749,166250,delivered,none,0
OI-003798,ORD-002413,PROD-00270,1,699,0,699,delivered,none,0
OI-003799,ORD-002413,PROD-00161,1,6899,0,6899,delivered,none,0
OI-003800,ORD-002414,PROD-00111,1,999,79,920,delivered,none,0
OI-003801,ORD-002414,PROD-00269,1,2499,199,2300,delivered,none,0
OI-003802,ORD-002415,PROD-00068,1,13999,1399,12600,delivered,none,0
OI-003803,ORD-002416,PROD-00033,1,6399,767,5632,delivered,none,0
OI-003804,ORD-002417,PROD-00171,1,6699,0,6699,delivered,none,0
OI-003805,ORD-002418,PROD-00063,1,8299,995,7304,delivered,none,0
OI-003806,ORD-002418,PROD-00283,1,19999,2399,17600,delivered,none,0
OI-003807,ORD-002419,PROD-00161,1,6899,0,6899,delivered,none,0
OI-003808,ORD-002419,PROD-00127,1,3199,0,3199,delivered,none,0
OI-003809,ORD-002420,PROD-00174,1,7699,384,7315,delivered,none,0
OI-003810,ORD-002421,PROD-00123,1,14499,0,14499,delivered,rejected,0
OI-003811,ORD-002422,PROD-00020,1,139,0,139,delivered,none,0
OI-003812,ORD-002422,PROD-00017,2,149,0,298,delivered,none,0
OI-003813,ORD-002423,PROD-00127,1,3199,0,3199,cancelled,none,3775
OI-003814,ORD-002424,PROD-00116,1,28999,0,28999,delivered,none,0
OI-003815,ORD-002424,PROD-00131,1,5399,0,5399,delivered,none,0
OI-003816,ORD-002424,PROD-00024,1,1199,0,1199,delivered,none,0
OI-003817,ORD-002425,PROD-00118,1,579,69,510,delivered,none,0
OI-003818,ORD-002426,PROD-00029,1,149,14,135,delivered,none,0
OI-003819,ORD-002427,PROD-00025,2,779,0,1558,delivered,none,0
OI-003820,ORD-002428,PROD-00001,1,5199,519,4680,delivered,none,0
OI-003821,ORD-002429,PROD-00169,1,2799,139,2660,delivered,none,0
OI-003822,ORD-002430,PROD-00116,1,30499,0,30499,delivered,none,0
OI-003823,ORD-002431,PROD-00203,1,24999,0,24999,cancelled,none,29499
OI-003824,ORD-002431,PROD-00020,2,149,0,298,cancelled,none,352
OI-003825,ORD-002432,PROD-00017,1,139,6,133,delivered,none,0
OI-003826,ORD-002433,PROD-00189,1,86999,0,86999,delivered,none,0
OI-003827,ORD-002434,PROD-00270,1,699,0,699,delivered,none,0
OI-003828,ORD-002435,PROD-00168,1,709,0,709,delivered,none,0
OI-003829,ORD-002436,PROD-00029,1,149,11,138,delivered,none,0
OI-003830,ORD-002436,PROD-00013,1,4999,399,4600,returned,refunded,5428
OI-003831,ORD-002437,PROD-00061,1,4299,343,3956,delivered,none,0
OI-003832,ORD-002438,PROD-00270,1,719,0,719,delivered,none,0
OI-003833,ORD-002439,PROD-00174,1,8299,0,8299,delivered,none,0
OI-003834,ORD-002439,PROD-00269,1,2499,0,2499,delivered,none,0
OI-003835,ORD-002440,PROD-00161,1,7199,0,7199,delivered,none,0
OI-003836,ORD-002441,PROD-00127,1,3199,159,3040,delivered,none,0
OI-003837,ORD-002441,PROD-00134,1,15999,799,15200,delivered,none,0
OI-003838,ORD-002442,PROD-00025,1,739,59,680,delivered,none,0
OI-003839,ORD-002443,PROD-00111,1,999,49,950,delivered,none,0
OI-003840,ORD-002444,PROD-00264,1,23999,1919,22080,delivered,none,0
OI-003841,ORD-002445,PROD-00174,1,7699,0,7699,delivered,none,0
OI-003842,ORD-002445,PROD-00017,1,149,0,149,delivered,none,0
OI-003843,ORD-002446,PROD-00269,1,2499,0,2499,delivered,none,0
OI-003844,ORD-002447,PROD-00068,1,14499,1739,12760,delivered,none,0
OI-003845,ORD-002448,PROD-00080,1,4299,0,4299,delivered,none,0
OI-003846,ORD-002448,PROD-00159,1,2099,0,2099,delivered,none,0
OI-003847,ORD-002448,PROD-00031,2,239,0,478,delivered,none,0
OI-003848,ORD-002449,PROD-00057,1,2499,249,2250,delivered,none,0
OI-003849,ORD-002450,PROD-00204,1,25999,0,25999,delivered,none,0
OI-003850,ORD-002451,PROD-00251,1,8499,0,8499,delivered,none,0
OI-003851,ORD-002451,PROD-00017,1,149,0,149,delivered,none,0
OI-003852,ORD-002452,PROD-00080,1,4499,359,4140,delivered,none,0
OI-003853,ORD-002452,PROD-00024,1,1299,103,1196,delivered,none,0
OI-003854,ORD-002453,PROD-00013,1,4999,249,4750,delivered,none,0
OI-003855,ORD-002454,PROD-00017,1,149,7,142,delivered,none,0
OI-003856,ORD-002455,PROD-00023,1,199,15,184,delivered,none,0
OI-003857,ORD-002455,PROD-00032,1,149,11,138,delivered,none,0
OI-003858,ORD-002455,PROD-00168,1,709,56,653,delivered,none,0
OI-003859,ORD-002456,PROD-00174,1,7699,0,7699,delivered,none,0
OI-003860,ORD-002457,PROD-00118,2,619,0,1238,delivered,none,0
OI-003861,ORD-002457,PROD-00102,1,1499,0,1499,delivered,none,0
OI-003862,ORD-002458,PROD-00013,1,4999,0,4999,delivered,none,0
OI-003863,ORD-002459,PROD-00169,1,2799,335,2464,delivered,none,0
OI-003864,ORD-002459,PROD-00159,2,2199,527,3871,delivered,none,0
OI-003865,ORD-002460,PROD-00102,1,1499,0,1499,cancelled,none,0
OI-003866,ORD-002461,PROD-00025,2,699,0,1398,delivered,none,0
OI-003867,ORD-002461,PROD-00174,1,7099,0,7099,delivered,none,0
OI-003868,ORD-002462,PROD-00128,1,949,47,902,cancelled,none,1064
OI-003869,ORD-002463,PROD-00016,1,2199,219,1980,delivered,none,0
OI-003870,ORD-002463,PROD-00269,1,2499,249,2250,delivered,none,0
OI-003871,ORD-002464,PROD-00165,1,4099,409,3690,delivered,none,0
OI-003872,ORD-002465,PROD-00161,1,7199,0,7199,delivered,none,0
OI-003873,ORD-002465,PROD-00004,1,2399,0,2399,delivered,none,0
OI-003874,ORD-002466,PROD-00174,1,7299,0,7299,delivered,none,0
OI-003875,ORD-002466,PROD-00270,1,699,0,699,delivered,none,0
OI-003876,ORD-002467,PROD-00102,1,1499,179,1320,delivered,none,0
OI-003877,ORD-002468,PROD-00174,1,7099,0,7099,delivered,none,0
OI-003878,ORD-002468,PROD-00106,1,29499,0,29499,delivered,none,0
OI-003879,ORD-002469,PROD-00127,2,3199,0,6398,delivered,none,0
OI-003880,ORD-002469,PROD-00251,1,8799,0,8799,delivered,none,0
OI-003881,ORD-002470,PROD-00056,1,3699,0,3699,delivered,none,0
OI-003882,ORD-002471,PROD-00126,1,14499,1159,13340,delivered,none,0
OI-003883,ORD-002472,PROD-00127,1,3299,263,3036,delivered,none,0
OI-003884,ORD-002473,PROD-00111,1,1099,131,968,returned,refunded,1142
OI-003885,ORD-002474,PROD-00282,1,20999,0,20999,delivered,none,0
OI-003886,ORD-002474,PROD-00017,1,149,0,149,delivered,none,0
OI-003887,ORD-002475,PROD-00174,1,7099,0,7099,delivered,none,0
OI-003888,ORD-002476,PROD-00127,1,2999,299,2700,delivered,none,0
OI-003889,ORD-002477,PROD-00166,1,5899,589,5310,delivered,none,0
OI-003890,ORD-002478,PROD-00017,1,159,15,144,delivered,none,0
OI-003891,ORD-002478,PROD-00057,1,2499,249,2250,delivered,none,0
OI-003892,ORD-002479,PROD-00063,1,8299,663,7636,delivered,none,0
OI-003893,ORD-002479,PROD-00017,1,149,11,138,delivered,none,0
OI-003894,ORD-002480,PROD-00270,1,699,83,616,delivered,none,0
OI-003895,ORD-002480,PROD-00161,1,6899,827,6072,delivered,none,0
OI-003896,ORD-002481,PROD-00174,2,7699,0,15398,delivered,none,0
OI-003897,ORD-002482,PROD-00161,1,7099,709,6390,returned,refunded,7540
OI-003898,ORD-002483,PROD-00032,1,149,17,132,delivered,none,0
OI-003899,ORD-002483,PROD-00017,2,149,35,263,delivered,none,0
OI-003900,ORD-002483,PROD-00020,1,149,17,132,delivered,none,0
OI-003901,ORD-002483,PROD-00072,1,6799,815,5984,delivered,none,0
OI-003902,ORD-002484,PROD-00174,1,8299,829,7470,delivered,rejected,0
OI-003903,ORD-002484,PROD-00120,1,6499,649,5850,returned,refunded,6903
OI-003904,ORD-002484,PROD-00161,1,7399,739,6660,returned,refunded,7859
OI-003905,ORD-002484,PROD-00069,1,1399,139,1260,delivered,rejected,0
OI-003906,ORD-002484,PROD-00111,1,999,99,900,returned,refunded,1062
OI-003907,ORD-002485,PROD-00099,1,919,0,919,delivered,none,0
OI-003908,ORD-002485,PROD-00127,1,2999,0,2999,delivered,none,0
OI-003909,ORD-002486,PROD-00022,1,1499,149,1350,delivered,none,0
OI-003910,ORD-002486,PROD-00127,1,3199,319,2880,delivered,none,0
OI-003911,ORD-002487,PROD-00011,1,309,0,309,returned,refunded,365
OI-003912,ORD-002488,PROD-00029,1,149,0,149,delivered,none,0
OI-003913,ORD-002488,PROD-00270,2,699,0,1398,delivered,none,0
OI-003914,ORD-002489,PROD-00017,3,149,0,447,delivered,none,0
OI-003915,ORD-002489,PROD-00065,1,3699,0,3699,delivered,none,0
OI-003916,ORD-002490,PROD-00270,1,719,0,719,delivered,none,0
OI-003917,ORD-002491,PROD-00025,3,739,0,2217,delivered,none,0
OI-003918,ORD-002491,PROD-00178,1,54999,0,54999,delivered,none,0
OI-003919,ORD-002491,PROD-00065,1,3699,0,3699,delivered,none,0
OI-003920,ORD-002492,PROD-00120,1,6499,0,6499,delivered,none,0
OI-003921,ORD-002493,PROD-00262,1,11999,1199,10800,returned,refunded,12744
OI-003922,ORD-002493,PROD-00269,1,2599,259,2340,returned,refunded,2761
OI-003923,ORD-002494,PROD-00016,1,1999,199,1800,delivered,none,0
OI-003924,ORD-002494,PROD-00174,1,7699,769,6930,delivered,none,0
OI-003925,ORD-002495,PROD-00105,1,37999,1899,36100,delivered,none,0
OI-003926,ORD-002495,PROD-00264,1,23499,1174,22325,delivered,none,0
OI-003927,ORD-002495,PROD-00007,1,169,8,161,delivered,none,0
OI-003928,ORD-002496,PROD-00211,1,5299,0,5299,delivered,none,0
OI-003929,ORD-002497,PROD-00241,1,26499,2119,24380,delivered,none,0
OI-003930,ORD-002498,PROD-00174,1,7699,0,7699,delivered,none,0
OI-003931,ORD-002498,PROD-00262,1,11999,0,11999,delivered,none,0
OI-003932,ORD-002498,PROD-00161,1,6899,0,6899,delivered,none,0
OI-003933,ORD-002499,PROD-00020,1,149,17,132,delivered,none,0
OI-003934,ORD-002500,PROD-00127,1,2899,0,2899,delivered,none,0
OI-003935,ORD-002501,PROD-00028,1,4999,0,4999,delivered,none,0
OI-003936,ORD-002502,PROD-00223,1,76499,0,76499,delivered,none,0
OI-003937,ORD-002503,PROD-00174,1,7699,769,6930,delivered,none,0
OI-003938,ORD-002503,PROD-00051,1,6099,609,5490,delivered,none,0
OI-003939,ORD-002504,PROD-00239,1,69499,3474,66025,delivered,none,0
OI-003940,ORD-002504,PROD-00017,2,149,14,284,delivered,none,0
OI-003941,ORD-002505,PROD-00252,2,13999,0,27998,delivered,none,0
OI-003942,ORD-002506,PROD-00120,1,6499,649,5850,delivered,none,0
OI-003943,ORD-002507,PROD-00248,1,4799,0,4799,returned,refunded,5663
OI-003944,ORD-002508,PROD-00283,1,17499,0,17499,delivered,none,0
OI-003945,ORD-002508,PROD-00170,1,3299,0,3299,delivered,none,0
OI-003946,ORD-002509,PROD-00174,1,7699,0,7699,delivered,none,0
OI-003947,ORD-002510,PROD-00020,1,149,0,149,delivered,none,0
OI-003948,ORD-002511,PROD-00020,3,149,44,403,delivered,none,0
OI-003949,ORD-002512,PROD-00025,1,739,59,680,delivered,none,0
OI-003950,ORD-002512,PROD-00161,1,6899,551,6348,returned,refunded,7491
OI-003951,ORD-002512,PROD-00174,1,7699,615,7084,returned,refunded,8359
OI-003952,ORD-002513,PROD-00104,1,12999,649,12350,delivered,none,0
OI-003953,ORD-002514,PROD-00026,1,4499,0,4499,delivered,none,0
OI-003954,ORD-002515,PROD-00300,1,9999,0,9999,returned,refunded,11799
OI-003955,ORD-002515,PROD-00108,1,8299,0,8299,returned,refunded,9793
OI-003956,ORD-002515,PROD-00168,1,649,0,649,delivered,rejected,0
OI-003957,ORD-002516,PROD-00020,1,149,11,138,delivered,none,0
OI-003958,ORD-002516,PROD-00109,1,2999,239,2760,delivered,none,0
OI-003959,ORD-002516,PROD-00270,1,729,58,671,delivered,none,0
OI-003960,ORD-002517,PROD-00127,1,2999,299,2700,delivered,none,0
OI-003961,ORD-002518,PROD-00032,1,139,0,139,delivered,none,0
OI-003962,ORD-002519,PROD-00024,1,1399,69,1330,delivered,none,0
OI-003963,ORD-002520,PROD-00114,1,999,0,999,returned,refunded,1179
OI-003964,ORD-002521,PROD-00098,1,20499,0,20499,delivered,none,0
OI-003965,ORD-002521,PROD-00067,1,5099,0,5099,delivered,none,0
OI-003966,ORD-002521,PROD-00265,1,10499,0,10499,delivered,none,0
OI-003967,ORD-002521,PROD-00064,1,1699,0,1699,delivered,none,0
OI-003968,ORD-002521,PROD-00127,1,3499,0,3499,delivered,none,0
OI-003969,ORD-002522,PROD-00101,1,3299,0,3299,delivered,none,0
OI-003970,ORD-002523,PROD-00277,1,1099,0,1099,delivered,none,0
OI-003971,ORD-002523,PROD-00059,1,469,0,469,delivered,none,0
OI-003972,ORD-002524,PROD-00112,1,4899,244,4655,delivered,none,0
OI-003973,ORD-002525,PROD-00101,1,3299,329,2970,delivered,none,0
OI-003974,ORD-002525,PROD-00068,1,13999,1399,12600,delivered,none,0
OI-003975,ORD-002525,PROD-00025,1,679,67,612,delivered,none,0
OI-003976,ORD-002526,PROD-00127,1,3199,0,3199,delivered,none,0
OI-003977,ORD-002526,PROD-00168,1,709,0,709,delivered,none,0
OI-003978,ORD-002526,PROD-00159,1,1999,0,1999,delivered,none,0
OI-003979,ORD-002527,PROD-00034,1,149,0,149,delivered,none,0
OI-003980,ORD-002528,PROD-00005,1,5799,463,5336,delivered,none,0
OI-003981,ORD-002528,PROD-00174,1,8299,663,7636,delivered,none,0
OI-003982,ORD-002529,PROD-00024,1,1299,64,1235,delivered,none,0
OI-003983,ORD-002530,PROD-00251,1,8499,0,8499,delivered,none,0
OI-003984,ORD-002531,PROD-00161,1,6899,0,6899,delivered,none,0
OI-003985,ORD-002532,PROD-00057,1,2499,124,2375,delivered,none,0
OI-003986,ORD-002532,PROD-00013,1,4999,249,4750,delivered,none,0
OI-003987,ORD-002533,PROD-00171,1,6699,0,6699,delivered,none,0
OI-003988,ORD-002534,PROD-00174,1,7699,615,7084,delivered,rejected,0
OI-003989,ORD-002535,PROD-00072,1,6299,0,6299,delivered,none,0
OI-003990,ORD-002535,PROD-00244,1,9099,0,9099,delivered,none,0
OI-003991,ORD-002535,PROD-00213,1,9499,0,9499,delivered,none,0
OI-003992,ORD-002536,PROD-00050,1,939,93,846,delivered,none,0
OI-003993,ORD-002536,PROD-00020,1,159,15,144,delivered,none,0
OI-003994,ORD-002536,PROD-00127,1,3199,319,2880,delivered,none,0
OI-003995,ORD-002536,PROD-00251,1,8499,849,7650,delivered,none,0
OI-003996,ORD-002537,PROD-00174,1,7099,0,7099,delivered,none,0
OI-003997,ORD-002538,PROD-00171,1,6899,689,6210,delivered,none,0
OI-003998,ORD-002539,PROD-00269,1,2499,0,2499,delivered,none,0
OI-003999,ORD-002540,PROD-00174,1,7299,875,6424,delivered,none,0
OI-004000,ORD-002541,PROD-00107,1,1699,0,1699,delivered,none,0
OI-004001,ORD-002542,PROD-00052,1,5899,0,5899,delivered,none,0
OI-004002,ORD-002543,PROD-00168,3,649,0,1947,delivered,none,0
OI-004003,ORD-002543,PROD-00174,1,7299,0,7299,delivered,none,0
OI-004004,ORD-002544,PROD-00017,1,149,0,149,delivered,none,0
OI-004005,ORD-002545,PROD-00080,1,4299,343,3956,cancelled,none,0
OI-004006,ORD-002545,PROD-00014,1,959,76,883,cancelled,none,0
OI-004007,ORD-002546,PROD-00019,1,2899,0,2899,delivered,none,0
OI-004008,ORD-002546,PROD-00262,1,11999,0,11999,delivered,none,0
OI-004009,ORD-002546,PROD-00263,1,10499,0,10499,delivered,none,0
OI-004010,ORD-002547,PROD-00166,1,6199,309,5890,delivered,none,0
OI-004011,ORD-002548,PROD-00011,1,279,0,279,delivered,none,0
OI-004012,ORD-002548,PROD-00114,1,999,0,999,delivered,none,0
OI-004013,ORD-002548,PROD-00251,1,8499,0,8499,delivered,none,0
OI-004014,ORD-002548,PROD-00036,1,24999,0,24999,delivered,none,0
OI-004015,ORD-002549,PROD-00168,1,739,0,739,delivered,none,0
OI-004016,ORD-002549,PROD-00018,1,289,0,289,delivered,none,0
OI-004017,ORD-002550,PROD-00240,1,7999,0,7999,delivered,none,0
OI-004018,ORD-002550,PROD-00161,1,6899,0,6899,delivered,none,0
OI-004019,ORD-002551,PROD-00029,1,139,0,139,delivered,none,0
OI-004020,ORD-002552,PROD-00032,1,149,0,149,delivered,none,0
OI-004021,ORD-002553,PROD-00133,1,499,49,450,delivered,none,0
OI-004022,ORD-002554,PROD-00161,1,6899,0,6899,delivered,rejected,0
OI-004023,ORD-002554,PROD-00030,1,1199,0,1199,returned,refunded,1415
OI-004024,ORD-002554,PROD-00005,1,5799,0,5799,returned,refunded,6843
OI-004025,ORD-002554,PROD-00132,3,649,0,1947,delivered,rejected,0
OI-004026,ORD-002554,PROD-00174,1,7699,0,7699,returned,refunded,9085
OI-004027,ORD-002555,PROD-00275,1,36499,2919,33580,delivered,none,0
OI-004028,ORD-002555,PROD-00006,1,139,11,128,delivered,none,0
OI-004029,ORD-002556,PROD-00017,1,149,0,149,delivered,none,0
OI-004030,ORD-002557,PROD-00017,2,139,13,265,delivered,none,0
OI-004031,ORD-002557,PROD-00013,1,5299,264,5035,delivered,none,0
OI-004032,ORD-002558,PROD-00021,1,3999,199,3800,delivered,none,0
OI-004033,ORD-002559,PROD-00265,1,11499,0,11499,returned,refunded,13569
OI-004034,ORD-002560,PROD-00275,2,37499,8999,65999,delivered,none,0
OI-004035,ORD-002561,PROD-00029,1,149,7,142,delivered,none,0
OI-004036,ORD-002561,PROD-00279,1,18999,949,18050,delivered,none,0
OI-004037,ORD-002561,PROD-00118,3,529,79,1508,delivered,none,0
OI-004038,ORD-002561,PROD-00001,1,5199,259,4940,delivered,none,0
OI-004039,ORD-002561,PROD-00161,1,6899,344,6555,delivered,none,0
OI-004040,ORD-002562,PROD-00007,1,179,17,162,delivered,none,0
OI-004041,ORD-002563,PROD-00161,1,7099,851,6248,delivered,none,0
OI-004042,ORD-002563,PROD-00127,1,2899,347,2552,delivered,none,0
OI-004043,ORD-002564,PROD-00168,1,709,85,624,delivered,none,0
OI-004044,ORD-002564,PROD-00180,1,6199,743,5456,delivered,none,0
OI-004045,ORD-002565,PROD-00017,1,149,17,132,delivered,none,0
OI-004046,ORD-002566,PROD-00086,1,56499,5649,50850,delivered,none,0
OI-004047,ORD-002567,PROD-00223,1,70499,0,70499,delivered,none,0
OI-004048,ORD-002568,PROD-00280,1,9499,0,9499,delivered,none,0
OI-004049,ORD-002569,PROD-00011,1,309,30,279,delivered,none,0
OI-004050,ORD-002569,PROD-00019,1,2899,289,2610,delivered,none,0
OI-004051,ORD-002569,PROD-00068,1,13999,1399,12600,delivered,none,0
OI-004052,ORD-002570,PROD-00029,1,149,0,149,delivered,none,0
OI-004053,ORD-002571,PROD-00239,1,69499,6949,62550,delivered,none,0
OI-004054,ORD-002572,PROD-00032,1,149,0,149,delivered,none,0
OI-004055,ORD-002573,PROD-00264,1,22999,0,22999,delivered,none,0
OI-004056,ORD-002574,PROD-00270,1,699,69,630,delivered,none,0
OI-004057,ORD-002574,PROD-00248,1,4799,479,4320,delivered,none,0
OI-004058,ORD-002574,PROD-00251,1,8499,849,7650,delivered,none,0
OI-004059,ORD-002575,PROD-00114,1,999,99,900,delivered,none,0
OI-004060,ORD-002576,PROD-00066,2,999,0,1998,delivered,none,0
OI-004061,ORD-002577,PROD-00061,1,3999,399,3600,delivered,none,0
OI-004062,ORD-002577,PROD-00269,1,2599,259,2340,delivered,none,0
OI-004063,ORD-002578,PROD-00161,1,7099,0,7099,delivered,none,0
OI-004064,ORD-002579,PROD-00087,1,6899,0,6899,returned,refunded,8141
OI-004065,ORD-002580,PROD-00057,1,2699,0,2699,delivered,none,0
OI-004066,ORD-002581,PROD-00033,1,6399,319,6080,delivered,none,0
OI-004067,ORD-002582,PROD-00171,1,6699,0,6699,delivered,none,0
OI-004068,ORD-002583,PROD-00057,2,2699,0,5398,delivered,none,0
OI-004069,ORD-002583,PROD-00148,1,75999,0,75999,delivered,none,0
OI-004070,ORD-002583,PROD-00264,1,22999,0,22999,delivered,none,0
OI-004071,ORD-002584,PROD-00016,2,1999,479,3519,delivered,none,0
OI-004072,ORD-002585,PROD-00097,1,1299,64,1235,delivered,none,0
OI-004073,ORD-002586,PROD-00211,1,5699,0,5699,returned,refunded,6725
OI-004074,ORD-002587,PROD-00127,1,3199,0,3199,returned,refunded,3775
OI-004075,ORD-002588,PROD-00127,1,3199,319,2880,delivered,none,0
OI-004076,ORD-002589,PROD-00257,1,7099,567,6532,delivered,none,0
OI-004077,ORD-002590,PROD-00127,1,3499,0,3499,delivered,none,0
OI-004078,ORD-002591,PROD-00111,1,999,0,999,delivered,none,0
OI-004079,ORD-002592,PROD-00264,1,22999,0,22999,delivered,none,0
OI-004080,ORD-002592,PROD-00269,1,2699,0,2699,delivered,none,0
OI-004081,ORD-002592,PROD-00013,1,4999,0,4999,delivered,none,0
OI-004082,ORD-002593,PROD-00174,1,7099,0,7099,delivered,none,0
OI-004083,ORD-002594,PROD-00178,1,48499,5819,42680,returned,refunded,50362
OI-004084,ORD-002595,PROD-00114,1,999,0,999,delivered,none,0
OI-004085,ORD-002595,PROD-00132,2,649,0,1298,delivered,none,0
OI-004086,ORD-002595,PROD-00127,1,3199,0,3199,delivered,none,0
OI-004087,ORD-002595,PROD-00220,1,23999,0,23999,delivered,none,0
OI-004088,ORD-002596,PROD-00008,1,4299,0,4299,delivered,none,0
OI-004089,ORD-002596,PROD-00224,1,129999,0,129999,delivered,none,0
OI-004090,ORD-002597,PROD-00163,1,489,39,450,delivered,none,0
OI-004091,ORD-002597,PROD-00275,1,33499,2679,30820,delivered,none,0
OI-004092,ORD-002598,PROD-00017,1,149,0,149,delivered,none,0
OI-004093,ORD-002599,PROD-00055,1,15499,0,15499,delivered,none,0
OI-004094,ORD-002600,PROD-00225,1,18999,0,18999,delivered,none,0
OI-004095,ORD-002601,PROD-00174,1,7099,0,7099,delivered,none,0
OI-004096,ORD-002601,PROD-00126,1,13999,0,13999,delivered,none,0
OI-004097,ORD-002602,PROD-00072,1,6999,0,6999,delivered,none,0
OI-004098,ORD-002602,PROD-00199,1,1099,0,1099,delivered,none,0
OI-004099,ORD-002603,PROD-00029,3,149,0,447,returned,refunded,527
OI-004100,ORD-002604,PROD-00014,1,989,0,989,delivered,none,0
OI-004101,ORD-002605,PROD-00174,1,7299,875,6424,delivered,none,0
OI-004102,ORD-002605,PROD-00165,1,3899,467,3432,delivered,none,0
OI-004103,ORD-002606,PROD-00060,1,9999,0,9999,delivered,none,0
OI-004104,ORD-002607,PROD-00251,1,8799,703,8096,delivered,none,0
OI-004105,ORD-002608,PROD-00014,1,989,79,910,delivered,none,0
OI-004106,ORD-002609,PROD-00176,1,7099,851,6248,delivered,none,0
OI-004107,ORD-002609,PROD-00085,1,64999,7799,57200,delivered,none,0
OI-004108,ORD-002610,PROD-00269,1,2499,0,2499,delivered,rejected,0
OI-004109,ORD-002610,PROD-00168,1,709,0,709,delivered,none,0
OI-004110,ORD-002611,PROD-00174,1,7699,0,7699,delivered,none,0
OI-004111,ORD-002611,PROD-00034,1,159,0,159,delivered,none,0
OI-004112,ORD-002611,PROD-00017,1,149,0,149,delivered,none,0
OI-004113,ORD-002612,PROD-00296,1,10499,0,10499,delivered,none,0
OI-004114,ORD-002612,PROD-00111,1,999,0,999,delivered,none,0
OI-004115,ORD-002613,PROD-00281,1,4099,327,3772,delivered,none,0
OI-004116,ORD-002613,PROD-00030,1,999,79,920,delivered,none,0
OI-004117,ORD-002614,PROD-00174,1,7299,0,7299,delivered,none,0
OI-004118,ORD-002614,PROD-00296,1,10999,0,10999,delivered,none,0
OI-004119,ORD-002614,PROD-00264,1,20999,0,20999,delivered,none,0
OI-004120,ORD-002614,PROD-00080,1,4499,0,4499,delivered,none,0
OI-004121,ORD-002614,PROD-00003,1,1299,0,1299,delivered,none,0
OI-004122,ORD-002615,PROD-00099,1,949,0,949,cancelled,none,1120
OI-004123,ORD-002615,PROD-00108,1,7599,0,7599,cancelled,none,8967
OI-004124,ORD-002616,PROD-00020,1,149,11,138,delivered,none,0
OI-004125,ORD-002617,PROD-00017,1,149,0,149,delivered,none,0
OI-004126,ORD-002617,PROD-00270,1,719,0,719,delivered,none,0
OI-004127,ORD-002618,PROD-00174,1,7899,631,7268,delivered,none,0
OI-004128,ORD-002619,PROD-00017,1,149,17,132,delivered,none,0
OI-004129,ORD-002620,PROD-00174,1,8299,829,7470,delivered,none,0
OI-004130,ORD-002621,PROD-00072,1,6799,0,6799,delivered,none,0
OI-004131,ORD-002622,PROD-00229,1,129999,0,129999,delivered,none,0
OI-004132,ORD-002622,PROD-00017,1,149,0,149,delivered,none,0
OI-004133,ORD-002623,PROD-00199,1,1099,109,990,delivered,none,0
OI-004134,ORD-002623,PROD-00126,1,13999,1399,12600,delivered,none,0
OI-004135,ORD-002624,PROD-00059,1,499,59,440,delivered,none,0
OI-004136,ORD-002624,PROD-00006,1,139,16,123,delivered,none,0
OI-004137,ORD-002625,PROD-00104,1,12499,1249,11250,delivered,none,0
OI-004138,ORD-002625,PROD-00018,1,289,28,261,delivered,none,0
OI-004139,ORD-002626,PROD-00017,1,149,0,149,delivered,none,0
OI-004140,ORD-002627,PROD-00174,1,7899,0,7899,returned,refunded,9321
OI-004141,ORD-002628,PROD-00080,1,4499,224,4275,delivered,rejected,0
OI-004142,ORD-002628,PROD-00104,1,12499,624,11875,delivered,none,0
OI-004143,ORD-002629,PROD-00017,2,149,29,269,delivered,none,0
OI-004144,ORD-002630,PROD-00161,1,7199,0,7199,delivered,none,0
OI-004145,ORD-002631,PROD-00174,1,7699,0,7699,delivered,none,0
OI-004146,ORD-002632,PROD-00161,1,6299,503,5796,delivered,none,0
OI-004147,ORD-002633,PROD-00127,1,3199,159,3040,delivered,rejected,0
OI-004148,ORD-002634,PROD-00174,1,7299,0,7299,delivered,none,0
OI-004149,ORD-002635,PROD-00169,1,2899,0,2899,delivered,none,0
OI-004150,ORD-002635,PROD-00174,1,7699,0,7699,delivered,none,0
OI-004151,ORD-002636,PROD-00033,1,6099,0,6099,delivered,none,0
OI-004152,ORD-002636,PROD-00104,1,12999,0,12999,delivered,none,0
OI-004153,ORD-002636,PROD-00111,1,999,0,999,delivered,none,0
OI-004154,ORD-002637,PROD-00069,2,1499,0,2998,delivered,none,0
OI-004155,ORD-002638,PROD-00094,1,39499,3949,35550,delivered,none,0
OI-004156,ORD-002639,PROD-00169,3,2699,971,7126,delivered,none,0
OI-004157,ORD-002640,PROD-00057,1,2499,0,2499,delivered,none,0
OI-004158,ORD-002641,PROD-00271,1,11999,599,11400,cancelled,none,0
OI-004159,ORD-002642,PROD-00087,1,7499,899,6600,delivered,none,0
OI-004160,ORD-002643,PROD-00278,1,13999,0,13999,delivered,none,0
OI-004161,ORD-002644,PROD-00029,1,139,16,123,delivered,none,0
OI-004162,ORD-002645,PROD-00110,1,29999,3599,26400,delivered,none,0
OI-004163,ORD-002645,PROD-00131,1,5899,707,5192,delivered,none,0
OI-004164,ORD-002646,PROD-00269,1,2699,134,2565,delivered,none,0
OI-004165,ORD-002647,PROD-00017,1,149,0,149,delivered,rejected,0
OI-004166,ORD-002648,PROD-00238,1,28499,2849,25650,delivered,none,0
OI-004167,ORD-002648,PROD-00248,1,4799,479,4320,delivered,none,0
OI-004168,ORD-002649,PROD-00166,1,6199,619,5580,delivered,none,0
OI-004169,ORD-002650,PROD-00127,2,3499,0,6998,returned,refunded,8258
OI-004170,ORD-002651,PROD-00032,1,149,11,138,delivered,none,0
OI-004171,ORD-002652,PROD-00025,1,739,73,666,delivered,none,0
OI-004172,ORD-002653,PROD-00167,1,2699,0,2699,delivered,none,0
OI-004173,ORD-002654,PROD-00174,1,7099,0,7099,delivered,none,0
OI-004174,ORD-002655,PROD-00087,1,7799,935,6864,delivered,none,0
OI-004175,ORD-002655,PROD-00029,1,149,17,132,delivered,none,0
OI-004176,ORD-002656,PROD-00096,2,9199,0,18398,delivered,none,0
OI-004177,ORD-002657,PROD-00239,2,69499,16679,122319,delivered,none,0
OI-004178,ORD-002658,PROD-00254,1,1899,151,1748,cancelled,none,0
OI-004179,ORD-002659,PROD-00028,1,4799,383,4416,delivered,none,0
OI-004180,ORD-002659,PROD-00127,1,3199,255,2944,delivered,none,0
OI-004181,ORD-002660,PROD-00270,1,699,0,699,delivered,none,0
OI-004182,ORD-002661,PROD-00017,1,139,16,123,delivered,none,0
OI-004183,ORD-002662,PROD-00174,1,7699,0,7699,delivered,none,0
OI-004184,ORD-002663,PROD-00127,1,3299,0,3299,delivered,none,0
OI-004185,ORD-002664,PROD-00078,1,1099,0,1099,delivered,none,0
OI-004186,ORD-002665,PROD-00127,1,3199,0,3199,delivered,none,0
OI-004187,ORD-002666,PROD-00017,1,149,0,149,delivered,none,0
OI-004188,ORD-002666,PROD-00165,1,3899,0,3899,delivered,none,0
OI-004189,ORD-002667,PROD-00057,2,2399,239,4559,delivered,none,0
OI-004190,ORD-002667,PROD-00083,1,40999,2049,38950,delivered,none,0
OI-004191,ORD-002668,PROD-00052,1,6099,487,5612,delivered,none,0
OI-004192,ORD-002669,PROD-00025,1,779,0,779,delivered,none,0
OI-004193,ORD-002669,PROD-00014,1,909,0,909,delivered,none,0
OI-004194,ORD-002669,PROD-00072,1,6999,0,6999,delivered,none,0
OI-004195,ORD-002670,PROD-00161,1,6899,0,6899,delivered,none,0
OI-004196,ORD-002671,PROD-00057,1,2699,134,2565,delivered,none,0
OI-004197,ORD-002671,PROD-00127,1,3299,164,3135,delivered,none,0
OI-004198,ORD-002671,PROD-00029,1,139,6,133,delivered,none,0
OI-004199,ORD-002672,PROD-00174,1,7699,384,7315,returned,refunded,8632
OI-004200,ORD-002673,PROD-00017,2,139,0,278,delivered,none,0
OI-004201,ORD-002674,PROD-00032,1,149,0,149,delivered,none,0
OI-004202,ORD-002675,PROD-00252,1,13499,1079,12420,returned,refunded,14656
OI-004203,ORD-002675,PROD-00130,1,12499,999,11500,delivered,none,0
OI-004204,ORD-002676,PROD-00104,1,12499,624,11875,returned,refunded,14013
OI-004205,ORD-002677,PROD-00006,1,149,11,138,delivered,none,0
OI-004206,ORD-002678,PROD-00174,1,7699,923,6776,delivered,none,0
OI-004207,ORD-002679,PROD-00028,1,4999,0,4999,delivered,none,0
OI-004208,ORD-002679,PROD-00127,1,3299,0,3299,delivered,none,0
OI-004209,ORD-002680,PROD-00023,2,199,19,379,delivered,none,0
OI-004210,ORD-002680,PROD-00177,1,26999,1349,25650,delivered,none,0
OI-004211,ORD-002681,PROD-00176,1,7099,0,7099,delivered,none,0
OI-004212,ORD-002682,PROD-00132,1,669,66,603,delivered,none,0
OI-004213,ORD-002682,PROD-00055,1,15999,1599,14400,delivered,none,0
OI-004214,ORD-002682,PROD-00024,2,1299,259,2339,delivered,none,0
OI-004215,ORD-002682,PROD-00286,1,23499,2349,21150,delivered,none,0
OI-004216,ORD-002683,PROD-00111,1,999,0,999,delivered,none,0
OI-004217,ORD-002683,PROD-00029,1,139,0,139,delivered,none,0
OI-004218,ORD-002684,PROD-00011,1,309,24,285,delivered,none,0
OI-004219,ORD-002685,PROD-00020,1,149,0,149,delivered,none,0
OI-004220,ORD-002686,PROD-00168,2,729,0,1458,delivered,none,0
OI-004221,ORD-002687,PROD-00161,1,6899,0,6899,delivered,none,0
OI-004222,ORD-002688,PROD-00174,1,7699,769,6930,delivered,none,0
OI-004223,ORD-002689,PROD-00174,1,7099,354,6745,delivered,none,0
OI-004224,ORD-002689,PROD-00066,1,999,49,950,delivered,none,0
OI-004225,ORD-002690,PROD-00264,1,23999,1199,22800,delivered,none,0
OI-004226,ORD-002690,PROD-00009,1,2399,119,2280,delivered,none,0
OI-004227,ORD-002690,PROD-00118,1,599,29,570,delivered,none,0
OI-004228,ORD-002691,PROD-00069,1,1299,155,1144,delivered,none,0
OI-004229,ORD-002692,PROD-00017,1,149,14,135,delivered,none,0
OI-004230,ORD-002693,PROD-00134,1,15999,1279,14720,delivered,none,0
OI-004231,ORD-002694,PROD-00161,1,6899,344,6555,delivered,none,0
OI-004232,ORD-002694,PROD-00254,1,1899,94,1805,delivered,none,0
OI-004233,ORD-002695,PROD-00067,1,5399,269,5130,delivered,none,0
OI-004234,ORD-002695,PROD-00017,1,149,7,142,delivered,none,0
OI-004235,ORD-002696,PROD-00017,1,149,7,142,cancelled,none,168
OI-004236,ORD-002697,PROD-00240,2,7999,0,15998,delivered,none,0
OI-004237,ORD-002698,PROD-00270,1,659,52,607,delivered,none,0
OI-004238,ORD-002698,PROD-00057,2,2399,383,4415,delivered,none,0
OI-004239,ORD-002698,PROD-00065,1,3599,287,3312,delivered,none,0
OI-004240,ORD-002699,PROD-00025,1,739,0,739,delivered,none,0
OI-004241,ORD-002700,PROD-00131,1,5899,0,5899,delivered,none,0
OI-004242,ORD-002701,PROD-00289,1,45999,3679,42320,delivered,none,0
OI-004243,ORD-002702,PROD-00016,1,1999,239,1760,delivered,none,0
OI-004244,ORD-002703,PROD-00256,1,15499,1239,14260,delivered,none,0
OI-004245,ORD-002703,PROD-00215,1,76499,6119,70380,delivered,none,0
OI-004246,ORD-002704,PROD-00167,1,2599,259,2340,delivered,none,0
OI-004247,ORD-002704,PROD-00017,1,149,14,135,delivered,none,0
OI-004248,ORD-002705,PROD-00017,1,149,7,142,delivered,none,0
OI-004249,ORD-002706,PROD-00268,1,46499,4649,41850,delivered,none,0
OI-004250,ORD-002707,PROD-00165,1,3699,0,3699,delivered,none,0
OI-004251,ORD-002707,PROD-00269,1,2499,0,2499,delivered,none,0
OI-004252,ORD-002707,PROD-00095,1,13999,0,13999,delivered,none,0
OI-004253,ORD-002708,PROD-00031,1,249,0,249,delivered,none,0
OI-004254,ORD-002709,PROD-00227,1,47999,3839,44160,delivered,none,0
OI-004255,ORD-002710,PROD-00171,1,6699,0,6699,delivered,none,0
OI-004256,ORD-002711,PROD-00017,1,149,0,149,delivered,none,0
OI-004257,ORD-002712,PROD-00022,1,1399,0,1399,delivered,none,0
OI-004258,ORD-002713,PROD-00023,1,199,19,180,delivered,none,0
OI-004259,ORD-002713,PROD-00205,1,31499,3149,28350,delivered,none,0
OI-004260,ORD-002714,PROD-00017,1,139,6,133,delivered,none,0
OI-004261,ORD-002715,PROD-00218,2,42499,10199,74799,delivered,none,0
OI-004262,ORD-002715,PROD-00057,3,2599,935,6862,delivered,none,0
OI-004263,ORD-002715,PROD-00013,1,4999,599,4400,delivered,none,0
OI-004264,ORD-002716,PROD-00021,1,3999,479,3520,delivered,none,0
OI-004265,ORD-002716,PROD-00029,1,149,17,132,delivered,none,0
OI-004266,ORD-002717,PROD-00017,1,149,14,135,delivered,rejected,0
OI-004267,ORD-002718,PROD-00052,2,5899,0,11798,delivered,none,0
OI-004268,ORD-002719,PROD-00270,1,699,0,699,cancelled,none,0
OI-004269,ORD-002720,PROD-00062,1,499,0,499,delivered,none,0
OI-004270,ORD-002720,PROD-00172,1,1099,0,1099,delivered,none,0
OI-004271,ORD-002721,PROD-00120,1,6499,0,6499,delivered,none,0
OI-004272,ORD-002721,PROD-00270,1,719,0,719,delivered,none,0
OI-004273,ORD-002722,PROD-00176,1,7099,0,7099,delivered,none,0
OI-004274,ORD-002723,PROD-00283,1,18499,0,18499,delivered,none,0
OI-004275,ORD-002724,PROD-00019,1,2999,0,2999,delivered,none,0
OI-004276,ORD-002725,PROD-00016,1,1999,0,1999,delivered,none,0
OI-004277,ORD-002726,PROD-00238,1,29499,2949,26550,delivered,none,0
OI-004278,ORD-002727,PROD-00155,1,148499,0,148499,delivered,none,0
OI-004279,ORD-002728,PROD-00103,1,14499,0,14499,delivered,none,0
OI-004280,ORD-002729,PROD-00078,1,1199,143,1056,delivered,none,0
OI-004281,ORD-002730,PROD-00052,1,6399,511,5888,delivered,none,0
OI-004282,ORD-002731,PROD-00228,1,73499,0,73499,delivered,none,0
OI-004283,ORD-002731,PROD-00174,1,8299,0,8299,delivered,none,0
OI-004284,ORD-002731,PROD-00029,1,149,0,149,delivered,none,0
OI-004285,ORD-002732,PROD-00020,1,149,0,149,delivered,none,0
OI-004286,ORD-002732,PROD-00051,1,5799,0,5799,delivered,none,0
OI-004287,ORD-002733,PROD-00017,1,139,6,133,delivered,none,0
OI-004288,ORD-002734,PROD-00269,1,2499,124,2375,delivered,none,0
OI-004289,ORD-002735,PROD-00003,1,1399,0,1399,delivered,none,0
OI-004290,ORD-002736,PROD-00072,1,6799,0,6799,delivered,none,0
OI-004291,ORD-002736,PROD-00104,1,12499,0,12499,delivered,none,0
OI-004292,ORD-002736,PROD-00008,1,4299,0,4299,delivered,none,0
OI-004293,ORD-002737,PROD-00191,1,41499,4149,37350,delivered,none,0
OI-004294,ORD-002738,PROD-00089,1,20499,2049,18450,delivered,none,0
OI-004295,ORD-002739,PROD-00161,1,6299,755,5544,delivered,none,0
OI-004296,ORD-002739,PROD-00014,1,909,109,800,delivered,none,0
OI-004297,ORD-002740,PROD-00110,1,29999,0,29999,returned,refunded,35399
OI-004298,ORD-002740,PROD-00171,1,6199,0,6199,returned,refunded,7315
OI-004299,ORD-002740,PROD-00032,2,149,0,298,returned,refunded,352
OI-004300,ORD-002740,PROD-00262,1,11999,0,11999,returned,refunded,14159
OI-004301,ORD-002740,PROD-00270,1,699,0,699,returned,refunded,825
OI-004302,ORD-002741,PROD-00269,1,2499,299,2200,delivered,none,0
OI-004303,ORD-002741,PROD-00127,1,3499,419,3080,delivered,none,0
OI-004304,ORD-002742,PROD-00176,1,7099,0,7099,delivered,none,0
OI-004305,ORD-002742,PROD-00111,1,999,0,999,delivered,none,0
OI-004306,ORD-002743,PROD-00032,1,149,0,149,delivered,none,0
OI-004307,ORD-002743,PROD-00278,1,14999,0,14999,delivered,none,0
OI-004308,ORD-002744,PROD-00174,1,7099,567,6532,delivered,none,0
OI-004309,ORD-002745,PROD-00032,2,149,23,275,delivered,none,0
OI-004310,ORD-002746,PROD-00188,1,68999,5519,63480,delivered,none,0
OI-004311,ORD-002746,PROD-00259,1,8699,695,8004,delivered,none,0
OI-004312,ORD-002747,PROD-00007,1,169,13,156,delivered,none,0
OI-004313,ORD-002748,PROD-00011,1,309,37,272,delivered,none,0
OI-004314,ORD-002749,PROD-00017,1,149,7,142,delivered,none,0
OI-004315,ORD-002750,PROD-00099,1,999,0,999,delivered,none,0
OI-004316,ORD-002750,PROD-00161,1,6899,0,6899,delivered,none,0
OI-004317,ORD-002750,PROD-00029,1,149,0,149,delivered,none,0
OI-004318,ORD-002751,PROD-00269,1,2599,207,2392,delivered,none,0
OI-004319,ORD-002752,PROD-00096,1,9599,0,9599,delivered,none,0
OI-004320,ORD-002753,PROD-00057,1,2599,0,2599,delivered,none,0
OI-004321,ORD-002753,PROD-00176,1,7099,0,7099,delivered,none,0
OI-004322,ORD-002753,PROD-00269,1,2499,0,2499,delivered,none,0
OI-004323,ORD-002754,PROD-00298,1,21999,2199,19800,returned,refunded,23364
OI-004324,ORD-002754,PROD-00002,1,3199,319,2880,returned,refunded,3398
OI-004325,ORD-002754,PROD-00017,1,159,15,144,returned,refunded,170
OI-004326,ORD-002755,PROD-00080,1,4499,0,4499,delivered,none,0
OI-004327,ORD-002756,PROD-00068,1,14499,0,14499,delivered,none,0
OI-004328,ORD-002757,PROD-00003,1,1399,111,1288,delivered,none,0
OI-004329,ORD-002758,PROD-00127,1,3199,0,3199,delivered,none,0
OI-004330,ORD-002759,PROD-00120,1,6499,779,5720,delivered,none,0
OI-004331,ORD-002759,PROD-00290,1,44499,5339,39160,delivered,none,0
OI-004332,ORD-002760,PROD-00112,1,5499,659,4840,cancelled,none,5711
OI-004333,ORD-002760,PROD-00231,1,79999,9599,70400,cancelled,none,83072
OI-004334,ORD-002761,PROD-00055,1,15499,1549,13950,delivered,none,0
OI-004335,ORD-002762,PROD-00161,1,7199,0,7199,returned,refunded,8495
OI-004336,ORD-002762,PROD-00197,1,6399,0,6399,returned,refunded,7551
OI-004337,ORD-002763,PROD-00168,2,669,160,1178,delivered,none,0
OI-004338,ORD-002764,PROD-00270,1,699,0,699,cancelled,none,825
OI-004339,ORD-002764,PROD-00018,1,289,0,289,cancelled,none,341
OI-004340,ORD-002764,PROD-00269,1,2499,0,2499,cancelled,none,2949
OI-004341,ORD-002765,PROD-00019,1,2899,0,2899,delivered,none,0
OI-004342,ORD-002766,PROD-00166,1,6199,309,5890,delivered,none,0
OI-004343,ORD-002766,PROD-00168,1,759,37,722,delivered,none,0
OI-004344,ORD-002767,PROD-00112,1,5299,264,5035,delivered,none,0
OI-004345,ORD-002767,PROD-00127,1,3199,159,3040,delivered,none,0
OI-004346,ORD-002768,PROD-00021,1,3999,0,3999,delivered,none,0
OI-004347,ORD-002769,PROD-00142,1,174999,17499,157500,delivered,none,0
OI-004348,ORD-002770,PROD-00029,1,149,14,135,delivered,none,0
OI-004349,ORD-002771,PROD-00069,1,1399,139,1260,delivered,none,0
OI-004350,ORD-002771,PROD-00025,1,769,76,693,delivered,none,0
OI-004351,ORD-002771,PROD-00219,1,62999,6299,56700,delivered,none,0
OI-004352,ORD-002772,PROD-00216,1,134999,10799,124200,delivered,none,0
OI-004353,ORD-002772,PROD-00072,1,6799,543,6256,delivered,none,0
OI-004354,ORD-002773,PROD-00133,1,499,0,499,delivered,none,0
OI-004355,ORD-002774,PROD-00174,1,7999,0,7999,delivered,none,0
OI-004356,ORD-002775,PROD-00251,1,8499,0,8499,delivered,none,0
OI-004357,ORD-002775,PROD-00127,1,3299,0,3299,delivered,none,0
OI-004358,ORD-002775,PROD-00132,1,649,0,649,delivered,none,0
OI-004359,ORD-002776,PROD-00174,1,7699,0,7699,delivered,none,0
OI-004360,ORD-002776,PROD-00030,1,1099,0,1099,delivered,none,0
OI-004361,ORD-002776,PROD-00240,1,7999,0,7999,delivered,none,0
OI-004362,ORD-002777,PROD-00174,1,7699,615,7084,delivered,none,0
OI-004363,ORD-002778,PROD-00255,1,1399,0,1399,delivered,none,0
OI-004364,ORD-002779,PROD-00159,3,1999,0,5997,delivered,none,0
OI-004365,ORD-002780,PROD-00081,1,19499,0,19499,delivered,none,0
OI-004366,ORD-002781,PROD-00029,2,149,23,275,delivered,none,0
OI-004367,ORD-002782,PROD-00012,1,149,0,149,delivered,none,0
OI-004368,ORD-002783,PROD-00178,1,50999,2549,48450,delivered,none,0
OI-004369,ORD-002784,PROD-00025,1,679,33,646,delivered,none,0
OI-004370,ORD-002784,PROD-00012,1,149,7,142,delivered,none,0
OI-004371,ORD-002785,PROD-00248,1,4399,0,4399,cancelled,none,0
OI-004372,ORD-002786,PROD-00174,1,7699,769,6930,delivered,none,0
OI-004373,ORD-002787,PROD-00089,1,20499,1024,19475,delivered,none,0
OI-004374,ORD-002787,PROD-00259,1,8999,449,8550,delivered,none,0
OI-004375,ORD-002788,PROD-00108,1,8299,0,8299,delivered,none,0
OI-004376,ORD-002788,PROD-00161,1,7399,0,7399,delivered,none,0
OI-004377,ORD-002788,PROD-00270,1,699,0,699,delivered,none,0
OI-004378,ORD-002789,PROD-00024,1,1299,0,1299,delivered,none,0
OI-004379,ORD-002790,PROD-00017,1,149,7,142,delivered,none,0
OI-004380,ORD-002791,PROD-00275,1,37499,2999,34500,delivered,none,0
OI-004381,ORD-002792,PROD-00102,1,1499,0,1499,delivered,none,0
OI-004382,ORD-002793,PROD-00291,1,9999,0,9999,returned,refunded,11799
OI-004383,ORD-002793,PROD-00032,1,139,0,139,returned,refunded,164
OI-004384,ORD-002794,PROD-00032,1,149,14,135,delivered,none,0
OI-004385,ORD-002795,PROD-00127,1,3199,159,3040,delivered,none,0
OI-004386,ORD-002796,PROD-00224,1,140499,0,140499,delivered,none,0
OI-004387,ORD-002797,PROD-00211,1,5299,264,5035,delivered,none,0
OI-004388,ORD-002798,PROD-00005,1,5799,0,5799,delivered,none,0
OI-004389,ORD-002799,PROD-00161,1,6899,0,6899,delivered,none,0
OI-004390,ORD-002800,PROD-00174,1,7699,615,7084,delivered,none,0
OI-004391,ORD-002800,PROD-00110,1,32999,2639,30360,delivered,none,0
OI-004392,ORD-002800,PROD-00036,1,22999,1839,21160,delivered,none,0
OI-004393,ORD-002800,PROD-00032,1,149,11,138,delivered,none,0
OI-004394,ORD-002801,PROD-00132,1,649,32,617,delivered,none,0
OI-004395,ORD-002802,PROD-00018,1,309,0,309,delivered,none,0
OI-004396,ORD-002802,PROD-00174,1,7899,0,7899,delivered,none,0
OI-004397,ORD-002803,PROD-00126,1,13499,0,13499,returned,refunded,15929
OI-004398,ORD-002804,PROD-00168,1,709,56,653,delivered,none,0
OI-004399,ORD-002805,PROD-00159,1,1799,0,1799,returned,refunded,2123
OI-004400,ORD-002806,PROD-00174,1,7699,0,7699,delivered,none,0
OI-004401,ORD-002806,PROD-00169,2,2799,0,5598,delivered,none,0
OI-004402,ORD-002807,PROD-00017,1,149,0,149,delivered,none,0
OI-004403,ORD-002808,PROD-00099,1,999,99,900,delivered,none,0
OI-004404,ORD-002808,PROD-00128,2,999,199,1799,delivered,none,0
OI-004405,ORD-002809,PROD-00017,1,159,19,140,delivered,none,0
OI-004406,ORD-002809,PROD-00056,1,3699,443,3256,delivered,none,0
OI-004407,ORD-002810,PROD-00225,1,17499,0,17499,delivered,none,0
OI-004408,ORD-002810,PROD-00279,1,20499,0,20499,delivered,none,0
OI-004409,ORD-002810,PROD-00053,1,5799,0,5799,delivered,none,0
OI-004410,ORD-002811,PROD-00174,1,7099,851,6248,returned,refunded,7373
OI-004411,ORD-002811,PROD-00261,1,23999,2879,21120,returned,refunded,24922
OI-004412,ORD-002811,PROD-00020,1,149,17,132,delivered,rejected,0
OI-004413,ORD-002811,PROD-00127,1,3199,383,2816,returned,refunded,3323
OI-004414,ORD-002812,PROD-00127,1,3199,383,2816,delivered,none,0
OI-004415,ORD-002812,PROD-00270,1,699,83,616,delivered,none,0
OI-004416,ORD-002812,PROD-00030,2,1099,263,1935,delivered,none,0
OI-004417,ORD-002812,PROD-00269,1,2499,299,2200,delivered,none,0
OI-004418,ORD-002813,PROD-00127,1,3199,0,3199,delivered,none,0
OI-004419,ORD-002813,PROD-00053,1,5799,0,5799,delivered,none,0
OI-004420,ORD-002813,PROD-00174,1,7999,0,7999,delivered,none,0
OI-004421,ORD-002813,PROD-00161,1,6899,0,6899,delivered,none,0
OI-004422,ORD-002814,PROD-00029,1,149,0,149,delivered,none,0
OI-004423,ORD-002815,PROD-00064,1,1899,94,1805,delivered,none,0
OI-004424,ORD-002815,PROD-00052,1,6099,304,5795,delivered,none,0
OI-004425,ORD-002816,PROD-00127,1,3199,383,2816,delivered,none,0
OI-004426,ORD-002817,PROD-00251,1,8499,0,8499,delivered,none,0
OI-004427,ORD-002818,PROD-00249,1,8599,687,7912,delivered,none,0
OI-004428,ORD-002819,PROD-00118,1,579,69,510,delivered,none,0
OI-004429,ORD-002820,PROD-00169,1,2599,0,2599,delivered,none,0
OI-004430,ORD-002821,PROD-00016,1,1999,0,1999,delivered,none,0
OI-004431,ORD-002822,PROD-00163,2,469,93,845,delivered,none,0
OI-004432,ORD-002823,PROD-00150,1,103499,0,103499,cancelled,none,122129
OI-004433,ORD-002824,PROD-00265,1,10999,0,10999,delivered,none,0
OI-004434,ORD-002824,PROD-00026,1,4299,0,4299,delivered,none,0
OI-004435,ORD-002825,PROD-00174,1,7999,959,7040,cancelled,none,8307
OI-004436,ORD-002826,PROD-00111,1,919,110,809,shipped,none,0
OI-004437,ORD-002826,PROD-00124,1,1499,179,1320,shipped,none,0
OI-004438,ORD-002827,PROD-00269,1,2499,299,2200,delivered,none,0
OI-004439,ORD-002828,PROD-00053,1,5799,0,5799,delivered,none,0
OI-004440,ORD-002829,PROD-00264,1,23999,1919,22080,delivered,none,0
OI-004441,ORD-002829,PROD-00127,1,3499,279,3220,delivered,none,0
OI-004442,ORD-002830,PROD-00060,1,10499,524,9975,returned,refunded,11771
OI-004443,ORD-002830,PROD-00020,1,149,7,142,delivered,none,0
OI-004444,ORD-002831,PROD-00132,1,649,77,572,delivered,none,0
OI-004445,ORD-002832,PROD-00091,1,829,0,829,delivered,none,0
OI-004446,ORD-002833,PROD-00206,1,26499,2649,23850,delivered,none,0
OI-004447,ORD-002833,PROD-00017,1,149,14,135,delivered,none,0
OI-004448,ORD-002834,PROD-00131,1,5899,471,5428,delivered,none,0
OI-004449,ORD-002835,PROD-00017,2,149,0,298,delivered,none,0
OI-004450,ORD-002835,PROD-00270,1,699,0,699,delivered,none,0
OI-004451,ORD-002836,PROD-00127,1,3199,159,3040,delivered,none,0
OI-004452,ORD-002837,PROD-00161,1,6899,0,6899,delivered,none,0
OI-004453,ORD-002837,PROD-00062,1,499,0,499,delivered,none,0
OI-004454,ORD-002838,PROD-00025,1,739,36,703,delivered,none,0
OI-004455,ORD-002839,PROD-00029,2,149,0,298,delivered,none,0
OI-004456,ORD-002839,PROD-00174,1,7899,0,7899,delivered,none,0
OI-004457,ORD-002840,PROD-00007,1,169,8,161,delivered,none,0
OI-004458,ORD-002841,PROD-00163,2,469,0,938,delivered,none,0
OI-004459,ORD-002842,PROD-00115,1,1999,0,1999,delivered,none,0
OI-004460,ORD-002842,PROD-00017,1,149,0,149,delivered,none,0
OI-004461,ORD-002842,PROD-00161,1,6899,0,6899,delivered,none,0
OI-004462,ORD-002843,PROD-00011,1,309,0,309,delivered,none,0
OI-004463,ORD-002844,PROD-00122,1,2599,0,2599,delivered,none,0
OI-004464,ORD-002844,PROD-00168,1,709,0,709,delivered,none,0
OI-004465,ORD-002845,PROD-00114,1,999,0,999,cancelled,none,0
OI-004466,ORD-002846,PROD-00012,1,159,7,152,delivered,none,0
OI-004467,ORD-002847,PROD-00114,1,999,0,999,cancelled,none,1179
OI-004468,ORD-002847,PROD-00076,1,17499,0,17499,cancelled,none,20649
OI-004469,ORD-002848,PROD-00168,1,709,0,709,delivered,none,0
OI-004470,ORD-002849,PROD-00266,1,23499,2349,21150,delivered,none,0
OI-004471,ORD-002850,PROD-00054,1,7599,911,6688,delivered,none,0
OI-004472,ORD-002851,PROD-00205,1,28999,0,28999,delivered,rejected,0
OI-004473,ORD-002852,PROD-00040,1,41499,4149,37350,delivered,none,0
OI-004474,ORD-002852,PROD-00269,1,2699,269,2430,delivered,none,0
OI-004475,ORD-002853,PROD-00168,2,709,170,1248,delivered,none,0
OI-004476,ORD-002854,PROD-00174,1,7099,0,7099,delivered,none,0
OI-004477,ORD-002855,PROD-00001,1,5199,415,4784,delivered,none,0
OI-004478,ORD-002856,PROD-00161,1,6899,0,6899,delivered,none,0
OI-004479,ORD-002856,PROD-00270,1,699,0,699,delivered,none,0
OI-004480,ORD-002857,PROD-00189,1,86999,6959,80040,delivered,none,0
OI-004481,ORD-002858,PROD-00164,2,5999,1439,10559,delivered,none,0
OI-004482,ORD-002858,PROD-00027,1,139,16,123,delivered,none,0
OI-004483,ORD-002859,PROD-00174,1,7699,615,7084,delivered,none,0
OI-004484,ORD-002859,PROD-00017,1,139,11,128,delivered,none,0
OI-004485,ORD-002860,PROD-00111,1,999,79,920,delivered,none,0
OI-004486,ORD-002860,PROD-00102,1,1599,127,1472,delivered,none,0
OI-004487,ORD-002860,PROD-00262,1,11999,959,11040,delivered,none,0
OI-004488,ORD-002861,PROD-00142,1,174999,0,174999,cancelled,none,206499
OI-004489,ORD-002862,PROD-00008,1,4299,0,4299,delivered,none,0
OI-004490,ORD-002863,PROD-00097,1,1299,0,1299,delivered,none,0
OI-004491,ORD-002863,PROD-00018,1,289,0,289,delivered,none,0
OI-004492,ORD-002863,PROD-00127,1,3199,0,3199,delivered,none,0
OI-004493,ORD-002864,PROD-00245,2,18499,0,36998,delivered,none,0
OI-004494,ORD-002864,PROD-00052,1,5899,0,5899,delivered,none,0
OI-004495,ORD-002865,PROD-00111,1,999,0,999,returned,refunded,1179
OI-004496,ORD-002866,PROD-00017,1,149,7,142,delivered,none,0
OI-004497,ORD-002867,PROD-00269,1,2499,0,2499,cancelled,none,2949
OI-004498,ORD-002868,PROD-00169,1,2799,335,2464,delivered,none,0
OI-004499,ORD-002868,PROD-00017,1,149,17,132,delivered,none,0
OI-004500,ORD-002869,PROD-00271,1,12499,0,12499,delivered,none,0
OI-004501,ORD-002869,PROD-00172,1,1199,0,1199,delivered,none,0
OI-004502,ORD-002870,PROD-00271,1,13499,1079,12420,delivered,none,0
OI-004503,ORD-002871,PROD-00174,1,7699,769,6930,delivered,none,0
OI-004504,ORD-002871,PROD-00001,1,5199,519,4680,delivered,none,0
OI-004505,ORD-002871,PROD-00245,1,20499,2049,18450,delivered,none,0
OI-004506,ORD-002872,PROD-00064,1,1899,151,1748,delivered,none,0
OI-004507,ORD-002873,PROD-00132,1,649,0,649,delivered,none,0
OI-004508,ORD-002873,PROD-00009,1,2599,0,2599,delivered,none,0
OI-004509,ORD-002873,PROD-00174,1,7099,0,7099,delivered,none,0
OI-004510,ORD-002874,PROD-00199,1,1099,0,1099,delivered,none,0
OI-004511,ORD-002875,PROD-00269,1,2499,249,2250,delivered,none,0
OI-004512,ORD-002876,PROD-00010,1,5499,274,5225,cancelled,none,0
OI-004513,ORD-002876,PROD-00017,1,149,7,142,cancelled,none,0
OI-004514,ORD-002877,PROD-00115,1,1999,0,1999,cancelled,none,2359
OI-004515,ORD-002878,PROD-00025,1,679,0,679,delivered,none,0
OI-004516,ORD-002879,PROD-00174,1,8299,0,8299,delivered,none,0
OI-004517,ORD-002879,PROD-00025,1,769,0,769,delivered,none,0
OI-004518,ORD-002879,PROD-00017,1,149,0,149,delivered,none,0
OI-004519,ORD-002879,PROD-00219,1,67999,0,67999,delivered,none,0
OI-004520,ORD-002880,PROD-00172,2,1099,0,2198,delivered,none,0
OI-004521,ORD-002880,PROD-00264,1,22999,0,22999,delivered,none,0
OI-004522,ORD-002881,PROD-00019,2,3099,495,5703,cancelled,none,0
OI-004523,ORD-002882,PROD-00069,1,1399,69,1330,delivered,none,0
OI-004524,ORD-002882,PROD-00029,1,149,7,142,delivered,none,0
OI-004525,ORD-002883,PROD-00025,1,679,0,679,delivered,none,0
OI-004526,ORD-002883,PROD-00105,1,34999,0,34999,delivered,none,0
OI-004527,ORD-002884,PROD-00257,1,7099,0,7099,delivered,none,0
OI-004528,ORD-002884,PROD-00111,1,999,0,999,delivered,none,0
OI-004529,ORD-002885,PROD-00252,1,13999,1119,12880,delivered,none,0
OI-004530,ORD-002885,PROD-00239,1,69499,5559,63940,delivered,none,0
OI-004531,ORD-002886,PROD-00068,1,14499,0,14499,delivered,none,0
OI-004532,ORD-002886,PROD-00265,1,9699,0,9699,delivered,none,0
OI-004533,ORD-002887,PROD-00013,1,5299,0,5299,delivered,none,0
OI-004534,ORD-002887,PROD-00251,1,8499,0,8499,delivered,none,0
OI-004535,ORD-002888,PROD-00029,2,149,0,298,delivered,none,0
OI-004536,ORD-002889,PROD-00025,2,739,0,1478,delivered,none,0
OI-004537,ORD-002889,PROD-00010,1,5999,0,5999,delivered,none,0
OI-004538,ORD-002890,PROD-00112,1,5499,0,5499,delivered,none,0
OI-004539,ORD-002891,PROD-00016,1,1999,159,1840,delivered,none,0
OI-004540,ORD-002892,PROD-00161,1,6899,0,6899,delivered,none,0
OI-004541,ORD-002892,PROD-00025,1,739,0,739,delivered,none,0
OI-004542,ORD-002893,PROD-00016,1,1999,199,1800,delivered,none,0
OI-004543,ORD-002894,PROD-00039,1,3199,0,3199,delivered,none,0
OI-004544,ORD-002895,PROD-00009,1,2599,207,2392,delivered,none,0
OI-004545,ORD-002895,PROD-00072,1,6799,543,6256,delivered,none,0
OI-004546,ORD-002896,PROD-00269,1,2499,199,2300,delivered,none,0
OI-004547,ORD-002897,PROD-00174,1,7699,384,7315,delivered,none,0
OI-004548,ORD-002898,PROD-00174,1,7699,923,6776,delivered,none,0
OI-004549,ORD-002899,PROD-00017,1,149,0,149,delivered,none,0
OI-004550,ORD-002900,PROD-00017,1,149,11,138,delivered,none,0
OI-004551,ORD-002901,PROD-00184,1,53499,6419,47080,delivered,none,0
OI-004552,ORD-002902,PROD-00127,1,2999,149,2850,delivered,none,0
OI-004553,ORD-002902,PROD-00104,1,12499,624,11875,delivered,none,0
OI-004554,ORD-002903,PROD-00080,1,4499,0,4499,delivered,none,0
OI-004555,ORD-002903,PROD-00161,1,7199,0,7199,delivered,none,0
OI-004556,ORD-002904,PROD-00013,1,5099,611,4488,delivered,none,0
OI-004557,ORD-002904,PROD-00296,1,11499,1379,10120,delivered,none,0
OI-004558,ORD-002905,PROD-00174,1,7699,615,7084,delivered,none,0
OI-004559,ORD-002906,PROD-00006,1,149,0,149,cancelled,none,176
OI-004560,ORD-002906,PROD-00007,1,179,0,179,cancelled,none,211
OI-004561,ORD-002907,PROD-00178,1,52999,2649,50350,delivered,none,0
OI-004562,ORD-002907,PROD-00159,1,1899,94,1805,delivered,none,0
OI-004563,ORD-002908,PROD-00268,1,44999,0,44999,delivered,rejected,0
OI-004564,ORD-002909,PROD-00168,3,709,0,2127,delivered,none,0
OI-004565,ORD-002910,PROD-00172,1,1099,131,968,delivered,none,0
OI-004566,ORD-002911,PROD-00127,1,3199,383,2816,delivered,none,0
OI-004567,ORD-002912,PROD-00029,1,139,6,133,delivered,none,0
OI-004568,ORD-002912,PROD-00174,1,7699,384,7315,delivered,none,0
OI-004569,ORD-002913,PROD-00168,1,709,0,709,delivered,none,0
OI-004570,ORD-002914,PROD-00296,1,12499,1249,11250,delivered,none,0
OI-004571,ORD-002914,PROD-00029,1,149,14,135,delivered,none,0
OI-004572,ORD-002914,PROD-00026,1,4299,429,3870,delivered,none,0
OI-004573,ORD-002915,PROD-00168,1,709,0,709,delivered,none,0
OI-004574,ORD-002916,PROD-00174,1,7099,0,7099,delivered,none,0
OI-004575,ORD-002917,PROD-00084,1,18499,1849,16650,delivered,none,0
OI-004576,ORD-002918,PROD-00033,1,6899,0,6899,delivered,none,0
OI-004577,ORD-002918,PROD-00108,1,7399,0,7399,delivered,none,0
OI-004578,ORD-002919,PROD-00127,1,3199,0,3199,delivered,rejected,0
OI-004579,ORD-002920,PROD-00012,1,149,0,149,delivered,none,0
OI-004580,ORD-002921,PROD-00116,1,30499,1524,28975,delivered,none,0
OI-004581,ORD-002922,PROD-00059,1,469,23,446,delivered,none,0
OI-004582,ORD-002922,PROD-00165,1,3899,194,3705,delivered,none,0
OI-004583,ORD-002923,PROD-00174,1,7699,923,6776,delivered,none,0
OI-004584,ORD-002923,PROD-00017,1,149,17,132,delivered,none,0
OI-004585,ORD-002924,PROD-00174,1,7699,0,7699,delivered,none,0
OI-004586,ORD-002925,PROD-00183,1,28999,2899,26100,delivered,none,0
OI-004587,ORD-002926,PROD-00043,1,41499,4979,36520,delivered,none,0
OI-004588,ORD-002926,PROD-00271,1,12499,1499,11000,delivered,none,0
OI-004589,ORD-002927,PROD-00028,1,4799,0,4799,delivered,none,0
OI-004590,ORD-002928,PROD-00110,1,32499,1624,30875,delivered,none,0
OI-004591,ORD-002928,PROD-00059,1,499,24,475,delivered,none,0
OI-004592,ORD-002928,PROD-00029,2,149,14,284,delivered,none,0
OI-004593,ORD-002928,PROD-00017,1,149,7,142,delivered,none,0
OI-004594,ORD-002928,PROD-00188,1,77999,3899,74100,delivered,none,0
OI-004595,ORD-002929,PROD-00029,1,149,14,135,delivered,none,0
OI-004596,ORD-002929,PROD-00033,1,6699,669,6030,delivered,none,0
OI-004597,ORD-002930,PROD-00013,1,4999,0,4999,delivered,none,0
OI-004598,ORD-002931,PROD-00159,1,2099,0,2099,delivered,none,0
OI-004599,ORD-002931,PROD-00017,3,139,0,417,delivered,none,0
OI-004600,ORD-002932,PROD-00111,1,949,0,949,delivered,none,0
OI-004601,ORD-002933,PROD-00171,1,6699,334,6365,delivered,none,0
OI-004602,ORD-002934,PROD-00183,1,31499,0,31499,delivered,none,0
OI-004603,ORD-002935,PROD-00159,1,2099,167,1932,delivered,none,0
OI-004604,ORD-002936,PROD-00017,2,149,0,298,delivered,none,0
OI-004605,ORD-002936,PROD-00157,1,174499,0,174499,delivered,none,0
OI-004606,ORD-002937,PROD-00072,1,6799,0,6799,delivered,none,0
OI-004607,ORD-002937,PROD-00269,1,2499,0,2499,delivered,none,0
OI-004608,ORD-002937,PROD-00024,1,1299,0,1299,delivered,none,0
OI-004609,ORD-002937,PROD-00127,1,3199,0,3199,delivered,none,0
OI-004610,ORD-002938,PROD-00174,1,7099,567,6532,delivered,none,0
OI-004611,ORD-002939,PROD-00069,1,1399,111,1288,delivered,none,0
OI-004612,ORD-002939,PROD-00052,1,5899,471,5428,delivered,none,0
OI-004613,ORD-002940,PROD-00127,1,3499,174,3325,cancelled,none,3924
OI-004614,ORD-002940,PROD-00291,1,9999,499,9500,cancelled,none,11210
OI-004615,ORD-002941,PROD-00126,1,14999,0,14999,delivered,none,0
OI-004616,ORD-002942,PROD-00132,1,619,0,619,delivered,none,0
OI-004617,ORD-002942,PROD-00111,1,999,0,999,delivered,none,0
OI-004618,ORD-002943,PROD-00235,1,45499,0,45499,delivered,none,0
OI-004619,ORD-002944,PROD-00007,1,179,14,165,delivered,none,0
OI-004620,ORD-002945,PROD-00017,2,149,0,298,delivered,none,0
OI-004621,ORD-002946,PROD-00264,1,23999,2879,21120,delivered,none,0
OI-004622,ORD-002946,PROD-00069,1,1299,155,1144,delivered,none,0
OI-004623,ORD-002947,PROD-00239,1,69499,5559,63940,cancelled,none,0
OI-004624,ORD-002948,PROD-00257,1,7099,0,7099,delivered,none,0
OI-004625,ORD-002948,PROD-00127,1,3499,0,3499,delivered,none,0
OI-004626,ORD-002948,PROD-00120,1,6699,0,6699,delivered,none,0
OI-004627,ORD-002948,PROD-00132,1,649,0,649,delivered,none,0
OI-004628,ORD-002949,PROD-00161,1,6899,0,6899,returned,refunded,8141
OI-004629,ORD-002950,PROD-00155,1,168999,16899,152100,delivered,none,0
OI-004630,ORD-002951,PROD-00025,1,739,0,739,delivered,none,0
OI-004631,ORD-002951,PROD-00132,1,649,0,649,delivered,none,0
OI-004632,ORD-002952,PROD-00018,1,289,0,289,delivered,none,0
OI-004633,ORD-002953,PROD-00174,1,7699,384,7315,delivered,none,0
OI-004634,ORD-002954,PROD-00169,1,2799,0,2799,delivered,rejected,0
OI-004635,ORD-002954,PROD-00017,1,149,0,149,returned,refunded,176
OI-004636,ORD-002955,PROD-00060,1,9999,1199,8800,delivered,none,0
OI-004637,ORD-002955,PROD-00057,1,2699,323,2376,delivered,none,0
OI-004638,ORD-002956,PROD-00097,1,1299,0,1299,delivered,none,0
OI-004639,ORD-002957,PROD-00087,1,7499,374,7125,delivered,none,0
OI-004640,ORD-002958,PROD-00104,1,13499,0,13499,delivered,none,0
OI-004641,ORD-002959,PROD-00169,1,2799,0,2799,delivered,none,0
OI-004642,ORD-002960,PROD-00111,1,999,0,999,delivered,none,0
OI-004643,ORD-002960,PROD-00020,1,149,0,149,delivered,none,0
OI-004644,ORD-002960,PROD-00196,1,18999,0,18999,delivered,none,0
OI-004645,ORD-002960,PROD-00001,1,5199,0,5199,delivered,none,0
OI-004646,ORD-002961,PROD-00174,1,7699,0,7699,delivered,none,0
OI-004647,ORD-002962,PROD-00089,1,20499,0,20499,delivered,rejected,0
OI-004648,ORD-002963,PROD-00159,1,1799,179,1620,delivered,none,0
OI-004649,ORD-002964,PROD-00262,1,10999,0,10999,delivered,none,0
OI-004650,ORD-002965,PROD-00174,1,7999,639,7360,delivered,none,0
OI-004651,ORD-002966,PROD-00017,1,149,0,149,delivered,none,0
OI-004652,ORD-002966,PROD-00210,1,13499,0,13499,delivered,none,0
OI-004653,ORD-002967,PROD-00126,1,13499,1079,12420,delivered,none,0
OI-004654,ORD-002968,PROD-00134,1,15499,0,15499,delivered,none,0
OI-004655,ORD-002969,PROD-00127,1,3499,279,3220,delivered,none,0
OI-004656,ORD-002969,PROD-00161,1,6899,551,6348,returned,refunded,7491
OI-004657,ORD-002970,PROD-00099,1,919,0,919,delivered,none,0
OI-004658,ORD-002971,PROD-00174,1,7899,947,6952,delivered,none,0
OI-004659,ORD-002971,PROD-00057,1,2499,299,2200,delivered,none,0
OI-004660,ORD-002971,PROD-00062,2,509,122,896,delivered,none,0
OI-004661,ORD-002971,PROD-00127,1,3199,383,2816,delivered,none,0
OI-004662,ORD-002972,PROD-00087,1,7499,0,7499,delivered,none,0
OI-004663,ORD-002973,PROD-00050,1,999,79,920,cancelled,none,1086
OI-004664,ORD-002973,PROD-00014,1,959,76,883,cancelled,none,1042
OI-004665,ORD-002974,PROD-00002,1,3199,0,3199,delivered,none,0
OI-004666,ORD-002975,PROD-00111,1,999,0,999,delivered,none,0
OI-004667,ORD-002976,PROD-00176,1,7099,0,7099,delivered,none,0
OI-004668,ORD-002976,PROD-00017,1,149,0,149,delivered,none,0
OI-004669,ORD-002977,PROD-00101,1,3299,395,2904,delivered,none,0
OI-004670,ORD-002978,PROD-00161,1,6299,0,6299,delivered,none,0
OI-004671,ORD-002978,PROD-00070,2,499,0,998,delivered,none,0
OI-004672,ORD-002979,PROD-00176,1,7099,0,7099,delivered,none,0
OI-004673,ORD-002979,PROD-00168,2,759,0,1518,delivered,none,0
OI-004674,ORD-002979,PROD-00003,1,1399,0,1399,delivered,none,0
OI-004675,ORD-002979,PROD-00174,1,7699,0,7699,delivered,none,0
OI-004676,ORD-002979,PROD-00086,1,58999,0,58999,delivered,none,0
OI-004677,ORD-002980,PROD-00174,1,7899,947,6952,delivered,none,0
OI-004678,ORD-002981,PROD-00264,1,22999,0,22999,delivered,none,0
OI-004679,ORD-002982,PROD-00029,1,149,14,135,delivered,none,0
OI-004680,ORD-002983,PROD-00268,1,44999,5399,39600,delivered,none,0
OI-004681,ORD-002983,PROD-00025,2,779,186,1372,delivered,none,0
OI-004682,ORD-002983,PROD-00183,1,31499,3779,27720,delivered,none,0
OI-004683,ORD-002984,PROD-00178,1,50999,0,50999,returned,refunded,60179
OI-004684,ORD-002985,PROD-00032,1,149,11,138,delivered,none,0
OI-004685,ORD-002986,PROD-00161,1,6899,0,6899,delivered,none,0
OI-004686,ORD-002987,PROD-00248,1,5199,623,4576,delivered,none,0
OI-004687,ORD-002988,PROD-00055,1,15499,0,15499,delivered,none,0
OI-004688,ORD-002989,PROD-00016,1,1799,0,1799,delivered,none,0
OI-004689,ORD-002989,PROD-00270,1,749,0,749,delivered,none,0
OI-004690,ORD-002990,PROD-00127,1,3299,263,3036,delivered,none,0
OI-004691,ORD-002991,PROD-00017,1,149,17,132,delivered,none,0
OI-004692,ORD-002992,PROD-00017,1,149,0,149,delivered,none,0
OI-004693,ORD-002993,PROD-00020,1,149,14,135,delivered,none,0
OI-004694,ORD-002994,PROD-00264,1,23999,1919,22080,returned,refunded,26054
OI-004695,ORD-002995,PROD-00127,1,3199,319,2880,delivered,none,0
OI-004696,ORD-002995,PROD-00284,1,3099,309,2790,delivered,none,0
OI-004697,ORD-002996,PROD-00017,1,159,7,152,delivered,none,0
OI-004698,ORD-002997,PROD-00100,1,27499,1374,26125,delivered,none,0
OI-004699,ORD-002997,PROD-00159,1,1999,99,1900,delivered,none,0
OI-004700,ORD-002997,PROD-00191,1,39999,1999,38000,delivered,none,0
OI-004701,ORD-002998,PROD-00029,1,139,11,128,delivered,none,0
OI-004702,ORD-002998,PROD-00057,1,2499,199,2300,delivered,none,0
OI-004703,ORD-002998,PROD-00089,1,20499,1639,18860,delivered,none,0
OI-004704,ORD-002999,PROD-00247,1,12999,1299,11700,delivered,none,0
OI-004705,ORD-003000,PROD-00055,1,15999,0,15999,delivered,none,0
OI-004706,ORD-003001,PROD-00017,2,149,0,298,cancelled,none,352
OI-004707,ORD-003001,PROD-00257,1,6699,0,6699,cancelled,none,7905
OI-004708,ORD-003002,PROD-00084,1,18499,0,18499,delivered,none,0
OI-004709,ORD-003003,PROD-00055,1,14499,724,13775,delivered,none,0
OI-004710,ORD-003003,PROD-00069,1,1299,64,1235,delivered,none,0
OI-004711,ORD-003004,PROD-00017,2,149,29,269,delivered,none,0
OI-004712,ORD-003004,PROD-00020,1,149,14,135,delivered,none,0
OI-004713,ORD-003005,PROD-00174,1,7099,354,6745,delivered,none,0
OI-004714,ORD-003005,PROD-00025,1,779,38,741,delivered,none,0
OI-004715,ORD-003006,PROD-00029,1,139,6,133,cancelled,none,0
OI-004716,ORD-003007,PROD-00296,1,10999,0,10999,delivered,none,0
OI-004717,ORD-003008,PROD-00024,1,1399,0,1399,delivered,none,0
OI-004718,ORD-003009,PROD-00165,1,3899,194,3705,delivered,none,0
OI-004719,ORD-003009,PROD-00127,1,2999,149,2850,delivered,none,0
OI-004720,ORD-003009,PROD-00032,2,159,15,303,delivered,none,0
OI-004721,ORD-003009,PROD-00017,1,149,7,142,delivered,none,0
OI-004722,ORD-003009,PROD-00018,1,269,13,256,delivered,none,0
OI-004723,ORD-003010,PROD-00057,1,2499,0,2499,delivered,none,0
OI-004724,ORD-003010,PROD-00112,1,5299,0,5299,delivered,none,0
OI-004725,ORD-003011,PROD-00228,1,73499,5879,67620,delivered,none,0
OI-004726,ORD-003011,PROD-00017,1,149,11,138,delivered,none,0
OI-004727,ORD-003012,PROD-00104,1,12999,0,12999,delivered,none,0
OI-004728,ORD-003012,PROD-00240,1,7999,0,7999,delivered,none,0
OI-004729,ORD-003012,PROD-00168,1,739,0,739,delivered,none,0
OI-004730,ORD-003013,PROD-00029,1,149,11,138,delivered,none,0
OI-004731,ORD-003013,PROD-00270,1,699,55,644,delivered,none,0
OI-004732,ORD-003014,PROD-00057,1,2299,0,2299,delivered,none,0
OI-004733,ORD-003014,PROD-00017,1,139,0,139,delivered,none,0
OI-004734,ORD-003015,PROD-00275,1,36499,0,36499,delivered,none,0
OI-004735,ORD-003015,PROD-00132,1,649,0,649,delivered,none,0
OI-004736,ORD-003016,PROD-00174,1,7999,399,7600,delivered,none,0
OI-004737,ORD-003017,PROD-00264,1,22999,0,22999,delivered,none,0
OI-004738,ORD-003018,PROD-00174,1,8299,414,7885,delivered,none,0
OI-004739,ORD-003019,PROD-00073,1,1099,0,1099,delivered,none,0
OI-004740,ORD-003020,PROD-00014,1,959,76,883,delivered,none,0
OI-004741,ORD-003021,PROD-00025,2,759,182,1336,delivered,none,0
OI-004742,ORD-003022,PROD-00003,1,1399,0,1399,delivered,none,0
OI-004743,ORD-003023,PROD-00063,1,8299,995,7304,delivered,none,0
OI-004744,ORD-003024,PROD-00029,1,149,0,149,delivered,none,0
OI-004745,ORD-003024,PROD-00183,1,31499,0,31499,delivered,none,0
OI-004746,ORD-003025,PROD-00017,1,139,11,128,delivered,none,0
OI-004747,ORD-003025,PROD-00264,1,22999,1839,21160,delivered,none,0
OI-004748,ORD-003025,PROD-00261,1,21999,1759,20240,delivered,none,0
OI-004749,ORD-003025,PROD-00103,1,14499,1159,13340,delivered,none,0
OI-004750,ORD-003026,PROD-00195,1,1099,0,1099,cancelled,none,1297
OI-004751,ORD-003027,PROD-00017,2,149,0,298,delivered,none,0
OI-004752,ORD-003028,PROD-00087,1,8099,404,7695,delivered,none,0
OI-004753,ORD-003029,PROD-00161,1,7099,567,6532,delivered,none,0
OI-004754,ORD-003030,PROD-00029,1,139,6,133,delivered,none,0
OI-004755,ORD-003031,PROD-00111,1,999,49,950,cancelled,none,1121
OI-004756,ORD-003032,PROD-00099,1,999,0,999,delivered,none,0
OI-004757,ORD-003032,PROD-00265,1,10499,0,10499,delivered,none,0
OI-004758,ORD-003033,PROD-00104,1,12499,999,11500,delivered,none,0
OI-004759,ORD-003034,PROD-00174,1,7699,923,6776,delivered,none,0
OI-004760,ORD-003035,PROD-00017,2,159,0,318,delivered,none,0
OI-004761,ORD-003036,PROD-00269,1,2499,0,2499,delivered,none,0
OI-004762,ORD-003037,PROD-00029,1,159,0,159,delivered,none,0
OI-004763,ORD-003038,PROD-00055,1,15499,0,15499,delivered,none,0
OI-004764,ORD-003038,PROD-00269,1,2499,0,2499,delivered,none,0
OI-004765,ORD-003039,PROD-00051,1,5599,279,5320,delivered,none,0
OI-004766,ORD-003040,PROD-00029,1,149,0,149,delivered,none,0
OI-004767,ORD-003041,PROD-00127,1,2999,299,2700,delivered,none,0
OI-004768,ORD-003041,PROD-00017,1,149,14,135,delivered,none,0
OI-004769,ORD-003042,PROD-00269,1,2499,249,2250,delivered,none,0
OI-004770,ORD-003042,PROD-00069,1,1499,149,1350,delivered,none,0
OI-004771,ORD-003043,PROD-00163,1,429,0,429,delivered,none,0
OI-004772,ORD-003043,PROD-00114,1,999,0,999,delivered,none,0
OI-004773,ORD-003044,PROD-00007,1,159,19,140,delivered,none,0
OI-004774,ORD-003045,PROD-00174,1,7699,769,6930,delivered,none,0
OI-004775,ORD-003046,PROD-00264,1,22999,0,22999,delivered,none,0
OI-004776,ORD-003047,PROD-00268,1,44999,5399,39600,returned,refunded,46728
OI-004777,ORD-003047,PROD-00031,1,239,28,211,returned,refunded,249
OI-004778,ORD-003048,PROD-00127,1,3299,395,2904,delivered,none,0
OI-004779,ORD-003048,PROD-00111,1,999,119,880,delivered,none,0
OI-004780,ORD-003049,PROD-00261,1,21999,0,21999,delivered,none,0
OI-004781,ORD-003049,PROD-00057,1,2699,0,2699,delivered,none,0
OI-004782,ORD-003050,PROD-00116,1,32999,3299,29700,delivered,none,0
OI-004783,ORD-003050,PROD-00241,1,26499,2649,23850,delivered,none,0
OI-004784,ORD-003051,PROD-00127,1,3499,174,3325,delivered,none,0
OI-004785,ORD-003052,PROD-00174,1,7099,851,6248,delivered,none,0
OI-004786,ORD-003052,PROD-00261,1,21999,2639,19360,delivered,none,0
OI-004787,ORD-003053,PROD-00159,1,1799,89,1710,delivered,none,0
OI-004788,ORD-003054,PROD-00135,1,170499,13639,156860,delivered,none,0
OI-004789,ORD-003055,PROD-00269,1,2399,287,2112,delivered,none,0
OI-004790,ORD-003056,PROD-00239,1,69499,0,69499,cancelled,none,0
OI-004791,ORD-003056,PROD-00251,1,8499,0,8499,cancelled,none,0
OI-004792,ORD-003057,PROD-00032,1,149,7,142,delivered,none,0
OI-004793,ORD-003058,PROD-00161,1,6899,0,6899,delivered,none,0
OI-004794,ORD-003059,PROD-00174,1,7899,0,7899,delivered,none,0
OI-004795,ORD-003059,PROD-00265,1,10999,0,10999,delivered,none,0
OI-004796,ORD-003060,PROD-00101,1,3399,0,3399,returned,refunded,4011
OI-004797,ORD-003061,PROD-00277,1,1099,109,990,delivered,none,0
OI-004798,ORD-003061,PROD-00017,1,159,15,144,delivered,none,0
OI-004799,ORD-003062,PROD-00017,1,139,13,126,delivered,none,0
OI-004800,ORD-003062,PROD-00032,2,149,29,269,delivered,none,0
OI-004801,ORD-003062,PROD-00020,1,149,14,135,delivered,none,0
OI-004802,ORD-003062,PROD-00002,1,3199,319,2880,delivered,none,0
OI-004803,ORD-003063,PROD-00142,1,160999,16099,144900,delivered,none,0
OI-004804,ORD-003063,PROD-00098,1,21499,2149,19350,delivered,none,0
OI-004805,ORD-003063,PROD-00033,1,6399,639,5760,delivered,none,0
OI-004806,ORD-003064,PROD-00004,1,2399,0,2399,delivered,none,0
OI-004807,ORD-003064,PROD-00266,1,25499,0,25499,delivered,none,0
OI-004808,ORD-003065,PROD-00161,1,7099,709,6390,delivered,none,0
OI-004809,ORD-003066,PROD-00020,1,149,14,135,delivered,none,0
OI-004810,ORD-003066,PROD-00052,1,5899,589,5310,delivered,none,0
OI-004811,ORD-003066,PROD-00168,1,739,73,666,delivered,none,0
OI-004812,ORD-003066,PROD-00029,1,149,14,135,delivered,none,0
OI-004813,ORD-003067,PROD-00032,1,149,0,149,delivered,none,0
OI-004814,ORD-003068,PROD-00168,1,669,0,669,delivered,none,0
OI-004815,ORD-003069,PROD-00017,1,149,0,149,delivered,none,0
OI-004816,ORD-003069,PROD-00069,1,1499,0,1499,delivered,none,0
OI-004817,ORD-003070,PROD-00056,1,3599,179,3420,delivered,none,0
OI-004818,ORD-003071,PROD-00174,1,7699,0,7699,delivered,none,0
OI-004819,ORD-003072,PROD-00051,1,6099,731,5368,returned,refunded,6334
OI-004820,ORD-003073,PROD-00174,1,7699,923,6776,delivered,none,0
OI-004821,ORD-003073,PROD-00265,1,10499,1259,9240,delivered,none,0
OI-004822,ORD-003074,PROD-00161,1,6899,0,6899,delivered,none,0
OI-004823,ORD-003074,PROD-00025,1,739,0,739,delivered,none,0
OI-004824,ORD-003074,PROD-00195,1,999,0,999,delivered,none,0
OI-004825,ORD-003074,PROD-00026,1,4299,0,4299,delivered,none,0
OI-004826,ORD-003075,PROD-00051,1,6099,304,5795,returned,refunded,6838
OI-004827,ORD-003075,PROD-00165,1,3899,194,3705,delivered,rejected,0
OI-004828,ORD-003076,PROD-00121,1,4999,499,4500,delivered,none,0
OI-004829,ORD-003076,PROD-00026,1,4499,449,4050,delivered,none,0
OI-004830,ORD-003077,PROD-00052,1,6399,0,6399,delivered,none,0
OI-004831,ORD-003078,PROD-00102,1,1499,119,1380,delivered,none,0
OI-004832,ORD-003078,PROD-00176,1,6699,535,6164,delivered,none,0
OI-004833,ORD-003079,PROD-00174,1,7299,364,6935,delivered,none,0
OI-004834,ORD-003080,PROD-00017,2,149,0,298,delivered,none,0
OI-004835,ORD-003080,PROD-00115,1,1999,0,1999,delivered,none,0
OI-004836,ORD-003080,PROD-00021,1,3999,0,3999,delivered,none,0
OI-004837,ORD-003080,PROD-00251,1,8799,0,8799,delivered,none,0
OI-004838,ORD-003081,PROD-00014,1,959,0,959,delivered,none,0
OI-004839,ORD-003082,PROD-00122,1,2499,0,2499,delivered,none,0
OI-004840,ORD-003083,PROD-00004,1,2399,0,2399,delivered,none,0
OI-004841,ORD-003084,PROD-00004,1,2399,239,2160,cancelled,none,2549
OI-004842,ORD-003084,PROD-00227,1,55999,5599,50400,cancelled,none,59472
OI-004843,ORD-003084,PROD-00169,1,2899,289,2610,cancelled,none,3080
OI-004844,ORD-003085,PROD-00174,1,8299,0,8299,returned,refunded,9793
OI-004845,ORD-003086,PROD-00168,1,729,0,729,delivered,none,0
OI-004846,ORD-003087,PROD-00161,1,7099,851,6248,delivered,none,0
OI-004847,ORD-003088,PROD-00269,1,2599,0,2599,delivered,none,0
OI-004848,ORD-003088,PROD-00239,1,65999,0,65999,delivered,none,0
OI-004849,ORD-003088,PROD-00079,1,52499,0,52499,delivered,none,0
OI-004850,ORD-003088,PROD-00230,1,8099,0,8099,delivered,none,0
OI-004851,ORD-003089,PROD-00172,1,1199,0,1199,delivered,none,0
OI-004852,ORD-003089,PROD-00248,1,4799,0,4799,delivered,none,0
OI-004853,ORD-003090,PROD-00060,1,9999,499,9500,delivered,none,0
OI-004854,ORD-003090,PROD-00251,1,9199,459,8740,delivered,none,0
OI-004855,ORD-003091,PROD-00027,1,149,0,149,delivered,none,0
OI-004856,ORD-003092,PROD-00269,1,2599,129,2470,delivered,none,0
OI-004857,ORD-003093,PROD-00174,1,8299,0,8299,delivered,none,0
OI-004858,ORD-003093,PROD-00269,1,2499,0,2499,delivered,none,0
OI-004859,ORD-003094,PROD-00127,1,3199,0,3199,delivered,none,0
OI-004860,ORD-003094,PROD-00102,1,1599,0,1599,delivered,none,0
OI-004861,ORD-003095,PROD-00026,1,4299,0,4299,delivered,none,0
OI-004862,ORD-003095,PROD-00012,1,149,0,149,delivered,none,0
OI-004863,ORD-003096,PROD-00019,1,3099,154,2945,delivered,none,0
OI-004864,ORD-003097,PROD-00017,1,139,0,139,delivered,none,0
OI-004865,ORD-003097,PROD-00013,1,5099,0,5099,delivered,none,0
OI-004866,ORD-003098,PROD-00052,1,5899,707,5192,delivered,none,0
OI-004867,ORD-003099,PROD-00069,1,1399,167,1232,delivered,none,0
OI-004868,ORD-003100,PROD-00053,1,5499,439,5060,delivered,none,0
OI-004869,ORD-003101,PROD-00014,1,959,47,912,returned,refunded,1076
OI-004870,ORD-003102,PROD-00174,1,7699,923,6776,delivered,none,0
OI-004871,ORD-003102,PROD-00067,1,5399,647,4752,delivered,none,0
OI-004872,ORD-003103,PROD-00021,1,3999,319,3680,delivered,none,0
OI-004873,ORD-003104,PROD-00135,1,170499,8524,161975,delivered,none,0
OI-004874,ORD-003105,PROD-00017,2,149,0,298,delivered,none,0
OI-004875,ORD-003106,PROD-00017,1,139,16,123,delivered,none,0
OI-004876,ORD-003107,PROD-00264,1,22999,0,22999,delivered,none,0
OI-004877,ORD-003108,PROD-00174,1,7699,0,7699,delivered,none,0
OI-004878,ORD-003109,PROD-00174,1,7699,769,6930,delivered,none,0
OI-004879,ORD-003109,PROD-00101,1,3299,329,2970,delivered,none,0
OI-004880,ORD-003109,PROD-00270,1,699,69,630,delivered,none,0
OI-004881,ORD-003110,PROD-00017,1,139,0,139,delivered,none,0
OI-004882,ORD-003111,PROD-00242,1,129999,0,129999,delivered,none,0
OI-004883,ORD-003112,PROD-00072,1,7099,851,6248,delivered,none,0
OI-004884,ORD-003113,PROD-00024,1,1399,139,1260,delivered,rejected,0
OI-004885,ORD-003113,PROD-00251,1,9199,919,8280,returned,refunded,9770
OI-004886,ORD-003114,PROD-00178,1,48499,4849,43650,delivered,none,0
OI-004887,ORD-003114,PROD-00161,1,7099,709,6390,delivered,none,0
OI-004888,ORD-003114,PROD-00018,1,289,28,261,delivered,none,0
OI-004889,ORD-003115,PROD-00017,1,139,6,133,delivered,none,0
OI-004890,ORD-003116,PROD-00132,1,649,77,572,delivered,none,0
OI-004891,ORD-003117,PROD-00057,1,2599,207,2392,delivered,none,0
OI-004892,ORD-003117,PROD-00051,1,5799,463,5336,delivered,none,0
OI-004893,ORD-003117,PROD-00117,2,1899,303,3495,delivered,none,0
OI-004894,ORD-003117,PROD-00237,1,75999,6079,69920,delivered,none,0
OI-004895,ORD-003118,PROD-00104,1,12999,1039,11960,delivered,none,0
OI-004896,ORD-003118,PROD-00017,2,149,23,275,delivered,none,0
OI-004897,ORD-003119,PROD-00121,1,5099,0,5099,cancelled,none,6017
OI-004898,ORD-003120,PROD-00050,2,939,93,1785,delivered,none,0
OI-004899,ORD-003121,PROD-00252,1,14499,0,14499,delivered,none,0
OI-004900,ORD-003122,PROD-00114,1,999,0,999,delivered,none,0
OI-004901,ORD-003122,PROD-00161,1,7199,0,7199,delivered,none,0
OI-004902,ORD-003123,PROD-00054,1,7599,911,6688,delivered,none,0
OI-004903,ORD-003123,PROD-00161,1,6599,791,5808,delivered,none,0
OI-004904,ORD-003123,PROD-00227,1,51999,6239,45760,delivered,none,0
OI-004905,ORD-003124,PROD-00104,1,12499,1249,11250,delivered,none,0
OI-004906,ORD-003125,PROD-00029,1,149,0,149,delivered,none,0
OI-004907,ORD-003125,PROD-00114,1,999,0,999,delivered,none,0
OI-004908,ORD-003126,PROD-00174,1,7899,947,6952,delivered,none,0
OI-004909,ORD-003127,PROD-00036,1,24999,2499,22500,delivered,none,0
OI-004910,ORD-003128,PROD-00057,1,2599,0,2599,delivered,none,0
OI-004911,ORD-003128,PROD-00074,1,38499,0,38499,delivered,none,0
OI-004912,ORD-003129,PROD-00174,1,7699,923,6776,delivered,none,0
OI-004913,ORD-003129,PROD-00004,1,2399,287,2112,delivered,none,0
OI-004914,ORD-003130,PROD-00020,1,139,13,126,delivered,none,0
OI-004915,ORD-003130,PROD-00103,1,14999,1499,13500,delivered,none,0
OI-004916,ORD-003131,PROD-00017,1,149,0,149,delivered,none,0
OI-004917,ORD-003131,PROD-00161,1,7399,0,7399,delivered,none,0
OI-004918,ORD-003132,PROD-00061,1,4099,0,4099,delivered,none,0
OI-004919,ORD-003132,PROD-00031,1,239,0,239,delivered,none,0
OI-004920,ORD-003133,PROD-00269,1,2399,119,2280,delivered,none,0
OI-004921,ORD-003134,PROD-00087,1,7499,899,6600,delivered,none,0
OI-004922,ORD-003135,PROD-00127,1,3199,159,3040,delivered,none,0
OI-004923,ORD-003136,PROD-00029,2,149,23,275,delivered,none,0
OI-004924,ORD-003137,PROD-00111,1,919,0,919,cancelled,none,1084
OI-004925,ORD-003138,PROD-00127,1,3199,159,3040,delivered,none,0
OI-004926,ORD-003138,PROD-00032,1,149,7,142,delivered,none,0
OI-004927,ORD-003139,PROD-00269,1,2499,0,2499,delivered,none,0
OI-004928,ORD-003140,PROD-00257,1,7099,0,7099,returned,refunded,8377
OI-004929,ORD-003140,PROD-00026,1,4299,0,4299,returned,refunded,5073
OI-004930,ORD-003141,PROD-00210,1,13499,0,13499,delivered,none,0
OI-004931,ORD-003141,PROD-00199,1,1099,0,1099,delivered,none,0
OI-004932,ORD-003142,PROD-00008,1,3999,399,3600,delivered,none,0
OI-004933,ORD-003142,PROD-00248,1,4899,489,4410,delivered,none,0
OI-004934,ORD-003142,PROD-00072,1,7299,729,6570,delivered,none,0
OI-004935,ORD-003143,PROD-00174,1,7699,923,6776,delivered,none,0
OI-004936,ORD-003143,PROD-00247,1,13499,1619,11880,delivered,none,0
OI-004937,ORD-003144,PROD-00176,1,7099,354,6745,delivered,none,0
OI-004938,ORD-003145,PROD-00086,1,56499,6779,49720,delivered,none,0
OI-004939,ORD-003146,PROD-00020,1,159,0,159,cancelled,none,0
OI-004940,ORD-003147,PROD-00161,1,7399,0,7399,delivered,none,0
OI-004941,ORD-003148,PROD-00127,1,3199,383,2816,delivered,none,0
OI-004942,ORD-003148,PROD-00080,1,4499,539,3960,delivered,none,0
OI-004943,ORD-003149,PROD-00161,1,7199,575,6624,delivered,none,0
OI-004944,ORD-003149,PROD-00086,1,56499,4519,51980,delivered,none,0
OI-004945,ORD-003149,PROD-00014,1,959,76,883,delivered,none,0
OI-004946,ORD-003150,PROD-00005,1,5799,0,5799,delivered,none,0
OI-004947,ORD-003151,PROD-00059,1,519,25,494,delivered,none,0
OI-004948,ORD-003152,PROD-00033,1,6399,0,6399,delivered,none,0
OI-004949,ORD-003153,PROD-00042,1,37999,1899,36100,delivered,none,0
OI-004950,ORD-003153,PROD-00264,1,22999,1149,21850,delivered,none,0
OI-004951,ORD-003154,PROD-00284,1,3199,255,2944,delivered,none,0
OI-004952,ORD-003155,PROD-00020,1,139,13,126,delivered,none,0
OI-004953,ORD-003155,PROD-00008,1,3999,399,3600,delivered,none,0
OI-004954,ORD-003156,PROD-00132,1,649,32,617,delivered,none,0
OI-004955,ORD-003156,PROD-00056,1,3899,194,3705,delivered,none,0
OI-004956,ORD-003157,PROD-00270,1,699,0,699,delivered,none,0
OI-004957,ORD-003158,PROD-00130,1,12499,0,12499,delivered,none,0
OI-004958,ORD-003158,PROD-00009,1,2599,0,2599,delivered,none,0
OI-004959,ORD-003158,PROD-00013,1,5099,0,5099,delivered,none,0
OI-004960,ORD-003159,PROD-00069,1,1299,0,1299,delivered,none,0
OI-004961,ORD-003159,PROD-00017,1,149,0,149,delivered,none,0
OI-004962,ORD-003160,PROD-00040,1,37999,3799,34200,delivered,none,0
OI-004963,ORD-003160,PROD-00017,1,149,14,135,delivered,none,0
OI-004964,ORD-003160,PROD-00168,1,709,70,639,delivered,none,0
OI-004965,ORD-003160,PROD-00010,1,6199,619,5580,delivered,none,0
OI-004966,ORD-003161,PROD-00175,1,819,0,819,delivered,rejected,0
OI-004967,ORD-003161,PROD-00017,1,149,0,149,returned,refunded,176
OI-004968,ORD-003161,PROD-00161,1,6599,0,6599,returned,refunded,7787
OI-004969,ORD-003161,PROD-00032,1,149,0,149,returned,refunded,176
OI-004970,ORD-003162,PROD-00025,1,779,38,741,delivered,none,0
OI-004971,ORD-003162,PROD-00016,1,1999,99,1900,delivered,none,0
OI-004972,ORD-003162,PROD-00061,1,4299,214,4085,delivered,none,0
OI-004973,ORD-003162,PROD-00174,1,7699,384,7315,delivered,none,0
OI-004974,ORD-003163,PROD-00059,1,499,0,499,delivered,none,0
OI-004975,ORD-003163,PROD-00020,1,159,0,159,delivered,none,0
OI-004976,ORD-003164,PROD-00021,1,3999,199,3800,delivered,none,0
OI-004977,ORD-003164,PROD-00017,1,149,7,142,delivered,none,0
OI-004978,ORD-003165,PROD-00008,1,4599,0,4599,returned,refunded,5427
OI-004979,ORD-003166,PROD-00032,1,149,0,149,delivered,none,0
OI-004980,ORD-003167,PROD-00012,2,149,0,298,delivered,none,0
OI-004981,ORD-003167,PROD-00055,1,15499,0,15499,delivered,none,0
OI-004982,ORD-003168,PROD-00238,1,30999,3719,27280,delivered,none,0
OI-004983,ORD-003168,PROD-00164,1,5599,671,4928,delivered,none,0
OI-004984,ORD-003168,PROD-00017,1,149,17,132,delivered,none,0
OI-004985,ORD-003169,PROD-00068,1,13999,1119,12880,delivered,none,0
OI-004986,ORD-003169,PROD-00127,1,3199,255,2944,delivered,none,0
OI-004987,ORD-003169,PROD-00259,1,8299,663,7636,delivered,none,0
OI-004988,ORD-003169,PROD-00032,1,149,11,138,delivered,none,0
OI-004989,ORD-003170,PROD-00118,1,579,28,551,delivered,none,0
OI-004990,ORD-003171,PROD-00252,1,14499,1739,12760,delivered,none,0
OI-004991,ORD-003172,PROD-00270,1,699,0,699,cancelled,none,825
OI-004992,ORD-003173,PROD-00262,1,11999,0,11999,delivered,none,0
OI-004993,ORD-003174,PROD-00023,1,179,8,171,cancelled,none,202
OI-004994,ORD-003175,PROD-00087,1,7499,599,6900,delivered,none,0
OI-004995,ORD-003176,PROD-00004,1,2199,0,2199,delivered,none,0
OI-004996,ORD-003177,PROD-00024,1,1299,103,1196,cancelled,none,0
OI-004997,ORD-003178,PROD-00174,1,7899,789,7110,delivered,none,0
OI-004998,ORD-003179,PROD-00051,1,6299,0,6299,delivered,none,0
OI-004999,ORD-003180,PROD-00005,1,5799,0,5799,delivered,none,0
OI-005000,ORD-003181,PROD-00281,1,4099,0,4099,delivered,none,0
OI-005001,ORD-003182,PROD-00270,1,699,69,630,delivered,none,0
OI-005002,ORD-003183,PROD-00270,1,729,0,729,cancelled,none,0
OI-005003,ORD-003184,PROD-00225,1,18999,0,18999,delivered,none,0
OI-005004,ORD-003184,PROD-00013,1,4999,0,4999,delivered,none,0
OI-005005,ORD-003185,PROD-00017,1,149,0,149,delivered,none,0
OI-005006,ORD-003186,PROD-00006,1,149,14,135,delivered,none,0
OI-005007,ORD-003187,PROD-00002,1,3299,263,3036,delivered,none,0
OI-005008,ORD-003187,PROD-00270,1,659,52,607,delivered,none,0
OI-005009,ORD-003188,PROD-00127,1,3199,0,3199,delivered,none,0
OI-005010,ORD-003189,PROD-00025,1,759,0,759,delivered,none,0
OI-005011,ORD-003189,PROD-00018,1,259,0,259,delivered,none,0
OI-005012,ORD-003190,PROD-00116,1,30499,0,30499,delivered,none,0
OI-005013,ORD-003191,PROD-00257,1,7099,0,7099,delivered,none,0
OI-005014,ORD-003191,PROD-00132,1,669,0,669,delivered,none,0
OI-005015,ORD-003192,PROD-00174,1,7699,0,7699,delivered,none,0
OI-005016,ORD-003193,PROD-00017,2,139,0,278,delivered,none,0
OI-005017,ORD-003193,PROD-00061,1,4099,0,4099,delivered,none,0
OI-005018,ORD-003193,PROD-00300,1,10499,0,10499,delivered,none,0
OI-005019,ORD-003194,PROD-00121,1,4999,0,4999,delivered,none,0
OI-005020,ORD-003194,PROD-00269,1,2499,0,2499,delivered,none,0
OI-005021,ORD-003194,PROD-00132,1,599,0,599,delivered,none,0
OI-005022,ORD-003194,PROD-00012,1,149,0,149,delivered,none,0
OI-005023,ORD-003195,PROD-00264,1,23499,0,23499,delivered,none,0
OI-005024,ORD-003195,PROD-00194,1,17499,0,17499,delivered,none,0
OI-005025,ORD-003195,PROD-00147,1,27999,0,27999,delivered,none,0
OI-005026,ORD-003196,PROD-00096,1,9599,767,8832,delivered,none,0
OI-005027,ORD-003196,PROD-00087,1,7499,599,6900,delivered,none,0
OI-005028,ORD-003197,PROD-00161,1,6899,551,6348,delivered,none,0
OI-005029,ORD-003197,PROD-00112,1,5499,439,5060,delivered,none,0
OI-005030,ORD-003198,PROD-00032,1,149,0,149,delivered,none,0
OI-005031,ORD-003199,PROD-00127,1,3199,0,3199,returned,refunded,3775
OI-005032,ORD-003200,PROD-00029,1,149,7,142,delivered,none,0
OI-005033,ORD-003201,PROD-00224,1,129999,0,129999,delivered,none,0
OI-005034,ORD-003201,PROD-00017,1,149,0,149,delivered,none,0
OI-005035,ORD-003201,PROD-00001,1,4799,0,4799,delivered,none,0
OI-005036,ORD-003202,PROD-00029,1,149,0,149,delivered,none,0
OI-005037,ORD-003202,PROD-00271,1,12999,0,12999,delivered,none,0
OI-005038,ORD-003202,PROD-00009,1,2599,0,2599,delivered,none,0
OI-005039,ORD-003203,PROD-00277,1,1099,0,1099,delivered,none,0
OI-005040,ORD-003204,PROD-00022,1,1399,0,1399,delivered,none,0
OI-005041,ORD-003205,PROD-00161,1,7399,369,7030,delivered,none,0
OI-005042,ORD-003206,PROD-00127,1,3199,0,3199,delivered,none,0
OI-005043,ORD-003207,PROD-00185,1,6299,0,6299,delivered,none,0
OI-005044,ORD-003208,PROD-00051,1,6099,0,6099,delivered,none,0
OI-005045,ORD-003209,PROD-00213,1,8499,849,7650,delivered,none,0
OI-005046,ORD-003209,PROD-00017,1,159,15,144,delivered,none,0
OI-005047,ORD-003210,PROD-00026,1,4299,429,3870,delivered,none,0
OI-005048,ORD-003211,PROD-00017,1,149,14,135,cancelled,none,159
OI-005049,ORD-003211,PROD-00251,1,8499,849,7650,cancelled,none,9027
OI-005050,ORD-003211,PROD-00174,1,7899,789,7110,cancelled,none,8390
OI-005051,ORD-003212,PROD-00025,2,739,177,1301,delivered,none,0
OI-005052,ORD-003212,PROD-00197,2,6899,1655,12143,delivered,none,0
OI-005053,ORD-003212,PROD-00127,1,3199,383,2816,delivered,none,0
OI-005054,ORD-003212,PROD-00029,1,139,16,123,delivered,none,0
OI-005055,ORD-003213,PROD-00280,1,9999,799,9200,returned,refunded,10856
OI-005056,ORD-003213,PROD-00251,1,8499,679,7820,returned,refunded,9228
OI-005057,ORD-003213,PROD-00025,1,739,59,680,returned,refunded,802
OI-005058,ORD-003213,PROD-00072,1,7099,567,6532,returned,refunded,7708
OI-005059,ORD-003214,PROD-00052,1,5899,471,5428,delivered,none,0
OI-005060,ORD-003215,PROD-00213,1,9199,0,9199,delivered,none,0
OI-005061,ORD-003215,PROD-00019,1,2699,0,2699,delivered,none,0
OI-005062,ORD-003215,PROD-00016,1,1999,0,1999,delivered,none,0
OI-005063,ORD-003215,PROD-00168,3,759,0,2277,delivered,none,0
OI-005064,ORD-003216,PROD-00174,1,8299,0,8299,cancelled,none,9793
OI-005065,ORD-003217,PROD-00008,1,4299,0,4299,delivered,none,0
OI-005066,ORD-003218,PROD-00025,1,769,38,731,delivered,none,0
OI-005067,ORD-003219,PROD-00032,1,149,7,142,delivered,none,0
OI-005068,ORD-003220,PROD-00017,1,149,17,132,delivered,none,0
OI-005069,ORD-003221,PROD-00269,1,2499,124,2375,returned,refunded,2803
OI-005070,ORD-003222,PROD-00074,1,35499,0,35499,delivered,none,0
OI-005071,ORD-003223,PROD-00057,3,2499,0,7497,delivered,none,0
OI-005072,ORD-003224,PROD-00032,1,149,7,142,delivered,none,0
OI-005073,ORD-003225,PROD-00242,1,129999,12999,117000,delivered,none,0
OI-005074,ORD-003226,PROD-00017,1,149,7,142,delivered,none,0
OI-005075,ORD-003227,PROD-00024,2,1299,311,2287,delivered,none,0
OI-005076,ORD-003228,PROD-00159,1,1999,0,1999,delivered,none,0
OI-005077,ORD-003229,PROD-00028,1,5199,623,4576,delivered,none,0
OI-005078,ORD-003230,PROD-00264,1,22999,1839,21160,returned,refunded,24969
OI-005079,ORD-003231,PROD-00017,1,149,14,135,delivered,none,0
OI-005080,ORD-003231,PROD-00264,1,21999,2199,19800,delivered,none,0
OI-005081,ORD-003232,PROD-00174,1,7099,0,7099,delivered,none,0
OI-005082,ORD-003233,PROD-00198,1,719,35,684,delivered,none,0
OI-005083,ORD-003233,PROD-00020,1,139,6,133,delivered,none,0
OI-005084,ORD-003234,PROD-00300,1,9199,459,8740,delivered,none,0
OI-005085,ORD-003234,PROD-00072,1,7299,364,6935,delivered,none,0
OI-005086,ORD-003235,PROD-00025,1,739,73,666,delivered,none,0
OI-005087,ORD-003236,PROD-00270,1,699,55,644,delivered,none,0
OI-005088,ORD-003237,PROD-00269,2,2499,0,4998,delivered,none,0
OI-005089,ORD-003237,PROD-00272,1,20499,0,20499,delivered,none,0
OI-005090,ORD-003238,PROD-00019,1,2899,231,2668,delivered,none,0
OI-005091,ORD-003238,PROD-00262,1,11999,959,11040,delivered,none,0
OI-005092,ORD-003239,PROD-00029,2,159,31,287,delivered,none,0
OI-005093,ORD-003240,PROD-00033,1,6399,767,5632,delivered,none,0
OI-005094,ORD-003240,PROD-00017,1,149,17,132,delivered,none,0
OI-005095,ORD-003240,PROD-00032,1,149,17,132,delivered,none,0
OI-005096,ORD-003240,PROD-00248,2,4799,1151,8447,delivered,none,0
OI-005097,ORD-003241,PROD-00277,1,1099,0,1099,delivered,none,0
OI-005098,ORD-003242,PROD-00264,1,20999,0,20999,cancelled,none,0
OI-005099,ORD-003243,PROD-00126,1,14499,0,14499,delivered,none,0
OI-005100,ORD-003244,PROD-00161,1,7399,887,6512,delivered,rejected,0
OI-005101,ORD-003244,PROD-00245,1,20499,2459,18040,delivered,rejected,0
OI-005102,ORD-003245,PROD-00017,1,159,0,159,delivered,none,0
OI-005103,ORD-003245,PROD-00053,1,5799,0,5799,delivered,none,0
OI-005104,ORD-003246,PROD-00103,1,14499,1739,12760,delivered,none,0
OI-005105,ORD-003246,PROD-00174,1,7699,923,6776,delivered,none,0
OI-005106,ORD-003247,PROD-00165,1,4099,327,3772,delivered,none,0
OI-005107,ORD-003247,PROD-00057,1,2499,199,2300,delivered,none,0
OI-005108,ORD-003248,PROD-00174,1,7999,799,7200,delivered,none,0
OI-005109,ORD-003249,PROD-00174,1,7699,0,7699,delivered,none,0
OI-005110,ORD-003250,PROD-00017,1,149,0,149,delivered,none,0
OI-005111,ORD-003250,PROD-00174,1,7699,0,7699,delivered,none,0
OI-005112,ORD-003251,PROD-00127,1,3199,255,2944,delivered,none,0
OI-005113,ORD-003251,PROD-00174,1,7299,583,6716,delivered,none,0
OI-005114,ORD-003252,PROD-00174,1,7699,0,7699,delivered,none,0
OI-005115,ORD-003253,PROD-00014,1,989,0,989,delivered,none,0
OI-005116,ORD-003254,PROD-00127,1,3199,0,3199,delivered,none,0
OI-005117,ORD-003255,PROD-00251,1,8099,0,8099,delivered,none,0
OI-005118,ORD-003255,PROD-00017,2,139,0,278,delivered,none,0
OI-005119,ORD-003256,PROD-00078,1,1099,0,1099,delivered,none,0
OI-005120,ORD-003257,PROD-00174,1,7999,399,7600,delivered,none,0
OI-005121,ORD-003258,PROD-00269,1,2499,0,2499,delivered,none,0
OI-005122,ORD-003258,PROD-00064,3,1999,0,5997,delivered,none,0
OI-005123,ORD-003258,PROD-00270,1,699,0,699,delivered,none,0
OI-005124,ORD-003258,PROD-00014,1,999,0,999,delivered,none,0
OI-005125,ORD-003259,PROD-00168,1,709,0,709,delivered,none,0
OI-005126,ORD-003259,PROD-00161,1,7399,0,7399,delivered,none,0
OI-005127,ORD-003260,PROD-00211,1,5499,0,5499,delivered,none,0
OI-005128,ORD-003261,PROD-00176,1,7299,875,6424,delivered,none,0
OI-005129,ORD-003262,PROD-00071,2,3699,0,7398,delivered,none,0
OI-005130,ORD-003263,PROD-00174,1,7299,875,6424,delivered,none,0
OI-005131,ORD-003263,PROD-00161,1,6899,827,6072,delivered,none,0
OI-005132,ORD-003264,PROD-00127,1,3199,383,2816,returned,refunded,3323
OI-005133,ORD-003265,PROD-00263,1,9999,0,9999,delivered,none,0
OI-005134,ORD-003266,PROD-00111,1,999,79,920,delivered,none,0
OI-005135,ORD-003266,PROD-00241,1,27499,2199,25300,delivered,none,0
OI-005136,ORD-003267,PROD-00034,1,149,0,149,delivered,none,0
OI-005137,ORD-003268,PROD-00270,1,639,76,563,delivered,none,0
OI-005138,ORD-003269,PROD-00080,1,4499,0,4499,delivered,none,0
OI-005139,ORD-003269,PROD-00028,1,4899,0,4899,delivered,none,0
OI-005140,ORD-003270,PROD-00264,1,22999,2299,20700,delivered,none,0
OI-005141,ORD-003270,PROD-00120,1,6499,649,5850,delivered,none,0
OI-005142,ORD-003270,PROD-00034,3,149,44,403,delivered,none,0
OI-005143,ORD-003271,PROD-00269,1,2499,124,2375,delivered,none,0
OI-005144,ORD-003271,PROD-00161,1,6899,344,6555,delivered,none,0
OI-005145,ORD-003271,PROD-00277,1,1099,54,1045,delivered,none,0
OI-005146,ORD-003271,PROD-00016,1,1799,89,1710,delivered,none,0
OI-005147,ORD-003272,PROD-00017,1,149,0,149,delivered,none,0
OI-005148,ORD-003273,PROD-00070,1,499,0,499,delivered,none,0
OI-005149,ORD-003273,PROD-00077,1,37999,0,37999,delivered,none,0
OI-005150,ORD-003273,PROD-00025,2,739,0,1478,delivered,none,0
OI-005151,ORD-003274,PROD-00174,1,7699,0,7699,delivered,none,0
OI-005152,ORD-003275,PROD-00159,1,1999,199,1800,delivered,none,0
OI-005153,ORD-003276,PROD-00017,2,149,0,298,delivered,none,0
OI-005154,ORD-003277,PROD-00161,1,6899,344,6555,delivered,none,0
OI-005155,ORD-003278,PROD-00252,1,13999,0,13999,cancelled,none,16519
OI-005156,ORD-003279,PROD-00002,1,2899,0,2899,delivered,none,0
OI-005157,ORD-003279,PROD-00233,1,62499,0,62499,delivered,none,0
OI-005158,ORD-003279,PROD-00161,1,6899,0,6899,delivered,none,0
OI-005159,ORD-003280,PROD-00251,1,8799,0,8799,delivered,none,0
OI-005160,ORD-003281,PROD-00057,1,2499,124,2375,delivered,none,0
OI-005161,ORD-003282,PROD-00078,1,1199,143,1056,delivered,none,0
OI-005162,ORD-003283,PROD-00174,1,7099,0,7099,delivered,none,0
OI-005163,ORD-003284,PROD-00087,1,7499,374,7125,delivered,none,0
OI-005164,ORD-003285,PROD-00251,1,8799,879,7920,delivered,none,0
OI-005165,ORD-003286,PROD-00215,1,76499,7649,68850,returned,refunded,81243
OI-005166,ORD-003286,PROD-00055,1,15499,1549,13950,returned,refunded,16461
OI-005167,ORD-003286,PROD-00072,1,6799,679,6120,delivered,rejected,0
OI-005168,ORD-003287,PROD-00009,3,2799,0,8397,delivered,none,0
OI-005169,ORD-003287,PROD-00017,1,139,0,139,delivered,none,0
OI-005170,ORD-003288,PROD-00057,2,2499,599,4399,delivered,none,0
OI-005171,ORD-003288,PROD-00161,1,7399,887,6512,delivered,none,0
OI-005172,ORD-003288,PROD-00017,1,149,17,132,delivered,none,0
OI-005173,ORD-003289,PROD-00282,1,22499,1799,20700,delivered,none,0
OI-005174,ORD-003290,PROD-00270,1,659,52,607,delivered,none,0
OI-005175,ORD-003291,PROD-00277,1,999,79,920,delivered,none,0
OI-005176,ORD-003292,PROD-00020,1,149,11,138,delivered,none,0
OI-005177,ORD-003293,PROD-00036,1,25499,0,25499,delivered,none,0
OI-005178,ORD-003294,PROD-00052,1,5899,294,5605,delivered,none,0
OI-005179,ORD-003295,PROD-00161,1,7099,0,7099,delivered,none,0
OI-005180,ORD-003295,PROD-00070,1,499,0,499,delivered,none,0
OI-005181,ORD-003296,PROD-00108,1,7599,607,6992,delivered,none,0
OI-005182,ORD-003297,PROD-00243,1,129999,15599,114400,returned,refunded,134992
OI-005183,ORD-003298,PROD-00051,1,6099,0,6099,delivered,none,0
OI-005184,ORD-003298,PROD-00269,1,2499,0,2499,delivered,none,0
OI-005185,ORD-003299,PROD-00127,1,3199,383,2816,delivered,none,0
OI-005186,ORD-003299,PROD-00203,1,24999,2999,22000,delivered,none,0
OI-005187,ORD-003300,PROD-00169,1,2899,231,2668,delivered,none,0
OI-005188,ORD-003301,PROD-00270,1,729,0,729,delivered,none,0
OI-005189,ORD-003302,PROD-00091,1,829,0,829,delivered,none,0
OI-005190,ORD-003303,PROD-00016,1,2099,0,2099,delivered,none,0
OI-005191,ORD-003303,PROD-00027,1,149,0,149,delivered,none,0
OI-005192,ORD-003303,PROD-00102,1,1399,0,1399,delivered,none,0
OI-005193,ORD-003303,PROD-00166,1,5899,0,5899,delivered,none,0
OI-005194,ORD-003304,PROD-00018,1,299,0,299,delivered,none,0
OI-005195,ORD-003304,PROD-00053,1,6299,0,6299,delivered,none,0
OI-005196,ORD-003304,PROD-00032,3,149,0,447,delivered,none,0
OI-005197,ORD-003305,PROD-00017,1,149,0,149,delivered,none,0
OI-005198,ORD-003306,PROD-00017,1,139,0,139,delivered,none,0
OI-005199,ORD-003307,PROD-00174,1,7299,0,7299,delivered,none,0
OI-005200,ORD-003308,PROD-00193,1,38999,3899,35100,delivered,none,0
OI-005201,ORD-003309,PROD-00012,2,139,0,278,delivered,none,0
OI-005202,ORD-003310,PROD-00104,1,12999,0,12999,returned,refunded,15339
OI-005203,ORD-003310,PROD-00174,1,7699,0,7699,delivered,none,0
OI-005204,ORD-003311,PROD-00127,1,3199,319,2880,delivered,none,0
OI-005205,ORD-003311,PROD-00210,1,12999,1299,11700,delivered,none,0
OI-005206,ORD-003311,PROD-00161,1,7099,709,6390,delivered,none,0
OI-005207,ORD-003312,PROD-00251,1,8499,679,7820,delivered,none,0
OI-005208,ORD-003313,PROD-00257,1,7099,0,7099,delivered,none,0
OI-005209,ORD-003313,PROD-00174,1,7699,0,7699,delivered,none,0
OI-005210,ORD-003314,PROD-00174,1,7699,923,6776,delivered,none,0
OI-005211,ORD-003315,PROD-00017,1,139,16,123,delivered,none,0
OI-005212,ORD-003316,PROD-00020,2,149,14,284,delivered,none,0
OI-005213,ORD-003316,PROD-00023,1,199,9,190,delivered,none,0
OI-005214,ORD-003317,PROD-00224,1,129999,0,129999,delivered,none,0
OI-005215,ORD-003318,PROD-00024,1,1199,0,1199,delivered,none,0
OI-005216,ORD-003318,PROD-00118,1,579,0,579,delivered,none,0
OI-005217,ORD-003319,PROD-00029,1,149,0,149,delivered,none,0
OI-005218,ORD-003319,PROD-00009,2,2699,0,5398,delivered,none,0
OI-005219,ORD-003320,PROD-00174,1,7699,769,6930,delivered,none,0
OI-005220,ORD-003320,PROD-00125,1,459,45,414,delivered,none,0
OI-005221,ORD-003321,PROD-00003,1,1399,69,1330,delivered,none,0
OI-005222,ORD-003322,PROD-00017,2,139,0,278,delivered,rejected,0
OI-005223,ORD-003322,PROD-00270,1,659,0,659,returned,refunded,778
OI-005224,ORD-003323,PROD-00248,1,4799,0,4799,delivered,none,0
OI-005225,ORD-003324,PROD-00269,1,2499,249,2250,delivered,none,0
OI-005226,ORD-003324,PROD-00127,1,3499,349,3150,delivered,none,0
OI-005227,ORD-003325,PROD-00248,1,4799,0,4799,delivered,none,0
OI-005228,ORD-003326,PROD-00174,1,7699,0,7699,delivered,none,0
OI-005229,ORD-003326,PROD-00089,1,21999,0,21999,delivered,none,0
OI-005230,ORD-003326,PROD-00053,1,5799,0,5799,delivered,none,0
OI-005231,ORD-003327,PROD-00019,1,2999,0,2999,delivered,none,0
OI-005232,ORD-003327,PROD-00017,1,149,0,149,delivered,none,0
OI-005233,ORD-003327,PROD-00251,1,8499,0,8499,delivered,none,0
OI-005234,ORD-003327,PROD-00004,1,2399,0,2399,delivered,none,0
OI-005235,ORD-003328,PROD-00169,1,2799,335,2464,delivered,none,0
OI-005236,ORD-003328,PROD-00007,1,169,20,149,delivered,none,0
OI-005237,ORD-003329,PROD-00052,1,6099,0,6099,delivered,none,0
OI-005238,ORD-003329,PROD-00127,1,3199,0,3199,delivered,none,0
OI-005239,ORD-003330,PROD-00072,1,6799,679,6120,cancelled,none,0
OI-005240,ORD-003331,PROD-00230,1,7499,899,6600,delivered,none,0
OI-005241,ORD-003331,PROD-00072,1,6799,815,5984,delivered,none,0
OI-005242,ORD-003332,PROD-00055,1,15999,0,15999,delivered,none,0
OI-005243,ORD-003333,PROD-00300,1,9999,0,9999,delivered,none,0
OI-005244,ORD-003334,PROD-00127,1,3199,159,3040,delivered,none,0
OI-005245,ORD-003335,PROD-00192,1,43499,0,43499,delivered,none,0
OI-005246,ORD-003335,PROD-00031,1,239,0,239,delivered,none,0
OI-005247,ORD-003336,PROD-00254,1,1699,135,1564,returned,refunded,1846
OI-005248,ORD-003337,PROD-00009,1,2599,259,2340,delivered,none,0
OI-005249,ORD-003337,PROD-00050,1,939,93,846,delivered,none,0
OI-005250,ORD-003338,PROD-00277,1,1199,119,1080,delivered,none,0
OI-005251,ORD-003339,PROD-00050,3,889,0,2667,cancelled,none,0
OI-005252,ORD-003340,PROD-00132,1,649,51,598,delivered,none,0
OI-005253,ORD-003340,PROD-00269,1,2699,215,2484,delivered,none,0
OI-005254,ORD-003340,PROD-00265,1,10499,839,9660,delivered,rejected,0
OI-005255,ORD-003341,PROD-00275,1,36499,0,36499,delivered,none,0
OI-005256,ORD-003342,PROD-00028,1,4799,0,4799,delivered,none,0
OI-005257,ORD-003343,PROD-00111,1,919,45,874,delivered,none,0
OI-005258,ORD-003343,PROD-00080,1,4699,234,4465,delivered,none,0
OI-005259,ORD-003343,PROD-00017,1,149,7,142,delivered,none,0
OI-005260,ORD-003343,PROD-00010,1,5699,284,5415,delivered,none,0
OI-005261,ORD-003343,PROD-00029,1,139,6,133,delivered,none,0
OI-005262,ORD-003344,PROD-00007,2,169,27,311,delivered,none,0
OI-005263,ORD-003344,PROD-00051,1,6099,487,5612,delivered,none,0
OI-005264,ORD-003344,PROD-00174,1,7699,615,7084,delivered,none,0
OI-005265,ORD-003344,PROD-00020,1,139,11,128,returned,refunded,151
OI-005266,ORD-003345,PROD-00168,1,709,85,624,delivered,none,0
OI-005267,ORD-003346,PROD-00033,1,6399,0,6399,cancelled,none,0
OI-005268,ORD-003347,PROD-00017,1,149,17,132,delivered,none,0
OI-005269,ORD-003348,PROD-00014,1,959,0,959,delivered,none,0
OI-005270,ORD-003348,PROD-00147,1,27999,0,27999,delivered,none,0
OI-005271,ORD-003348,PROD-00212,1,5499,0,5499,delivered,none,0
OI-005272,ORD-003348,PROD-00168,1,709,0,709,delivered,none,0
OI-005273,ORD-003349,PROD-00017,1,149,0,149,returned,refunded,176
OI-005274,ORD-003349,PROD-00163,1,469,0,469,returned,refunded,553
OI-005275,ORD-003349,PROD-00174,1,7999,0,7999,returned,refunded,9439
OI-005276,ORD-003349,PROD-00127,1,3299,0,3299,returned,refunded,3893
OI-005277,ORD-003350,PROD-00017,1,149,0,149,delivered,none,0
OI-005278,ORD-003350,PROD-00029,2,149,0,298,delivered,none,0
OI-005279,ORD-003351,PROD-00005,1,5799,0,5799,delivered,none,0
OI-005280,ORD-003351,PROD-00069,1,1299,0,1299,delivered,none,0
OI-005281,ORD-003352,PROD-00174,1,7699,0,7699,delivered,none,0
OI-005282,ORD-003353,PROD-00023,1,189,0,189,delivered,none,0
OI-005283,ORD-003354,PROD-00127,1,3199,0,3199,delivered,none,0
OI-005284,ORD-003355,PROD-00025,1,739,59,680,delivered,none,0
OI-005285,ORD-003355,PROD-00111,1,1099,87,1012,delivered,none,0
OI-005286,ORD-003356,PROD-00057,1,2599,129,2470,delivered,none,0
OI-005287,ORD-003357,PROD-00111,1,999,49,950,cancelled,none,1121
OI-005288,ORD-003358,PROD-00227,1,49499,2474,47025,delivered,none,0
OI-005289,ORD-003359,PROD-00158,1,104999,0,104999,delivered,none,0
OI-005290,ORD-003359,PROD-00099,1,999,0,999,delivered,none,0
OI-005291,ORD-003359,PROD-00161,1,6899,0,6899,delivered,none,0
OI-005292,ORD-003360,PROD-00127,1,3499,279,3220,delivered,none,0
OI-005293,ORD-003361,PROD-00282,1,21999,0,21999,delivered,none,0
OI-005294,ORD-003361,PROD-00114,1,999,0,999,delivered,none,0
OI-005295,ORD-003362,PROD-00211,1,5499,0,5499,delivered,none,0
OI-005296,ORD-003363,PROD-00127,1,2899,0,2899,returned,refunded,3421
OI-005297,ORD-003364,PROD-00051,1,6599,791,5808,delivered,none,0
OI-005298,ORD-003365,PROD-00002,1,3299,0,3299,delivered,none,0
OI-005299,ORD-003366,PROD-00007,1,179,0,179,delivered,none,0
OI-005300,ORD-003367,PROD-00269,1,2699,0,2699,delivered,none,0
OI-005301,ORD-003367,PROD-00174,1,7699,0,7699,delivered,none,0
OI-005302,ORD-003368,PROD-00034,1,139,0,139,delivered,none,0
OI-005303,ORD-003368,PROD-00161,1,6899,0,6899,delivered,none,0
OI-005304,ORD-003369,PROD-00269,1,2499,299,2200,delivered,none,0
OI-005305,ORD-003369,PROD-00013,1,5099,611,4488,delivered,none,0
OI-005306,ORD-003370,PROD-00255,1,1399,167,1232,delivered,none,0
OI-005307,ORD-003370,PROD-00122,1,2499,299,2200,delivered,none,0
OI-005308,ORD-003370,PROD-00077,1,39499,4739,34760,delivered,none,0
OI-005309,ORD-003370,PROD-00011,1,309,37,272,delivered,none,0
OI-005310,ORD-003371,PROD-00013,1,4699,234,4465,delivered,none,0
OI-005311,ORD-003372,PROD-00008,1,4299,0,4299,delivered,none,0
OI-005312,ORD-003372,PROD-00099,1,999,0,999,delivered,none,0
OI-005313,ORD-003373,PROD-00174,1,7699,615,7084,delivered,none,0
OI-005314,ORD-003373,PROD-00019,1,2699,215,2484,delivered,none,0
OI-005315,ORD-003374,PROD-00159,1,1899,151,1748,cancelled,none,0
OI-005316,ORD-003374,PROD-00161,1,6899,551,6348,cancelled,none,0
OI-005317,ORD-003374,PROD-00017,1,149,11,138,cancelled,none,0
OI-005318,ORD-003375,PROD-00031,1,239,0,239,delivered,none,0
OI-005319,ORD-003376,PROD-00063,1,8599,687,7912,delivered,none,0
OI-005320,ORD-003377,PROD-00004,2,2399,239,4559,delivered,none,0
OI-005321,ORD-003377,PROD-00059,1,499,24,475,delivered,none,0
OI-005322,ORD-003378,PROD-00096,1,8899,711,8188,delivered,none,0
OI-005323,ORD-003378,PROD-00281,1,4399,351,4048,delivered,none,0
OI-005324,ORD-003379,PROD-00017,1,149,14,135,delivered,none,0
OI-005325,ORD-003380,PROD-00080,1,4499,224,4275,delivered,none,0
OI-005326,ORD-003381,PROD-00281,1,4099,0,4099,delivered,none,0
OI-005327,ORD-003382,PROD-00127,1,3299,0,3299,delivered,none,0
OI-005328,ORD-003383,PROD-00006,2,159,0,318,delivered,none,0
OI-005329,ORD-003384,PROD-00127,1,3499,419,3080,delivered,none,0
OI-005330,ORD-003385,PROD-00052,1,5899,0,5899,cancelled,none,6961
OI-005331,ORD-003386,PROD-00050,1,969,116,853,delivered,none,0
OI-005332,ORD-003386,PROD-00257,1,7099,851,6248,delivered,none,0
OI-005333,ORD-003387,PROD-00029,1,149,14,135,delivered,none,0
OI-005334,ORD-003388,PROD-00127,1,3199,0,3199,delivered,none,0
OI-005335,ORD-003389,PROD-00132,1,669,80,589,delivered,none,0
OI-005336,ORD-003389,PROD-00021,1,4199,503,3696,delivered,none,0
OI-005337,ORD-003389,PROD-00180,1,6499,779,5720,delivered,none,0
OI-005338,ORD-003389,PROD-00174,1,7299,875,6424,delivered,none,0
OI-005339,ORD-003389,PROD-00136,1,68499,8219,60280,delivered,none,0
OI-005340,ORD-003390,PROD-00159,1,1999,199,1800,delivered,none,0
OI-005341,ORD-003390,PROD-00171,1,6699,669,6030,delivered,none,0
OI-005342,ORD-003391,PROD-00174,1,7699,384,7315,delivered,none,0
OI-005343,ORD-003392,PROD-00069,1,1399,0,1399,delivered,none,0
OI-005344,ORD-003393,PROD-00270,1,699,0,699,delivered,none,0
OI-005345,ORD-003394,PROD-00246,1,14499,0,14499,delivered,none,0
OI-005346,ORD-003395,PROD-00174,1,7699,615,7084,delivered,none,0
OI-005347,ORD-003396,PROD-00001,1,5199,0,5199,delivered,none,0
OI-005348,ORD-003396,PROD-00072,1,6799,0,6799,delivered,none,0
OI-005349,ORD-003396,PROD-00161,1,7099,0,7099,delivered,none,0
OI-005350,ORD-003396,PROD-00102,1,1499,0,1499,delivered,none,0
OI-005351,ORD-003397,PROD-00059,3,499,74,1423,delivered,none,0
OI-005352,ORD-003398,PROD-00161,1,6899,0,6899,returned,refunded,8141
OI-005353,ORD-003399,PROD-00132,1,649,32,617,delivered,none,0
OI-005354,ORD-003400,PROD-00089,1,20999,2519,18480,delivered,none,0
OI-005355,ORD-003400,PROD-00174,1,7699,923,6776,delivered,none,0
OI-005356,ORD-003401,PROD-00223,1,76499,6119,70380,delivered,none,0
OI-005357,ORD-003401,PROD-00020,1,149,11,138,delivered,none,0
OI-005358,ORD-003402,PROD-00006,1,139,0,139,delivered,none,0
OI-005359,ORD-003403,PROD-00183,1,27999,1399,26600,delivered,none,0
OI-005360,ORD-003404,PROD-00080,1,4499,539,3960,delivered,none,0
OI-005361,ORD-003405,PROD-00105,1,34999,3499,31500,delivered,none,0
OI-005362,ORD-003406,PROD-00166,1,6199,0,6199,delivered,none,0
OI-005363,ORD-003406,PROD-00174,1,7099,0,7099,delivered,none,0
OI-005364,ORD-003407,PROD-00026,1,4299,0,4299,delivered,none,0
OI-005365,ORD-003408,PROD-00005,1,5799,463,5336,delivered,none,0
OI-005366,ORD-003408,PROD-00290,1,44499,3559,40940,delivered,none,0
OI-005367,ORD-003409,PROD-00064,1,1899,151,1748,delivered,none,0
OI-005368,ORD-003409,PROD-00161,1,6899,551,6348,delivered,none,0
OI-005369,ORD-003409,PROD-00024,1,1299,103,1196,delivered,none,0
OI-005370,ORD-003409,PROD-00034,1,149,11,138,delivered,none,0
OI-005371,ORD-003409,PROD-00268,1,46999,3759,43240,delivered,none,0
OI-005372,ORD-003410,PROD-00069,1,1399,0,1399,delivered,none,0
OI-005373,ORD-003411,PROD-00174,1,7699,769,6930,delivered,none,0
OI-005374,ORD-003412,PROD-00127,1,2999,0,2999,delivered,none,0
OI-005375,ORD-003412,PROD-00013,1,5199,0,5199,delivered,none,0
OI-005376,ORD-003412,PROD-00029,1,159,0,159,delivered,none,0
OI-005377,ORD-003413,PROD-00124,2,1499,149,2849,delivered,none,0
OI-005378,ORD-003414,PROD-00161,1,6299,0,6299,delivered,none,0
OI-005379,ORD-003414,PROD-00270,1,719,0,719,delivered,none,0
OI-005380,ORD-003415,PROD-00017,1,149,17,132,delivered,none,0
OI-005381,ORD-003416,PROD-00102,1,1599,0,1599,delivered,none,0
OI-005382,ORD-003417,PROD-00265,1,9999,1199,8800,delivered,none,0
OI-005383,ORD-003418,PROD-00174,1,7699,0,7699,delivered,rejected,0
OI-005384,ORD-003419,PROD-00110,1,33999,3399,30600,delivered,none,0
OI-005385,ORD-003420,PROD-00002,1,3299,0,3299,delivered,none,0
OI-005386,ORD-003420,PROD-00007,1,169,0,169,delivered,none,0
OI-005387,ORD-003420,PROD-00149,1,25999,0,25999,delivered,none,0
OI-005388,ORD-003421,PROD-00148,1,75999,0,75999,delivered,none,0
OI-005389,ORD-003421,PROD-00174,1,7899,0,7899,delivered,none,0
OI-005390,ORD-003421,PROD-00032,1,149,0,149,delivered,none,0
OI-005391,ORD-003422,PROD-00174,1,7699,769,6930,cancelled,none,8177
OI-005392,ORD-003423,PROD-00257,1,7099,0,7099,delivered,none,0
OI-005393,ORD-003423,PROD-00248,1,4399,0,4399,delivered,none,0
OI-005394,ORD-003424,PROD-00080,1,4499,0,4499,delivered,none,0
OI-005395,ORD-003425,PROD-00118,1,579,46,533,delivered,none,0
OI-005396,ORD-003425,PROD-00174,1,7299,583,6716,delivered,none,0
OI-005397,ORD-003426,PROD-00269,1,2299,0,2299,delivered,none,0
OI-005398,ORD-003426,PROD-00270,1,749,0,749,delivered,none,0
OI-005399,ORD-003427,PROD-00269,1,2499,299,2200,delivered,none,0
OI-005400,ORD-003427,PROD-00072,1,6999,839,6160,delivered,none,0
OI-005401,ORD-003428,PROD-00209,1,19499,974,18525,delivered,none,0
OI-005402,ORD-003428,PROD-00028,1,4799,239,4560,delivered,none,0
OI-005403,ORD-003428,PROD-00269,1,2599,129,2470,delivered,none,0
OI-005404,ORD-003429,PROD-00251,1,8799,0,8799,delivered,none,0
OI-005405,ORD-003430,PROD-00054,1,7799,0,7799,delivered,none,0
OI-005406,ORD-003431,PROD-00130,1,12499,0,12499,delivered,none,0
OI-005407,ORD-003432,PROD-00003,1,1399,111,1288,delivered,none,0
OI-005408,ORD-003433,PROD-00264,1,22999,0,22999,delivered,none,0
OI-005409,ORD-003434,PROD-00217,1,12499,999,11500,delivered,none,0
OI-005410,ORD-003434,PROD-00248,1,4799,383,4416,delivered,none,0
OI-005411,ORD-003435,PROD-00174,1,7699,0,7699,delivered,none,0
OI-005412,ORD-003436,PROD-00031,1,239,19,220,delivered,none,0
OI-005413,ORD-003437,PROD-00017,2,149,0,298,delivered,none,0
OI-005414,ORD-003438,PROD-00052,1,5899,0,5899,cancelled,none,0
OI-005415,ORD-003439,PROD-00131,1,6099,0,6099,delivered,none,0
OI-005416,ORD-003439,PROD-00062,1,499,0,499,delivered,none,0
OI-005417,ORD-003439,PROD-00061,1,4299,0,4299,delivered,none,0
OI-005418,ORD-003440,PROD-00072,1,6799,679,6120,delivered,none,0
OI-005419,ORD-003440,PROD-00025,1,769,76,693,delivered,none,0
OI-005420,ORD-003441,PROD-00065,1,3399,0,3399,delivered,none,0
OI-005421,ORD-003442,PROD-00174,1,7699,769,6930,delivered,none,0
OI-005422,ORD-003443,PROD-00161,1,6599,659,5940,delivered,none,0
OI-005423,ORD-003443,PROD-00168,1,709,70,639,delivered,none,0
OI-005424,ORD-003444,PROD-00080,1,4499,0,4499,delivered,none,0
OI-005425,ORD-003444,PROD-00017,3,149,0,447,delivered,none,0
OI-005426,ORD-003445,PROD-00177,1,27999,0,27999,delivered,none,0
OI-005427,ORD-003446,PROD-00075,1,68499,0,68499,delivered,none,0
OI-005428,ORD-003446,PROD-00002,1,3199,0,3199,delivered,none,0
OI-005429,ORD-003446,PROD-00132,1,649,0,649,delivered,none,0
OI-005430,ORD-003446,PROD-00068,1,13999,0,13999,delivered,none,0
OI-005431,ORD-003447,PROD-00010,1,5999,719,5280,delivered,none,0
OI-005432,ORD-003448,PROD-00017,3,149,0,447,delivered,none,0
OI-005433,ORD-003449,PROD-00161,1,6299,0,6299,delivered,none,0
OI-005434,ORD-003450,PROD-00174,1,7099,709,6390,delivered,none,0
OI-005435,ORD-003450,PROD-00007,1,169,16,153,delivered,none,0
OI-005436,ORD-003450,PROD-00032,2,149,29,269,delivered,none,0
OI-005437,ORD-003451,PROD-00059,2,519,124,914,delivered,none,0
OI-005438,ORD-003452,PROD-00006,1,149,0,149,delivered,none,0
OI-005439,ORD-003453,PROD-00021,1,4099,409,3690,delivered,none,0
OI-005440,ORD-003454,PROD-00174,1,7099,0,7099,delivered,none,0
OI-005441,ORD-003455,PROD-00174,1,7699,0,7699,delivered,none,0
OI-005442,ORD-003455,PROD-00020,1,149,0,149,delivered,none,0
OI-005443,ORD-003456,PROD-00174,1,7099,0,7099,delivered,none,0
OI-005444,ORD-003457,PROD-00259,1,8699,0,8699,delivered,none,0
OI-005445,ORD-003458,PROD-00007,1,169,16,153,delivered,none,0
OI-005446,ORD-003458,PROD-00013,1,5199,519,4680,delivered,none,0
OI-005447,ORD-003459,PROD-00127,1,3499,0,3499,delivered,none,0
OI-005448,ORD-003460,PROD-00277,1,1099,109,990,delivered,none,0
OI-005449,ORD-003460,PROD-00005,1,5499,549,4950,delivered,none,0
OI-005450,ORD-003461,PROD-00111,1,919,91,828,delivered,none,0
OI-005451,ORD-003462,PROD-00029,1,149,0,149,delivered,none,0
OI-005452,ORD-003462,PROD-00168,2,709,0,1418,delivered,none,0
OI-005453,ORD-003463,PROD-00161,1,6299,0,6299,delivered,none,0
OI-005454,ORD-003464,PROD-00029,1,149,7,142,delivered,none,0
OI-005455,ORD-003465,PROD-00017,2,149,29,269,delivered,none,0
OI-005456,ORD-003466,PROD-00047,1,105499,0,105499,delivered,none,0
OI-005457,ORD-003467,PROD-00013,1,4999,0,4999,delivered,none,0
OI-005458,ORD-003468,PROD-00269,1,2299,0,2299,delivered,none,0
OI-005459,ORD-003469,PROD-00033,1,6399,0,6399,delivered,rejected,0
OI-005460,ORD-003470,PROD-00255,1,1499,0,1499,cancelled,none,1769
OI-005461,ORD-003471,PROD-00111,1,999,0,999,delivered,none,0
OI-005462,ORD-003472,PROD-00029,3,149,22,425,delivered,none,0
OI-005463,ORD-003473,PROD-00010,1,5999,599,5400,delivered,none,0
OI-005464,ORD-003474,PROD-00025,2,699,167,1231,delivered,none,0
OI-005465,ORD-003475,PROD-00127,1,3299,164,3135,delivered,none,0
OI-005466,ORD-003475,PROD-00006,1,149,7,142,delivered,none,0
OI-005467,ORD-003476,PROD-00174,1,7699,384,7315,delivered,none,0
OI-005468,ORD-003477,PROD-00027,3,149,53,394,delivered,none,0
OI-005469,ORD-003477,PROD-00025,1,739,88,651,delivered,none,0
OI-005470,ORD-003477,PROD-00012,2,149,35,263,delivered,none,0
OI-005471,ORD-003478,PROD-00101,1,3299,263,3036,delivered,none,0
OI-005472,ORD-003478,PROD-00279,1,20499,1639,18860,delivered,none,0
OI-005473,ORD-003478,PROD-00166,1,5699,455,5244,delivered,none,0
OI-005474,ORD-003478,PROD-00127,1,3199,255,2944,delivered,none,0
OI-005475,ORD-003479,PROD-00238,1,30999,0,30999,delivered,none,0
OI-005476,ORD-003480,PROD-00065,1,3599,179,3420,delivered,none,0
OI-005477,ORD-003480,PROD-00024,1,1199,59,1140,delivered,none,0
OI-005478,ORD-003481,PROD-00029,1,149,14,135,delivered,none,0
OI-005479,ORD-003482,PROD-00072,1,6799,679,6120,delivered,none,0
OI-005480,ORD-003482,PROD-00174,1,7699,769,6930,delivered,none,0
OI-005481,ORD-003483,PROD-00134,1,15499,0,15499,delivered,none,0
OI-005482,ORD-003483,PROD-00127,1,3199,0,3199,delivered,none,0
OI-005483,ORD-003484,PROD-00165,1,3899,389,3510,delivered,none,0
OI-005484,ORD-003485,PROD-00088,1,22499,2249,20250,delivered,rejected,0
OI-005485,ORD-003485,PROD-00121,1,5199,519,4680,returned,refunded,5522
OI-005486,ORD-003486,PROD-00128,1,949,0,949,delivered,none,0
OI-005487,ORD-003487,PROD-00204,1,28499,0,28499,delivered,none,0
OI-005488,ORD-003488,PROD-00029,1,149,11,138,delivered,none,0
OI-005489,ORD-003489,PROD-00164,1,5599,0,5599,delivered,none,0
OI-005490,ORD-003490,PROD-00225,1,18999,2279,16720,delivered,none,0
OI-005491,ORD-003490,PROD-00161,1,6899,827,6072,delivered,none,0
OI-005492,ORD-003490,PROD-00061,1,4499,539,3960,delivered,none,0
OI-005493,ORD-003491,PROD-00132,3,649,194,1753,delivered,none,0
OI-005494,ORD-003492,PROD-00025,1,779,77,702,returned,refunded,828
OI-005495,ORD-003492,PROD-00271,1,12999,1299,11700,delivered,rejected,0
OI-005496,ORD-003492,PROD-00028,1,4999,499,4500,returned,refunded,5310
OI-005497,ORD-003493,PROD-00132,1,649,77,572,delivered,rejected,0
OI-005498,ORD-003494,PROD-00080,1,4499,0,4499,delivered,none,0
OI-005499,ORD-003495,PROD-00283,1,18499,1849,16650,delivered,none,0
OI-005500,ORD-003496,PROD-00156,1,77499,0,77499,cancelled,none,91449
OI-005501,ORD-003496,PROD-00017,1,149,0,149,cancelled,none,176
OI-005502,ORD-003496,PROD-00022,1,1399,0,1399,cancelled,none,1651
OI-005503,ORD-003497,PROD-00032,1,149,17,132,delivered,none,0
OI-005504,ORD-003498,PROD-00008,1,4299,343,3956,delivered,none,0
OI-005505,ORD-003499,PROD-00013,1,4699,375,4324,delivered,none,0
OI-005506,ORD-003499,PROD-00121,1,5099,407,4692,delivered,none,0
OI-005507,ORD-003500,PROD-00050,1,889,0,889,delivered,none,0
OI-005508,ORD-003500,PROD-00072,1,6799,0,6799,delivered,none,0
OI-005509,ORD-003501,PROD-00017,2,149,14,284,returned,refunded,335
OI-005510,ORD-003502,PROD-00262,1,11999,0,11999,delivered,none,0
OI-005511,ORD-003503,PROD-00269,1,2499,0,2499,cancelled,none,0
OI-005512,ORD-003503,PROD-00105,1,35999,0,35999,cancelled,none,0
OI-005513,ORD-003504,PROD-00077,1,37999,4559,33440,delivered,none,0
OI-005514,ORD-003504,PROD-00056,1,3699,443,3256,delivered,none,0
OI-005515,ORD-003504,PROD-00029,1,139,16,123,delivered,none,0
OI-005516,ORD-003505,PROD-00029,2,149,0,298,delivered,none,0
OI-005517,ORD-003505,PROD-00269,1,2599,0,2599,delivered,none,0
OI-005518,ORD-003506,PROD-00072,1,6999,559,6440,delivered,none,0
OI-005519,ORD-003506,PROD-00159,1,1999,159,1840,delivered,none,0
OI-005520,ORD-003507,PROD-00008,1,4099,327,3772,delivered,none,0
OI-005521,ORD-003508,PROD-00080,1,4499,224,4275,delivered,none,0
OI-005522,ORD-003509,PROD-00248,1,4599,229,4370,delivered,none,0
OI-005523,ORD-003510,PROD-00033,1,6399,319,6080,delivered,none,0
OI-005524,ORD-003510,PROD-00174,1,7899,394,7505,delivered,none,0
OI-005525,ORD-003511,PROD-00174,1,7699,769,6930,delivered,none,0
OI-005526,ORD-003512,PROD-00174,1,7699,615,7084,delivered,none,0
OI-005527,ORD-003513,PROD-00069,1,1399,0,1399,delivered,none,0
OI-005528,ORD-003514,PROD-00123,1,14499,0,14499,delivered,none,0
OI-005529,ORD-003514,PROD-00059,1,469,0,469,delivered,none,0
OI-005530,ORD-003515,PROD-00168,1,649,51,598,delivered,none,0
OI-005531,ORD-003516,PROD-00174,1,7699,0,7699,delivered,none,0
OI-005532,ORD-003517,PROD-00159,2,1999,479,3519,delivered,none,0
OI-005533,ORD-003518,PROD-00149,1,27999,1399,26600,delivered,none,0
OI-005534,ORD-003519,PROD-00099,1,999,0,999,delivered,none,0
OI-005535,ORD-003520,PROD-00032,1,139,0,139,delivered,none,0
OI-005536,ORD-003521,PROD-00275,1,36499,0,36499,delivered,none,0
OI-005537,ORD-003522,PROD-00217,1,11499,0,11499,delivered,none,0
OI-005538,ORD-003523,PROD-00029,1,149,11,138,delivered,none,0
OI-005539,ORD-003524,PROD-00132,1,649,51,598,delivered,none,0
OI-005540,ORD-003525,PROD-00017,1,149,0,149,delivered,none,0
OI-005541,ORD-003525,PROD-00029,1,149,0,149,delivered,none,0
OI-005542,ORD-003525,PROD-00092,1,739,0,739,delivered,none,0
OI-005543,ORD-003526,PROD-00008,1,4299,0,4299,cancelled,none,5073
OI-005544,ORD-003527,PROD-00270,1,699,0,699,delivered,none,0
OI-005545,ORD-003527,PROD-00072,1,6799,0,6799,delivered,none,0
OI-005546,ORD-003528,PROD-00013,1,4999,249,4750,delivered,none,0
OI-005547,ORD-003529,PROD-00061,1,4299,515,3784,delivered,none,0
OI-005548,ORD-003530,PROD-00099,1,999,0,999,shipped,none,0
OI-005549,ORD-003531,PROD-00017,1,149,0,149,delivered,none,0
OI-005550,ORD-003532,PROD-00133,1,499,0,499,delivered,none,0
OI-005551,ORD-003533,PROD-00120,1,6499,0,6499,delivered,none,0
OI-005552,ORD-003534,PROD-00174,1,7099,567,6532,delivered,none,0
OI-005553,ORD-003535,PROD-00161,1,6899,0,6899,delivered,none,0
OI-005554,ORD-003535,PROD-00227,1,51999,0,51999,delivered,none,0
OI-005555,ORD-003536,PROD-00111,1,1099,0,1099,delivered,none,0
OI-005556,ORD-003537,PROD-00029,1,149,0,149,cancelled,none,0
OI-005557,ORD-003538,PROD-00025,3,679,203,1834,delivered,none,0
OI-005558,ORD-003539,PROD-00052,1,5899,0,5899,delivered,none,0
OI-005559,ORD-003540,PROD-00013,1,4999,499,4500,delivered,none,0
OI-005560,ORD-003541,PROD-00174,1,7699,0,7699,delivered,none,0
OI-005561,ORD-003542,PROD-00085,1,59999,5999,54000,cancelled,none,63720
OI-005562,ORD-003542,PROD-00174,1,7899,789,7110,cancelled,none,8390
OI-005563,ORD-003543,PROD-00161,1,6899,827,6072,delivered,none,0
OI-005564,ORD-003543,PROD-00032,1,149,17,132,returned,refunded,156
OI-005565,ORD-003544,PROD-00025,1,699,34,665,delivered,none,0
OI-005566,ORD-003544,PROD-00029,3,149,22,425,delivered,none,0
OI-005567,ORD-003545,PROD-00168,1,669,0,669,delivered,none,0
OI-005568,ORD-003545,PROD-00174,1,7099,0,7099,delivered,none,0
OI-005569,ORD-003545,PROD-00002,2,3199,0,6398,delivered,none,0
OI-005570,ORD-003546,PROD-00164,1,5199,0,5199,delivered,none,0
OI-005571,ORD-003547,PROD-00069,1,1499,0,1499,delivered,none,0
OI-005572,ORD-003547,PROD-00264,1,21999,0,21999,delivered,none,0
OI-005573,ORD-003548,PROD-00174,1,7699,0,7699,delivered,none,0
OI-005574,ORD-003549,PROD-00127,1,2999,0,2999,delivered,none,0
OI-005575,ORD-003550,PROD-00069,2,1399,0,2798,delivered,none,0
OI-005576,ORD-003550,PROD-00268,1,46999,0,46999,delivered,none,0
OI-005577,ORD-003551,PROD-00176,1,7099,0,7099,delivered,none,0
OI-005578,ORD-003552,PROD-00063,1,8499,0,8499,delivered,none,0
OI-005579,ORD-003553,PROD-00269,1,2299,0,2299,delivered,none,0
OI-005580,ORD-003553,PROD-00174,1,7699,0,7699,delivered,none,0
OI-005581,ORD-003553,PROD-00074,1,36999,0,36999,delivered,none,0
OI-005582,ORD-003554,PROD-00171,1,6699,0,6699,delivered,none,0
OI-005583,ORD-003555,PROD-00020,1,149,17,132,delivered,none,0
OI-005584,ORD-003556,PROD-00251,1,8499,0,8499,delivered,none,0
OI-005585,ORD-003557,PROD-00270,1,639,31,608,delivered,none,0
OI-005586,ORD-003558,PROD-00258,1,2099,104,1995,delivered,none,0
OI-005587,ORD-003559,PROD-00029,1,149,0,149,delivered,none,0
OI-005588,ORD-003560,PROD-00111,1,999,99,900,delivered,none,0
OI-005589,ORD-003561,PROD-00025,1,679,0,679,delivered,none,0
OI-005590,ORD-003561,PROD-00017,1,149,0,149,delivered,none,0
OI-005591,ORD-003562,PROD-00064,1,1699,0,1699,delivered,none,0
OI-005592,ORD-003563,PROD-00032,1,139,16,123,delivered,none,0
OI-005593,ORD-003564,PROD-00080,1,4099,0,4099,returned,refunded,4837
OI-005594,ORD-003565,PROD-00029,1,149,0,149,delivered,none,0
OI-005595,ORD-003565,PROD-00014,1,959,0,959,delivered,none,0
OI-005596,ORD-003566,PROD-00032,1,149,7,142,delivered,none,0
OI-005597,ORD-003567,PROD-00127,1,3199,0,3199,delivered,none,0
OI-005598,ORD-003568,PROD-00161,1,6899,0,6899,cancelled,none,0
OI-005599,ORD-003569,PROD-00243,1,140499,11239,129260,delivered,none,0
OI-005600,ORD-003570,PROD-00174,1,7699,923,6776,cancelled,none,0
OI-005601,ORD-003571,PROD-00270,1,699,69,630,delivered,none,0
OI-005602,ORD-003572,PROD-00068,1,13499,0,13499,delivered,none,0
OI-005603,ORD-003573,PROD-00017,2,149,29,269,delivered,none,0
OI-005604,ORD-003574,PROD-00072,1,7299,364,6935,delivered,none,0
OI-005605,ORD-003574,PROD-00251,1,8499,424,8075,returned,refunded,9529
OI-005606,ORD-003574,PROD-00169,1,2799,139,2660,delivered,none,0
OI-005607,ORD-003575,PROD-00270,1,729,58,671,delivered,none,0
OI-005608,ORD-003576,PROD-00169,2,2799,0,5598,delivered,none,0
OI-005609,ORD-003576,PROD-00178,1,50999,0,50999,delivered,none,0
OI-005610,ORD-003576,PROD-00020,1,149,0,149,delivered,none,0
OI-005611,ORD-003577,PROD-00172,1,1099,131,968,cancelled,none,0
OI-005612,ORD-003578,PROD-00053,1,6299,0,6299,delivered,none,0
OI-005613,ORD-003578,PROD-00025,2,739,0,1478,delivered,none,0
OI-005614,ORD-003578,PROD-00026,1,4399,0,4399,delivered,none,0
OI-005615,ORD-003579,PROD-00065,1,3399,0,3399,delivered,none,0
OI-005616,ORD-003580,PROD-00114,1,999,0,999,delivered,none,0
OI-005617,ORD-003581,PROD-00227,1,51999,4159,47840,delivered,rejected,0
OI-005618,ORD-003581,PROD-00256,1,15499,1239,14260,returned,refunded,16827
OI-005619,ORD-003582,PROD-00174,1,7099,0,7099,delivered,none,0
OI-005620,ORD-003583,PROD-00018,1,299,0,299,delivered,none,0
OI-005621,ORD-003584,PROD-00219,1,64999,5199,59800,delivered,none,0
OI-005622,ORD-003585,PROD-00022,1,1399,0,1399,delivered,none,0
OI-005623,ORD-003586,PROD-00014,1,959,0,959,delivered,none,0
OI-005624,ORD-003586,PROD-00174,1,7699,0,7699,delivered,none,0
OI-005625,ORD-003587,PROD-00095,1,15499,0,15499,cancelled,none,0
OI-005626,ORD-003588,PROD-00127,1,2999,0,2999,delivered,none,0
OI-005627,ORD-003588,PROD-00241,1,24999,0,24999,delivered,none,0
OI-005628,ORD-003589,PROD-00269,1,2499,199,2300,cancelled,none,0
OI-005629,ORD-003589,PROD-00025,1,739,59,680,cancelled,none,0
OI-005630,ORD-003590,PROD-00259,1,8699,1043,7656,delivered,none,0
OI-005631,ORD-003590,PROD-00072,2,6299,1511,11087,delivered,none,0
OI-005632,ORD-003590,PROD-00239,1,72499,8699,63800,delivered,none,0
OI-005633,ORD-003590,PROD-00012,2,149,35,263,delivered,none,0
OI-005634,ORD-003591,PROD-00020,1,139,6,133,cancelled,none,0
OI-005635,ORD-003592,PROD-00201,1,16499,0,16499,delivered,none,0
OI-005636,ORD-003593,PROD-00130,1,12999,1559,11440,delivered,none,0
OI-005637,ORD-003594,PROD-00264,1,22999,0,22999,delivered,none,0
OI-005638,ORD-003594,PROD-00017,1,149,0,149,delivered,none,0
OI-005639,ORD-003594,PROD-00111,1,949,0,949,delivered,none,0
OI-005640,ORD-003594,PROD-00167,1,2499,0,2499,delivered,none,0
OI-005641,ORD-003595,PROD-00026,1,4599,0,4599,cancelled,none,5427
OI-005642,ORD-003596,PROD-00168,2,709,0,1418,delivered,none,0
OI-005643,ORD-003597,PROD-00127,1,3499,419,3080,delivered,none,0
OI-005644,ORD-003598,PROD-00161,1,6899,551,6348,delivered,none,0
OI-005645,ORD-003598,PROD-00017,1,149,11,138,delivered,none,0
OI-005646,ORD-003599,PROD-00270,1,639,0,639,delivered,none,0
OI-005647,ORD-003599,PROD-00241,1,26499,0,26499,delivered,none,0
OI-005648,ORD-003600,PROD-00020,1,149,0,149,delivered,none,0
OI-005649,ORD-003600,PROD-00017,1,139,0,139,delivered,none,0
OI-005650,ORD-003600,PROD-00161,1,7399,0,7399,delivered,none,0
OI-005651,ORD-003601,PROD-00020,1,149,0,149,delivered,none,0
OI-005652,ORD-003602,PROD-00072,1,7299,729,6570,delivered,none,0
OI-005653,ORD-003602,PROD-00161,1,6899,689,6210,delivered,none,0
OI-005654,ORD-003603,PROD-00270,1,699,0,699,delivered,none,0
OI-005655,ORD-003603,PROD-00024,1,1399,0,1399,delivered,none,0
OI-005656,ORD-003603,PROD-00071,1,3499,0,3499,delivered,none,0
OI-005657,ORD-003603,PROD-00017,1,159,0,159,delivered,none,0
OI-005658,ORD-003603,PROD-00074,1,33499,0,33499,delivered,none,0
OI-005659,ORD-003604,PROD-00164,1,5599,0,5599,delivered,none,0
OI-005660,ORD-003604,PROD-00277,1,1099,0,1099,delivered,none,0
OI-005661,ORD-003605,PROD-00071,1,3499,349,3150,delivered,none,0
OI-005662,ORD-003606,PROD-00069,1,1499,0,1499,delivered,none,0
OI-005663,ORD-003606,PROD-00072,1,7099,0,7099,delivered,none,0
OI-005664,ORD-003607,PROD-00061,1,4099,0,4099,delivered,none,0
OI-005665,ORD-003607,PROD-00161,1,7099,0,7099,delivered,none,0
OI-005666,ORD-003607,PROD-00017,1,149,0,149,delivered,none,0
OI-005667,ORD-003608,PROD-00017,1,159,19,140,delivered,none,0
OI-005668,ORD-003609,PROD-00127,1,3199,0,3199,delivered,none,0
OI-005669,ORD-003610,PROD-00174,1,7699,0,7699,delivered,none,0
OI-005670,ORD-003611,PROD-00245,1,20499,2049,18450,delivered,none,0
OI-005671,ORD-003612,PROD-00174,1,7999,959,7040,delivered,none,0
OI-005672,ORD-003612,PROD-00013,1,4999,599,4400,delivered,none,0
OI-005673,ORD-003612,PROD-00031,1,229,27,202,delivered,none,0
OI-005674,ORD-003613,PROD-00185,1,7099,0,7099,delivered,none,0
OI-005675,ORD-003613,PROD-00017,1,149,0,149,delivered,none,0
OI-005676,ORD-003614,PROD-00018,1,289,0,289,delivered,none,0
OI-005677,ORD-003614,PROD-00022,1,1499,0,1499,delivered,none,0
OI-005678,ORD-003614,PROD-00080,1,4499,0,4499,delivered,none,0
OI-005679,ORD-003615,PROD-00069,1,1499,119,1380,delivered,none,0
OI-005680,ORD-003615,PROD-00032,2,149,23,275,returned,refunded,325
OI-005681,ORD-003616,PROD-00017,2,149,35,263,cancelled,none,310
OI-005682,ORD-003617,PROD-00069,1,1399,0,1399,delivered,none,0
OI-005683,ORD-003618,PROD-00017,1,149,11,138,cancelled,none,163
OI-005684,ORD-003619,PROD-00269,1,2499,124,2375,delivered,none,0
OI-005685,ORD-003620,PROD-00174,1,7699,0,7699,delivered,none,0
OI-005686,ORD-003620,PROD-00011,1,309,0,309,delivered,none,0
OI-005687,ORD-003621,PROD-00052,1,6399,767,5632,delivered,none,0
OI-005688,ORD-003621,PROD-00017,1,139,16,123,delivered,none,0
OI-005689,ORD-003621,PROD-00007,2,159,38,280,delivered,none,0
OI-005690,ORD-003622,PROD-00261,1,21999,1099,20900,returned,refunded,24662
OI-005691,ORD-003622,PROD-00161,1,6899,344,6555,delivered,none,0
OI-005692,ORD-003623,PROD-00270,1,699,0,699,delivered,none,0
OI-005693,ORD-003624,PROD-00017,1,149,0,149,delivered,none,0
OI-005694,ORD-003625,PROD-00161,1,7399,739,6660,delivered,none,0
OI-005695,ORD-003626,PROD-00116,1,30499,1524,28975,delivered,none,0
OI-005696,ORD-003627,PROD-00220,1,23499,1174,22325,delivered,none,0
OI-005697,ORD-003628,PROD-00017,1,149,0,149,delivered,none,0
OI-005698,ORD-003629,PROD-00068,1,13499,0,13499,delivered,none,0
OI-005699,ORD-003630,PROD-00264,1,24999,0,24999,delivered,none,0
OI-005700,ORD-003630,PROD-00134,1,14499,0,14499,delivered,none,0
OI-005701,ORD-003631,PROD-00099,1,949,94,855,delivered,none,0
OI-005702,ORD-003632,PROD-00072,1,6499,779,5720,cancelled,none,0
OI-005703,ORD-003632,PROD-00213,1,9199,1103,8096,cancelled,none,0
OI-005704,ORD-003632,PROD-00265,1,10499,1259,9240,cancelled,none,0
OI-005705,ORD-003633,PROD-00063,1,8299,0,8299,delivered,none,0
OI-005706,ORD-003633,PROD-00013,1,4999,0,4999,returned,refunded,5899
OI-005707,ORD-003634,PROD-00168,2,649,0,1298,delivered,none,0
OI-005708,ORD-003634,PROD-00155,1,156499,0,156499,delivered,none,0
OI-005709,ORD-003635,PROD-00174,1,7699,0,7699,delivered,none,0
OI-005710,ORD-003636,PROD-00127,1,3199,319,2880,delivered,none,0
OI-005711,ORD-003636,PROD-00033,1,6599,659,5940,delivered,none,0
OI-005712,ORD-003637,PROD-00017,1,149,14,135,delivered,none,0
OI-005713,ORD-003638,PROD-00171,1,6199,495,5704,delivered,none,0
OI-005714,ORD-003638,PROD-00111,1,949,75,874,delivered,none,0
OI-005715,ORD-003638,PROD-00174,1,7699,615,7084,delivered,none,0
OI-005716,ORD-003639,PROD-00114,1,999,79,920,returned,refunded,1086
OI-005717,ORD-003640,PROD-00017,1,149,14,135,delivered,none,0
OI-005718,ORD-003640,PROD-00097,1,1299,129,1170,delivered,none,0
OI-005719,ORD-003641,PROD-00180,1,6499,324,6175,delivered,none,0
OI-005720,ORD-003642,PROD-00080,1,4099,0,4099,delivered,none,0
OI-005721,ORD-003643,PROD-00174,1,7099,0,7099,delivered,none,0
OI-005722,ORD-003644,PROD-00029,1,159,0,159,delivered,none,0
OI-005723,ORD-003644,PROD-00231,1,71499,0,71499,delivered,none,0
OI-005724,ORD-003645,PROD-00231,1,77499,6199,71300,delivered,none,0
OI-005725,ORD-003646,PROD-00174,1,7999,959,7040,delivered,none,0
OI-005726,ORD-003646,PROD-00168,3,729,262,1925,delivered,none,0
OI-005727,ORD-003647,PROD-00072,1,6799,339,6460,delivered,none,0
OI-005728,ORD-003648,PROD-00032,1,149,0,149,delivered,none,0
OI-005729,ORD-003649,PROD-00099,1,999,0,999,delivered,none,0
OI-005730,ORD-003649,PROD-00021,1,3999,0,3999,delivered,none,0
OI-005731,ORD-003650,PROD-00174,1,7999,639,7360,delivered,none,0
OI-005732,ORD-003651,PROD-00218,1,40999,3279,37720,shipped,none,0
OI-005733,ORD-003652,PROD-00132,1,669,0,669,delivered,none,0
OI-005734,ORD-003653,PROD-00017,1,139,0,139,delivered,none,0
OI-005735,ORD-003653,PROD-00213,2,9599,0,19198,delivered,none,0
OI-005736,ORD-003653,PROD-00123,1,15999,0,15999,delivered,none,0
OI-005737,ORD-003653,PROD-00188,1,68999,0,68999,delivered,none,0
OI-005738,ORD-003654,PROD-00264,1,22999,2299,20700,delivered,none,0
OI-005739,ORD-003655,PROD-00097,1,1299,64,1235,delivered,none,0
OI-005740,ORD-003656,PROD-00008,1,4299,429,3870,delivered,none,0
OI-005741,ORD-003657,PROD-00029,1,149,0,149,delivered,none,0
OI-005742,ORD-003657,PROD-00171,2,6999,0,13998,delivered,none,0
OI-005743,ORD-003657,PROD-00174,1,7699,0,7699,delivered,none,0
OI-005744,ORD-003657,PROD-00099,1,949,0,949,delivered,none,0
OI-005745,ORD-003658,PROD-00108,1,8199,0,8199,cancelled,none,0
OI-005746,ORD-003658,PROD-00174,1,7699,0,7699,cancelled,none,0
OI-005747,ORD-003658,PROD-00132,1,649,0,649,cancelled,none,0
OI-005748,ORD-003658,PROD-00026,1,4299,0,4299,cancelled,none,0
OI-005749,ORD-003659,PROD-00052,1,5899,0,5899,delivered,none,0
OI-005750,ORD-003660,PROD-00016,1,1999,239,1760,delivered,none,0
OI-005751,ORD-003660,PROD-00029,1,149,17,132,delivered,none,0
OI-005752,ORD-003661,PROD-00035,1,9599,0,9599,delivered,none,0
OI-005753,ORD-003662,PROD-00013,1,5099,0,5099,delivered,none,0
OI-005754,ORD-003663,PROD-00020,1,149,0,149,delivered,none,0
OI-005755,ORD-003664,PROD-00174,1,7699,923,6776,delivered,none,0
OI-005756,ORD-003665,PROD-00032,1,149,0,149,cancelled,none,0
OI-005757,ORD-003666,PROD-00264,1,22999,0,22999,returned,refunded,27139
OI-005758,ORD-003667,PROD-00238,1,31999,3839,28160,delivered,none,0
OI-005759,ORD-003667,PROD-00020,2,159,38,280,returned,refunded,330
OI-005760,ORD-003667,PROD-00002,1,3199,383,2816,returned,refunded,3323
OI-005761,ORD-003668,PROD-00007,1,169,0,169,delivered,none,0
OI-005762,ORD-003668,PROD-00127,1,3199,0,3199,delivered,none,0
OI-005763,ORD-003668,PROD-00029,1,149,0,149,delivered,none,0
OI-005764,ORD-003669,PROD-00232,1,116999,14039,102960,delivered,none,0
OI-005765,ORD-003670,PROD-00267,1,15499,0,15499,delivered,none,0
OI-005766,ORD-003670,PROD-00029,1,159,0,159,delivered,none,0
OI-005767,ORD-003670,PROD-00052,1,5399,0,5399,delivered,none,0
OI-005768,ORD-003671,PROD-00264,1,22999,1149,21850,delivered,none,0
OI-005769,ORD-003672,PROD-00057,2,2299,0,4598,delivered,none,0
OI-005770,ORD-003673,PROD-00217,1,11499,0,11499,delivered,none,0
OI-005771,ORD-003674,PROD-00246,1,14499,1159,13340,returned,refunded,15741
OI-005772,ORD-003674,PROD-00115,1,1799,143,1656,delivered,none,0
OI-005773,ORD-003675,PROD-00017,3,159,47,430,delivered,none,0
OI-005774,ORD-003675,PROD-00250,1,1799,179,1620,delivered,none,0
OI-005775,ORD-003676,PROD-00078,1,1299,0,1299,delivered,none,0
OI-005776,ORD-003677,PROD-00028,1,4799,239,4560,delivered,none,0
OI-005777,ORD-003677,PROD-00191,1,39999,1999,38000,delivered,none,0
OI-005778,ORD-003678,PROD-00174,1,7699,0,7699,delivered,none,0
OI-005779,ORD-003678,PROD-00277,1,999,0,999,delivered,none,0
OI-005780,ORD-003678,PROD-00010,1,6199,0,6199,delivered,none,0
OI-005781,ORD-003678,PROD-00269,1,2499,0,2499,delivered,none,0
OI-005782,ORD-003679,PROD-00251,1,7799,0,7799,delivered,none,0
OI-005783,ORD-003679,PROD-00163,1,469,0,469,delivered,none,0
OI-005784,ORD-003680,PROD-00105,1,36499,0,36499,delivered,none,0
OI-005785,ORD-003681,PROD-00174,1,7999,0,7999,delivered,none,0
OI-005786,ORD-003681,PROD-00021,1,3799,0,3799,delivered,none,0
OI-005787,ORD-003682,PROD-00166,1,6399,0,6399,delivered,none,0
OI-005788,ORD-003682,PROD-00032,1,149,0,149,delivered,none,0
OI-005789,ORD-003683,PROD-00032,1,149,0,149,cancelled,none,0
OI-005790,ORD-003683,PROD-00168,2,729,0,1458,cancelled,none,0
OI-005791,ORD-003684,PROD-00080,1,4299,0,4299,delivered,none,0
OI-005792,ORD-003684,PROD-00174,1,7699,0,7699,delivered,none,0
OI-005793,ORD-003685,PROD-00028,1,4799,383,4416,delivered,none,0
OI-005794,ORD-003685,PROD-00224,1,129999,10399,119600,delivered,none,0
OI-005795,ORD-003686,PROD-00161,1,6899,827,6072,delivered,none,0
OI-005796,ORD-003686,PROD-00020,1,149,17,132,delivered,none,0
OI-005797,ORD-003686,PROD-00174,1,7699,923,6776,delivered,none,0
OI-005798,ORD-003686,PROD-00024,1,1199,143,1056,delivered,none,0
OI-005799,ORD-003687,PROD-00127,1,3199,159,3040,delivered,none,0
OI-005800,ORD-003688,PROD-00259,2,8699,0,17398,delivered,rejected,0
OI-005801,ORD-003688,PROD-00017,2,149,0,298,returned,refunded,352
OI-005802,ORD-003689,PROD-00057,1,2499,0,2499,cancelled,none,0
OI-005803,ORD-003690,PROD-00029,2,139,33,245,delivered,none,0
OI-005804,ORD-003691,PROD-00020,1,149,0,149,cancelled,none,176
OI-005805,ORD-003691,PROD-00174,1,8299,0,8299,cancelled,none,9793
OI-005806,ORD-003691,PROD-00012,3,149,0,447,cancelled,none,527
OI-005807,ORD-003691,PROD-00161,1,7199,0,7199,cancelled,none,8495
OI-005808,ORD-003692,PROD-00098,1,18999,0,18999,cancelled,none,22419
OI-005809,ORD-003692,PROD-00018,1,289,0,289,cancelled,none,341
OI-005810,ORD-003693,PROD-00029,1,149,17,132,delivered,none,0
OI-005811,ORD-003693,PROD-00013,1,5199,623,4576,delivered,none,0
OI-005812,ORD-003694,PROD-00014,1,959,0,959,delivered,none,0
OI-005813,ORD-003695,PROD-00198,1,739,0,739,delivered,none,0
OI-005814,ORD-003695,PROD-00161,1,6899,0,6899,delivered,none,0
OI-005815,ORD-003695,PROD-00019,1,2899,0,2899,delivered,none,0
OI-005816,ORD-003695,PROD-00209,1,19499,0,19499,delivered,none,0
OI-005817,ORD-003696,PROD-00114,1,999,79,920,delivered,none,0
OI-005818,ORD-003696,PROD-00013,1,5199,415,4784,delivered,none,0
OI-005819,ORD-003697,PROD-00127,1,3199,159,3040,delivered,none,0
OI-005820,ORD-003698,PROD-00264,1,21999,1759,20240,returned,refunded,23883
OI-005821,ORD-003698,PROD-00052,1,5899,471,5428,returned,refunded,6405
OI-005822,ORD-003699,PROD-00164,1,5599,0,5599,delivered,none,0
OI-005823,ORD-003700,PROD-00096,1,8899,0,8899,delivered,none,0
OI-005824,ORD-003701,PROD-00124,1,1599,79,1520,delivered,none,0
OI-005825,ORD-003701,PROD-00054,1,7599,379,7220,delivered,none,0
OI-005826,ORD-003702,PROD-00062,1,459,0,459,delivered,none,0
OI-005827,ORD-003703,PROD-00174,1,7899,0,7899,delivered,none,0
OI-005828,ORD-003704,PROD-00127,1,3199,383,2816,delivered,none,0
OI-005829,ORD-003705,PROD-00032,1,149,7,142,delivered,none,0
OI-005830,ORD-003706,PROD-00239,1,69499,5559,63940,returned,refunded,75449
OI-005831,ORD-003707,PROD-00114,1,999,0,999,delivered,none,0
OI-005832,ORD-003708,PROD-00171,1,6699,803,5896,cancelled,none,0
OI-005833,ORD-003709,PROD-00017,2,139,0,278,delivered,none,0
OI-005834,ORD-003710,PROD-00159,1,1999,159,1840,delivered,none,0
OI-005835,ORD-003710,PROD-00111,1,949,75,874,delivered,none,0
OI-005836,ORD-003710,PROD-00087,1,7699,615,7084,delivered,none,0
OI-005837,ORD-003710,PROD-00016,1,1999,159,1840,delivered,none,0
OI-005838,ORD-003711,PROD-00028,1,4799,479,4320,delivered,none,0
OI-005839,ORD-003712,PROD-00269,1,2499,0,2499,delivered,none,0
OI-005840,ORD-003713,PROD-00010,1,5999,599,5400,delivered,none,0
OI-005841,ORD-003714,PROD-00161,1,7099,0,7099,delivered,none,0
OI-005842,ORD-003714,PROD-00168,1,759,0,759,returned,refunded,896
OI-005843,ORD-003715,PROD-00174,1,7099,567,6532,delivered,none,0
OI-005844,ORD-003715,PROD-00023,1,199,15,184,delivered,none,0
OI-005845,ORD-003716,PROD-00017,1,149,0,149,delivered,none,0
OI-005846,ORD-003717,PROD-00014,1,959,0,959,delivered,none,0
OI-005847,ORD-003718,PROD-00018,1,289,0,289,delivered,none,0
OI-005848,ORD-003718,PROD-00197,1,6699,0,6699,delivered,none,0
OI-005849,ORD-003719,PROD-00174,1,7999,639,7360,delivered,none,0
OI-005850,ORD-003720,PROD-00027,1,149,11,138,delivered,none,0
OI-005851,ORD-003721,PROD-00220,1,23499,1174,22325,returned,refunded,26344
OI-005852,ORD-003722,PROD-00227,1,51999,0,51999,delivered,none,0
OI-005853,ORD-003723,PROD-00051,1,5799,0,5799,delivered,none,0
OI-005854,ORD-003723,PROD-00270,1,699,0,699,delivered,none,0
OI-005855,ORD-003723,PROD-00269,1,2499,0,2499,delivered,none,0
OI-005856,ORD-003724,PROD-00068,1,13999,1679,12320,delivered,none,0
OI-005857,ORD-003725,PROD-00004,2,2199,0,4398,cancelled,none,5190
OI-005858,ORD-003726,PROD-00174,1,7699,615,7084,delivered,none,0
OI-005859,ORD-003727,PROD-00264,1,22999,2759,20240,delivered,none,0
OI-005860,ORD-003727,PROD-00052,1,5899,707,5192,delivered,none,0
OI-005861,ORD-003728,PROD-00244,1,9099,0,9099,delivered,none,0
OI-005862,ORD-003728,PROD-00080,1,4499,0,4499,delivered,none,0
OI-005863,ORD-003729,PROD-00032,1,149,0,149,delivered,none,0
OI-005864,ORD-003729,PROD-00029,1,159,0,159,delivered,none,0
OI-005865,ORD-003729,PROD-00242,1,123499,0,123499,delivered,none,0
OI-005866,ORD-003729,PROD-00021,1,3999,0,3999,delivered,none,0
OI-005867,ORD-003729,PROD-00051,1,6299,0,6299,delivered,none,0
OI-005868,ORD-003730,PROD-00020,1,159,19,140,delivered,none,0
OI-005869,ORD-003731,PROD-00161,1,6899,827,6072,delivered,none,0
OI-005870,ORD-003731,PROD-00092,1,859,103,756,delivered,none,0
OI-005871,ORD-003731,PROD-00061,1,4299,515,3784,delivered,none,0
OI-005872,ORD-003732,PROD-00118,1,579,69,510,delivered,none,0
OI-005873,ORD-003733,PROD-00298,1,22999,0,22999,delivered,none,0
OI-005874,ORD-003734,PROD-00296,1,11499,1379,10120,delivered,none,0
OI-005875,ORD-003734,PROD-00013,1,4699,563,4136,delivered,none,0
OI-005876,ORD-003735,PROD-00081,1,19499,1949,17550,delivered,none,0
OI-005877,ORD-003736,PROD-00150,1,95499,0,95499,delivered,none,0
OI-005878,ORD-003737,PROD-00001,1,5499,0,5499,delivered,none,0
OI-005879,ORD-003737,PROD-00169,1,2799,0,2799,returned,refunded,3303
OI-005880,ORD-003738,PROD-00120,1,6499,519,5980,delivered,none,0
OI-005881,ORD-003738,PROD-00170,1,3199,255,2944,delivered,none,0
OI-005882,ORD-003739,PROD-00127,1,3199,0,3199,delivered,none,0
OI-005883,ORD-003740,PROD-00236,1,44499,0,44499,delivered,none,0
OI-005884,ORD-003740,PROD-00017,1,149,0,149,delivered,none,0
OI-005885,ORD-003741,PROD-00017,2,149,0,298,returned,refunded,352
OI-005886,ORD-003741,PROD-00127,1,3199,0,3199,returned,refunded,3775
OI-005887,ORD-003741,PROD-00268,1,44999,0,44999,delivered,none,0
OI-005888,ORD-003742,PROD-00219,1,64999,0,64999,cancelled,none,76699
OI-005889,ORD-003742,PROD-00050,2,969,0,1938,cancelled,none,2287
OI-005890,ORD-003742,PROD-00109,1,3299,0,3299,cancelled,none,3893
OI-005891,ORD-003743,PROD-00168,1,709,70,639,delivered,rejected,0
OI-005892,ORD-003744,PROD-00161,1,6899,689,6210,delivered,none,0
OI-005893,ORD-003745,PROD-00017,1,149,0,149,delivered,none,0
OI-005894,ORD-003746,PROD-00174,1,7699,615,7084,cancelled,none,8359
OI-005895,ORD-003746,PROD-00224,1,134999,10799,124200,cancelled,none,146556
OI-005896,ORD-003746,PROD-00017,1,149,11,138,cancelled,none,163
OI-005897,ORD-003747,PROD-00161,1,6899,0,6899,delivered,none,0
OI-005898,ORD-003747,PROD-00017,1,149,0,149,delivered,none,0
OI-005899,ORD-003748,PROD-00034,1,149,0,149,cancelled,none,176
OI-005900,ORD-003749,PROD-00012,1,149,7,142,delivered,none,0
OI-005901,ORD-003750,PROD-00063,1,8999,0,8999,delivered,none,0
OI-005902,ORD-003751,PROD-00174,1,7699,0,7699,delivered,rejected,0
OI-005903,ORD-003751,PROD-00232,1,116999,0,116999,returned,refunded,138059
OI-005904,ORD-003751,PROD-00161,1,7199,0,7199,delivered,rejected,0
OI-005905,ORD-003752,PROD-00054,1,7799,389,7410,returned,refunded,8744
OI-005906,ORD-003752,PROD-00066,1,999,49,950,returned,refunded,1121
OI-005907,ORD-003753,PROD-00020,1,139,11,128,delivered,none,0
OI-005908,ORD-003753,PROD-00026,1,4299,343,3956,delivered,none,0
OI-005909,ORD-003754,PROD-00249,1,9299,0,9299,delivered,none,0
OI-005910,ORD-003755,PROD-00004,1,2399,0,2399,delivered,none,0
OI-005911,ORD-003756,PROD-00104,1,12499,0,12499,delivered,none,0
OI-005912,ORD-003756,PROD-00008,1,3999,0,3999,delivered,none,0
OI-005913,ORD-003757,PROD-00111,1,999,0,999,delivered,none,0
OI-005914,ORD-003757,PROD-00161,1,6899,0,6899,delivered,none,0
OI-005915,ORD-003758,PROD-00017,3,139,0,417,delivered,none,0
OI-005916,ORD-003759,PROD-00286,1,26499,3179,23320,delivered,none,0
OI-005917,ORD-003759,PROD-00124,1,1499,179,1320,delivered,none,0
OI-005918,ORD-003760,PROD-00027,1,149,0,149,delivered,none,0
OI-005919,ORD-003761,PROD-00270,1,699,0,699,delivered,none,0
OI-005920,ORD-003762,PROD-00253,2,7099,1419,12779,returned,refunded,15079
OI-005921,ORD-003762,PROD-00066,1,959,95,864,returned,refunded,1020
OI-005922,ORD-003762,PROD-00134,1,14499,1449,13050,delivered,none,0
OI-005923,ORD-003762,PROD-00020,3,149,44,403,returned,refunded,476
OI-005924,ORD-003763,PROD-00171,1,6399,511,5888,delivered,none,0
OI-005925,ORD-003763,PROD-00072,1,7299,583,6716,delivered,none,0
OI-005926,ORD-003763,PROD-00105,1,34999,2799,32200,delivered,none,0
OI-005927,ORD-003764,PROD-00034,1,149,0,149,cancelled,none,176
OI-005928,ORD-003765,PROD-00034,1,149,0,149,delivered,none,0
OI-005929,ORD-003766,PROD-00069,1,1399,0,1399,delivered,none,0
OI-005930,ORD-003766,PROD-00127,1,2999,0,2999,delivered,none,0
OI-005931,ORD-003767,PROD-00174,1,7699,0,7699,delivered,none,0
OI-005932,ORD-003767,PROD-00269,1,2299,0,2299,delivered,none,0
OI-005933,ORD-003768,PROD-00029,1,149,14,135,delivered,none,0
OI-005934,ORD-003769,PROD-00032,1,149,14,135,delivered,none,0
OI-005935,ORD-003770,PROD-00017,1,149,0,149,delivered,none,0
OI-005936,ORD-003770,PROD-00127,1,3199,0,3199,delivered,none,0
OI-005937,ORD-003771,PROD-00014,2,879,0,1758,delivered,none,0
OI-005938,ORD-003772,PROD-00289,1,40499,4049,36450,delivered,rejected,0
OI-005939,ORD-003773,PROD-00052,1,5899,471,5428,delivered,none,0
OI-005940,ORD-003774,PROD-00174,1,7699,384,7315,delivered,none,0
OI-005941,ORD-003775,PROD-00013,1,5299,0,5299,cancelled,none,6253
OI-005942,ORD-003775,PROD-00021,1,3999,0,3999,cancelled,none,4719
OI-005943,ORD-003776,PROD-00112,2,5699,0,11398,delivered,none,0
OI-005944,ORD-003777,PROD-00198,1,719,35,684,delivered,none,0
OI-005945,ORD-003777,PROD-00017,1,139,6,133,delivered,none,0
OI-005946,ORD-003777,PROD-00127,1,3199,159,3040,delivered,none,0
OI-005947,ORD-003778,PROD-00174,1,8299,829,7470,delivered,none,0
OI-005948,ORD-003778,PROD-00241,1,28499,2849,25650,delivered,none,0
OI-005949,ORD-003779,PROD-00168,1,669,66,603,delivered,none,0
OI-005950,ORD-003780,PROD-00025,1,699,55,644,delivered,none,0
OI-005951,ORD-003781,PROD-00269,1,2399,287,2112,delivered,none,0
OI-005952,ORD-003782,PROD-00225,1,19999,0,19999,delivered,none,0
OI-005953,ORD-003783,PROD-00267,1,15499,1239,14260,delivered,none,0
OI-005954,ORD-003783,PROD-00001,1,5399,431,4968,delivered,none,0
OI-005955,ORD-003783,PROD-00111,1,999,79,920,delivered,none,0
OI-005956,ORD-003783,PROD-00266,1,25499,2039,23460,delivered,none,0
OI-005957,ORD-003784,PROD-00109,1,3099,0,3099,delivered,none,0
OI-005958,ORD-003785,PROD-00130,1,12999,1299,11700,delivered,none,0
OI-005959,ORD-003786,PROD-00017,1,149,0,149,delivered,none,0
OI-005960,ORD-003786,PROD-00054,1,7599,0,7599,delivered,none,0
OI-005961,ORD-003786,PROD-00270,1,639,0,639,delivered,none,0
OI-005962,ORD-003786,PROD-00059,1,469,0,469,delivered,none,0
OI-005963,ORD-003787,PROD-00127,1,2899,144,2755,delivered,none,0
OI-005964,ORD-003788,PROD-00290,2,42999,8599,77399,delivered,none,0
OI-005965,ORD-003789,PROD-00123,1,14999,1499,13500,delivered,none,0
OI-005966,ORD-003790,PROD-00127,1,3199,383,2816,delivered,none,0
OI-005967,ORD-003790,PROD-00291,1,9999,1199,8800,delivered,none,0
OI-005968,ORD-003790,PROD-00059,1,499,59,440,delivered,none,0
OI-005969,ORD-003790,PROD-00269,1,2299,275,2024,delivered,none,0
OI-005970,ORD-003791,PROD-00102,1,1399,69,1330,delivered,none,0
OI-005971,ORD-003792,PROD-00127,1,3199,0,3199,delivered,none,0
OI-005972,ORD-003792,PROD-00009,2,2399,0,4798,delivered,none,0
OI-005973,ORD-003792,PROD-00168,2,759,0,1518,delivered,none,0
OI-005974,ORD-003793,PROD-00102,1,1499,0,1499,delivered,none,0
OI-005975,ORD-003794,PROD-00055,1,15499,0,15499,delivered,none,0
OI-005976,ORD-003795,PROD-00013,1,5099,611,4488,delivered,none,0
OI-005977,ORD-003796,PROD-00017,1,149,0,149,delivered,none,0
OI-005978,ORD-003797,PROD-00022,1,1399,69,1330,delivered,none,0
OI-005979,ORD-003798,PROD-00265,1,10499,0,10499,delivered,none,0
OI-005980,ORD-003798,PROD-00174,1,7299,0,7299,delivered,none,0
OI-005981,ORD-003799,PROD-00029,2,159,31,287,delivered,none,0
OI-005982,ORD-003799,PROD-00099,1,999,99,900,delivered,none,0
OI-005983,ORD-003800,PROD-00124,2,1599,0,3198,delivered,none,0
OI-005984,ORD-003800,PROD-00095,1,14999,0,14999,delivered,none,0
OI-005985,ORD-003801,PROD-00057,1,2599,0,2599,delivered,none,0
OI-005986,ORD-003802,PROD-00164,1,5199,415,4784,delivered,none,0
OI-005987,ORD-003802,PROD-00017,1,149,11,138,delivered,none,0
OI-005988,ORD-003802,PROD-00174,1,7699,615,7084,delivered,none,0
OI-005989,ORD-003802,PROD-00270,1,699,55,644,delivered,none,0
OI-005990,ORD-003803,PROD-00259,1,8999,1079,7920,delivered,none,0
OI-005991,ORD-003804,PROD-00209,1,19499,1559,17940,delivered,none,0
OI-005992,ORD-003805,PROD-00032,1,139,0,139,delivered,none,0
OI-005993,ORD-003806,PROD-00127,1,3199,319,2880,delivered,none,0
OI-005994,ORD-003806,PROD-00238,1,33499,3349,30150,delivered,none,0
OI-005995,ORD-003807,PROD-00275,1,39499,0,39499,delivered,none,0
OI-005996,ORD-003808,PROD-00017,1,149,11,138,delivered,none,0
OI-005997,ORD-003809,PROD-00072,1,6499,0,6499,delivered,none,0
OI-005998,ORD-003809,PROD-00025,1,739,0,739,delivered,none,0
OI-005999,ORD-003809,PROD-00277,1,1099,0,1099,delivered,none,0
OI-006000,ORD-003810,PROD-00249,1,8199,655,7544,delivered,none,0
OI-006001,ORD-003810,PROD-00061,1,4399,351,4048,delivered,none,0
OI-006002,ORD-003810,PROD-00264,1,22999,1839,21160,delivered,none,0
OI-006003,ORD-003811,PROD-00098,1,20499,0,20499,delivered,none,0
OI-006004,ORD-003811,PROD-00270,1,699,0,699,delivered,none,0
OI-006005,ORD-003812,PROD-00011,1,329,0,329,delivered,none,0
OI-006006,ORD-003812,PROD-00017,1,139,0,139,delivered,none,0
OI-006007,ORD-003813,PROD-00114,1,919,91,828,delivered,none,0
OI-006008,ORD-003813,PROD-00020,1,139,13,126,delivered,none,0
OI-006009,ORD-003813,PROD-00122,1,2599,259,2340,delivered,none,0
OI-006010,ORD-003813,PROD-00161,1,6899,689,6210,delivered,none,0
OI-006011,ORD-003814,PROD-00009,1,2599,0,2599,delivered,none,0
OI-006012,ORD-003815,PROD-00029,1,149,0,149,delivered,none,0
OI-006013,ORD-003815,PROD-00017,1,149,0,149,delivered,none,0
OI-006014,ORD-003815,PROD-00174,1,7299,0,7299,delivered,none,0
OI-006015,ORD-003816,PROD-00269,1,2599,0,2599,delivered,none,0
OI-006016,ORD-003817,PROD-00005,1,5799,0,5799,delivered,none,0
OI-006017,ORD-003818,PROD-00124,2,1499,0,2998,cancelled,none,3538
OI-006018,ORD-003819,PROD-00161,1,6899,551,6348,delivered,none,0
OI-006019,ORD-003819,PROD-00059,1,499,39,460,delivered,none,0
OI-006020,ORD-003820,PROD-00022,1,1399,0,1399,delivered,none,0
OI-006021,ORD-003821,PROD-00191,1,42999,0,42999,delivered,rejected,0
OI-006022,ORD-003822,PROD-00127,1,3199,0,3199,delivered,none,0
OI-006023,ORD-003822,PROD-00132,1,649,0,649,delivered,none,0
OI-006024,ORD-003822,PROD-00017,1,149,0,149,delivered,none,0
OI-006025,ORD-003822,PROD-00087,1,7499,0,7499,delivered,none,0
OI-006026,ORD-003822,PROD-00196,1,18999,0,18999,delivered,none,0
OI-006027,ORD-003823,PROD-00121,1,4999,399,4600,delivered,none,0
OI-006028,ORD-003824,PROD-00127,1,3299,0,3299,returned,refunded,3893
OI-006029,ORD-003825,PROD-00229,1,140499,0,140499,delivered,none,0
OI-006030,ORD-003825,PROD-00025,1,739,0,739,delivered,none,0
OI-006031,ORD-003826,PROD-00070,2,469,93,845,cancelled,none,997
OI-006032,ORD-003826,PROD-00165,1,3699,369,3330,cancelled,none,3929
OI-006033,ORD-003827,PROD-00104,1,12499,1249,11250,delivered,none,0
OI-006034,ORD-003827,PROD-00127,1,3299,329,2970,delivered,none,0
OI-006035,ORD-003828,PROD-00008,1,4499,0,4499,delivered,none,0
OI-006036,ORD-003829,PROD-00010,1,5499,274,5225,delivered,none,0
OI-006037,ORD-003829,PROD-00161,1,7199,359,6840,delivered,none,0
OI-006038,ORD-003829,PROD-00017,1,149,7,142,delivered,none,0
OI-006039,ORD-003830,PROD-00095,1,14999,0,14999,delivered,none,0
OI-006040,ORD-003830,PROD-00124,1,1599,0,1599,delivered,none,0
OI-006041,ORD-003830,PROD-00070,1,519,0,519,delivered,none,0
OI-006042,ORD-003831,PROD-00026,1,4299,0,4299,delivered,none,0
OI-006043,ORD-003832,PROD-00121,1,4699,0,4699,delivered,none,0
OI-006044,ORD-003833,PROD-00009,1,2699,134,2565,delivered,none,0
OI-006045,ORD-003834,PROD-00101,1,3299,164,3135,delivered,none,0
OI-006046,ORD-003835,PROD-00259,1,9399,0,9399,delivered,none,0
OI-006047,ORD-003835,PROD-00017,1,159,0,159,delivered,none,0
OI-006048,ORD-003836,PROD-00264,1,24999,1999,23000,delivered,none,0
OI-006049,ORD-003837,PROD-00017,2,149,14,284,cancelled,none,0
OI-006050,ORD-003838,PROD-00252,1,14499,0,14499,delivered,none,0
OI-006051,ORD-003839,PROD-00069,1,1299,129,1170,delivered,none,0
OI-006052,ORD-003839,PROD-00010,1,5999,599,5400,delivered,none,0
OI-006053,ORD-003840,PROD-00174,1,7699,384,7315,delivered,none,0
OI-006054,ORD-003840,PROD-00161,1,6899,344,6555,delivered,none,0
OI-006055,ORD-003840,PROD-00018,1,289,14,275,delivered,none,0
OI-006056,ORD-003840,PROD-00080,1,4499,224,4275,delivered,none,0
OI-006057,ORD-003840,PROD-00059,1,499,24,475,delivered,none,0
OI-006058,ORD-003841,PROD-00016,1,1999,239,1760,delivered,none,0
OI-006059,ORD-003842,PROD-00260,1,4599,0,4599,delivered,none,0
OI-006060,ORD-003843,PROD-00174,1,7899,789,7110,delivered,none,0
OI-006061,ORD-003843,PROD-00069,3,1399,419,3778,delivered,none,0
OI-006062,ORD-003844,PROD-00168,2,709,0,1418,delivered,none,0
OI-006063,ORD-003845,PROD-00124,1,1399,0,1399,delivered,none,0
OI-006064,ORD-003846,PROD-00174,1,7999,0,7999,delivered,none,0
OI-006065,ORD-003846,PROD-00080,1,4899,0,4899,delivered,none,0
OI-006066,ORD-003847,PROD-00233,1,71499,5719,65780,delivered,none,0
OI-006067,ORD-003848,PROD-00029,3,149,0,447,delivered,none,0
OI-006068,ORD-003849,PROD-00022,1,1399,167,1232,delivered,none,0
OI-006069,ORD-003849,PROD-00206,1,27499,3299,24200,delivered,none,0
OI-006070,ORD-003850,PROD-00209,1,19999,1599,18400,delivered,none,0
OI-006071,ORD-003850,PROD-00264,1,22999,1839,21160,delivered,none,0
OI-006072,ORD-003850,PROD-00007,1,179,14,165,delivered,none,0
OI-006073,ORD-003851,PROD-00010,1,5999,599,5400,delivered,none,0
OI-006074,ORD-003851,PROD-00269,1,2499,249,2250,returned,refunded,2655
OI-006075,ORD-003852,PROD-00018,1,289,0,289,delivered,none,0
OI-006076,ORD-003853,PROD-00269,1,2699,0,2699,delivered,none,0
OI-006077,ORD-003854,PROD-00068,1,14999,0,14999,delivered,none,0
OI-006078,ORD-003855,PROD-00262,1,11999,959,11040,delivered,none,0
OI-006079,ORD-003856,PROD-00259,1,8999,1079,7920,delivered,none,0
OI-006080,ORD-003857,PROD-00101,1,3299,0,3299,delivered,none,0
OI-006081,ORD-003857,PROD-00157,1,188499,0,188499,delivered,none,0
OI-006082,ORD-003857,PROD-00215,1,76499,0,76499,delivered,none,0
OI-006083,ORD-003858,PROD-00127,1,3199,159,3040,delivered,none,0
OI-006084,ORD-003858,PROD-00278,1,13999,699,13300,delivered,none,0
OI-006085,ORD-003858,PROD-00251,1,8499,424,8075,delivered,none,0
OI-006086,ORD-003859,PROD-00269,1,2299,183,2116,cancelled,none,2497
OI-006087,ORD-003859,PROD-00275,1,36499,2919,33580,cancelled,none,39624
OI-006088,ORD-003859,PROD-00161,1,7199,575,6624,cancelled,none,7816
OI-006089,ORD-003860,PROD-00176,1,7099,0,7099,delivered,none,0
OI-006090,ORD-003860,PROD-00017,1,149,0,149,delivered,none,0
OI-006091,ORD-003861,PROD-00169,1,2999,239,2760,delivered,none,0
OI-006092,ORD-003861,PROD-00166,1,6199,495,5704,delivered,none,0
OI-006093,ORD-003862,PROD-00077,1,37999,0,37999,delivered,none,0
OI-006094,ORD-003863,PROD-00211,1,5299,0,5299,delivered,none,0
OI-006095,ORD-003864,PROD-00014,2,959,0,1918,delivered,none,0
OI-006096,ORD-003865,PROD-00123,1,15999,0,15999,delivered,none,0
OI-006097,ORD-003866,PROD-00223,1,76499,0,76499,delivered,none,0
OI-006098,ORD-003866,PROD-00017,1,149,0,149,delivered,none,0
OI-006099,ORD-003867,PROD-00014,1,989,98,891,delivered,none,0
OI-006100,ORD-003867,PROD-00257,1,7299,729,6570,delivered,none,0
OI-006101,ORD-003868,PROD-00017,2,149,0,298,cancelled,none,0
OI-006102,ORD-003868,PROD-00269,1,2499,0,2499,cancelled,none,0
OI-006103,ORD-003869,PROD-00026,1,4299,0,4299,delivered,none,0
OI-006104,ORD-003870,PROD-00168,1,729,0,729,cancelled,none,0
OI-006105,ORD-003871,PROD-00166,1,6199,743,5456,delivered,none,0
OI-006106,ORD-003871,PROD-00054,1,7599,911,6688,delivered,none,0
OI-006107,ORD-003871,PROD-00115,1,1999,239,1760,delivered,none,0
OI-006108,ORD-003872,PROD-00161,1,6899,0,6899,delivered,none,0
OI-006109,ORD-003872,PROD-00256,1,15499,0,15499,delivered,none,0
OI-006110,ORD-003873,PROD-00168,1,739,0,739,cancelled,none,0
OI-006111,ORD-003874,PROD-00174,1,7099,851,6248,delivered,none,0
OI-006112,ORD-003874,PROD-00127,1,2999,359,2640,returned,refunded,3115
OI-006113,ORD-003875,PROD-00161,1,6899,0,6899,delivered,none,0
OI-006114,ORD-003876,PROD-00102,1,1499,119,1380,delivered,none,0
OI-006115,ORD-003876,PROD-00072,1,6799,543,6256,delivered,none,0
OI-006116,ORD-003877,PROD-00115,1,2099,0,2099,returned,refunded,2477
OI-006117,ORD-003877,PROD-00052,1,5899,0,5899,delivered,none,0
OI-006118,ORD-003878,PROD-00008,1,4299,343,3956,delivered,none,0
OI-006119,ORD-003879,PROD-00127,1,2899,144,2755,delivered,none,0
OI-006120,ORD-003880,PROD-00168,1,759,75,684,delivered,none,0
OI-006121,ORD-003880,PROD-00176,1,7099,709,6390,delivered,none,0
OI-006122,ORD-003881,PROD-00176,1,6499,0,6499,delivered,none,0
OI-006123,ORD-003881,PROD-00032,1,139,0,139,delivered,none,0
OI-006124,ORD-003882,PROD-00170,1,3199,159,3040,delivered,none,0
OI-006125,ORD-003883,PROD-00013,1,4999,399,4600,delivered,none,0
OI-006126,ORD-003884,PROD-00008,1,3999,199,3800,returned,refunded,4484
OI-006127,ORD-003884,PROD-00020,1,149,7,142,returned,refunded,168
OI-006128,ORD-003885,PROD-00068,1,14499,1449,13050,delivered,none,0
OI-006129,ORD-003885,PROD-00071,1,3399,339,3060,delivered,none,0
OI-006130,ORD-003885,PROD-00168,1,709,70,639,delivered,none,0
OI-006131,ORD-003886,PROD-00251,1,8499,679,7820,delivered,none,0
OI-006132,ORD-003887,PROD-00096,1,8899,1067,7832,delivered,none,0
OI-006133,ORD-003887,PROD-00001,1,5199,623,4576,delivered,none,0
OI-006134,ORD-003888,PROD-00118,1,579,0,579,delivered,none,0
OI-006135,ORD-003889,PROD-00120,1,6499,0,6499,delivered,none,0
OI-006136,ORD-003890,PROD-00034,1,149,17,132,delivered,none,0
OI-006137,ORD-003890,PROD-00132,1,619,74,545,delivered,none,0
OI-006138,ORD-003891,PROD-00277,1,999,0,999,returned,refunded,1179
OI-006139,ORD-003891,PROD-00171,1,6999,0,6999,delivered,none,0
OI-006140,ORD-003892,PROD-00251,1,8499,0,8499,delivered,none,0
OI-006141,ORD-003893,PROD-00131,1,5599,279,5320,delivered,none,0
OI-006142,ORD-003894,PROD-00215,1,70499,0,70499,delivered,none,0
OI-006143,ORD-003895,PROD-00084,1,18499,0,18499,delivered,none,0
OI-006144,ORD-003896,PROD-00114,1,999,0,999,delivered,none,0
OI-006145,ORD-003897,PROD-00025,1,739,36,703,delivered,none,0
OI-006146,ORD-003898,PROD-00252,1,14499,1449,13050,delivered,none,0
OI-006147,ORD-003898,PROD-00270,1,729,72,657,delivered,none,0
OI-006148,ORD-003899,PROD-00026,1,4399,0,4399,delivered,none,0
OI-006149,ORD-003900,PROD-00130,1,13499,0,13499,delivered,none,0
OI-006150,ORD-003901,PROD-00127,1,3199,0,3199,delivered,none,0
OI-006151,ORD-003902,PROD-00199,1,1099,0,1099,delivered,none,0
OI-006152,ORD-003903,PROD-00174,1,7999,0,7999,delivered,none,0
OI-006153,ORD-003903,PROD-00029,1,149,0,149,delivered,none,0
OI-006154,ORD-003903,PROD-00269,1,2499,0,2499,delivered,none,0
OI-006155,ORD-003904,PROD-00218,1,41999,0,41999,delivered,none,0
OI-006156,ORD-003904,PROD-00014,2,909,0,1818,delivered,none,0
OI-006157,ORD-003904,PROD-00050,1,979,0,979,delivered,none,0
OI-006158,ORD-003905,PROD-00033,1,6899,689,6210,delivered,none,0
OI-006159,ORD-003906,PROD-00017,1,139,0,139,cancelled,none,164
OI-006160,ORD-003907,PROD-00270,1,639,63,576,delivered,none,0
OI-006161,ORD-003907,PROD-00174,1,7299,729,6570,delivered,none,0
OI-006162,ORD-003908,PROD-00013,1,4699,234,4465,delivered,none,0
OI-006163,ORD-003908,PROD-00131,1,6099,304,5795,delivered,none,0
OI-006164,ORD-003909,PROD-00097,1,1299,0,1299,delivered,none,0
OI-006165,ORD-003910,PROD-00161,1,6899,689,6210,delivered,none,0
OI-006166,ORD-003911,PROD-00003,1,1299,0,1299,delivered,none,0
OI-006167,ORD-003912,PROD-00114,1,999,0,999,delivered,none,0
OI-006168,ORD-003913,PROD-00102,1,1499,0,1499,returned,refunded,1769
OI-006169,ORD-003914,PROD-00215,1,76499,6119,70380,delivered,none,0
OI-006170,ORD-003915,PROD-00052,1,5899,0,5899,delivered,none,0
OI-006171,ORD-003916,PROD-00198,1,779,77,702,delivered,none,0
OI-006172,ORD-003917,PROD-00054,1,7599,0,7599,delivered,none,0
OI-006173,ORD-003918,PROD-00277,1,1099,0,1099,delivered,none,0
OI-006174,ORD-003918,PROD-00127,1,2899,0,2899,delivered,none,0
OI-006175,ORD-003919,PROD-00103,1,13499,1349,12150,delivered,none,0
OI-006176,ORD-003919,PROD-00092,1,759,75,684,delivered,none,0
OI-006177,ORD-003920,PROD-00102,1,1399,0,1399,delivered,none,0
OI-006178,ORD-003921,PROD-00279,1,20999,0,20999,delivered,none,0
OI-006179,ORD-003922,PROD-00174,1,7699,0,7699,delivered,none,0
OI-006180,ORD-003923,PROD-00088,1,20999,1679,19320,delivered,none,0
OI-006181,ORD-003923,PROD-00174,1,7699,615,7084,delivered,none,0
OI-006182,ORD-003924,PROD-00029,1,149,0,149,delivered,none,0
OI-006183,ORD-003925,PROD-00294,1,20499,1639,18860,delivered,none,0
OI-006184,ORD-003925,PROD-00127,1,3199,255,2944,delivered,none,0
OI-006185,ORD-003926,PROD-00020,1,149,0,149,returned,refunded,176
OI-006186,ORD-003926,PROD-00029,2,149,0,298,delivered,rejected,0
OI-006187,ORD-003927,PROD-00161,1,7399,887,6512,delivered,none,0
OI-006188,ORD-003928,PROD-00174,1,7699,769,6930,delivered,none,0
OI-006189,ORD-003928,PROD-00222,1,118499,11849,106650,delivered,none,0
OI-006190,ORD-003928,PROD-00026,1,4299,429,3870,delivered,none,0
OI-006191,ORD-003929,PROD-00017,1,149,14,135,delivered,none,0
OI-006192,ORD-003930,PROD-00029,1,149,0,149,delivered,none,0
OI-006193,ORD-003931,PROD-00029,1,149,14,135,cancelled,none,159
OI-006194,ORD-003931,PROD-00127,1,3199,319,2880,cancelled,none,3398
OI-006195,ORD-003932,PROD-00114,1,919,45,874,delivered,none,0
OI-006196,ORD-003933,PROD-00127,1,2899,0,2899,delivered,none,0
OI-006197,ORD-003933,PROD-00030,1,999,0,999,delivered,none,0
OI-006198,ORD-003933,PROD-00017,1,149,0,149,delivered,none,0
OI-006199,ORD-003934,PROD-00127,1,3199,383,2816,delivered,none,0
OI-006200,ORD-003934,PROD-00068,1,13999,1679,12320,delivered,none,0
OI-006201,ORD-003934,PROD-00269,2,2499,599,4399,delivered,none,0
OI-006202,ORD-003934,PROD-00052,1,5899,707,5192,delivered,none,0
OI-006203,ORD-003935,PROD-00029,1,149,0,149,delivered,none,0
OI-006204,ORD-003936,PROD-00020,1,149,11,138,delivered,none,0
OI-006205,ORD-003937,PROD-00013,1,4999,499,4500,delivered,none,0
OI-006206,ORD-003938,PROD-00003,2,1399,0,2798,returned,refunded,3302
OI-006207,ORD-003939,PROD-00265,1,10499,839,9660,delivered,none,0
OI-006208,ORD-003940,PROD-00269,1,2499,0,2499,delivered,none,0
OI-006209,ORD-003941,PROD-00223,1,78999,0,78999,delivered,none,0
OI-006210,ORD-003942,PROD-00029,1,149,14,135,cancelled,none,159
OI-006211,ORD-003943,PROD-00168,1,709,56,653,delivered,none,0
OI-006212,ORD-003944,PROD-00059,1,509,61,448,delivered,none,0
OI-006213,ORD-003944,PROD-00183,1,28999,3479,25520,delivered,none,0
OI-006214,ORD-003944,PROD-00264,1,23999,2879,21120,delivered,none,0
OI-006215,ORD-003945,PROD-00072,1,7299,729,6570,delivered,none,0
OI-006216,ORD-003945,PROD-00164,1,5599,559,5040,delivered,none,0
OI-006217,ORD-003946,PROD-00101,1,3299,329,2970,delivered,none,0
OI-006218,ORD-003946,PROD-00051,1,6599,659,5940,delivered,none,0
OI-006219,ORD-003947,PROD-00006,1,149,11,138,delivered,none,0
OI-006220,ORD-003948,PROD-00052,1,5899,707,5192,delivered,none,0
OI-006221,ORD-003949,PROD-00111,1,949,0,949,delivered,none,0
OI-006222,ORD-003950,PROD-00278,1,14999,0,14999,delivered,none,0
OI-006223,ORD-003951,PROD-00053,1,5799,0,5799,delivered,none,0
OI-006224,ORD-003952,PROD-00025,1,679,67,612,delivered,none,0
OI-006225,ORD-003953,PROD-00006,1,149,0,149,delivered,none,0
OI-006226,ORD-003953,PROD-00251,1,8799,0,8799,delivered,none,0
OI-006227,ORD-003954,PROD-00166,1,6199,309,5890,delivered,none,0
OI-006228,ORD-003954,PROD-00032,1,139,6,133,delivered,none,0
OI-006229,ORD-003955,PROD-00032,1,149,0,149,delivered,none,0
OI-006230,ORD-003955,PROD-00025,1,739,0,739,delivered,none,0
OI-006231,ORD-003955,PROD-00265,1,10499,0,10499,delivered,none,0
OI-006232,ORD-003956,PROD-00175,1,759,37,722,delivered,none,0
OI-006233,ORD-003956,PROD-00269,1,2399,119,2280,delivered,none,0
OI-006234,ORD-003957,PROD-00026,1,4299,0,4299,delivered,none,0
OI-006235,ORD-003957,PROD-00064,3,1899,0,5697,delivered,none,0
OI-006236,ORD-003958,PROD-00082,1,789,78,711,delivered,none,0
OI-006237,ORD-003959,PROD-00121,1,4599,0,4599,delivered,none,0
OI-006238,ORD-003960,PROD-00063,1,8299,0,8299,delivered,none,0
OI-006239,ORD-003960,PROD-00174,1,7699,0,7699,delivered,none,0
OI-006240,ORD-003960,PROD-00270,1,699,0,699,delivered,none,0
OI-006241,ORD-003960,PROD-00194,1,15999,0,15999,delivered,none,0
OI-006242,ORD-003961,PROD-00111,1,999,99,900,delivered,none,0
OI-006243,ORD-003961,PROD-00174,1,7699,769,6930,delivered,none,0
OI-006244,ORD-003962,PROD-00159,1,1799,0,1799,delivered,none,0
OI-006245,ORD-003963,PROD-00270,1,699,0,699,delivered,none,0
OI-006246,ORD-003964,PROD-00068,1,13999,1399,12600,delivered,none,0
OI-006247,ORD-003964,PROD-00127,1,3199,319,2880,delivered,none,0
OI-006248,ORD-003965,PROD-00017,1,149,0,149,delivered,none,0
OI-006249,ORD-003966,PROD-00252,1,13999,1679,12320,cancelled,none,0
OI-006250,ORD-003967,PROD-00107,1,1799,143,1656,cancelled,none,1954
OI-006251,ORD-003968,PROD-00123,1,16499,0,16499,cancelled,none,19469
OI-006252,ORD-003968,PROD-00242,1,123499,0,123499,cancelled,none,145729
OI-006253,ORD-003968,PROD-00029,1,149,0,149,cancelled,none,176
OI-006254,ORD-003969,PROD-00020,1,139,13,126,delivered,none,0
OI-006255,ORD-003970,PROD-00065,1,3599,287,3312,delivered,none,0
OI-006256,ORD-003971,PROD-00161,2,6599,1055,12143,delivered,none,0
OI-006257,ORD-003972,PROD-00013,1,4999,0,4999,delivered,none,0
OI-006258,ORD-003973,PROD-00269,1,2699,269,2430,cancelled,none,0
OI-006259,ORD-003973,PROD-00270,1,729,72,657,cancelled,none,0
OI-006260,ORD-003974,PROD-00029,1,149,14,135,cancelled,none,0
OI-006261,ORD-003974,PROD-00232,1,116999,11699,105300,cancelled,none,0
OI-006262,ORD-003975,PROD-00072,1,7299,0,7299,cancelled,none,0
OI-006263,ORD-003976,PROD-00212,1,5699,455,5244,delivered,none,0
OI-006264,ORD-003977,PROD-00174,1,7699,0,7699,delivered,none,0
OI-006265,ORD-003977,PROD-00025,1,739,0,739,delivered,none,0
OI-006266,ORD-003977,PROD-00032,3,139,0,417,delivered,none,0
OI-006267,ORD-003978,PROD-00174,1,7699,0,7699,delivered,none,0
OI-006268,ORD-003979,PROD-00020,1,149,0,149,delivered,none,0
OI-006269,ORD-003979,PROD-00204,1,27499,0,27499,delivered,none,0
OI-006270,ORD-003979,PROD-00168,1,709,0,709,delivered,none,0
OI-006271,ORD-003980,PROD-00296,1,11499,0,11499,delivered,none,0
OI-006272,ORD-003980,PROD-00127,1,3299,0,3299,delivered,none,0
OI-006273,ORD-003980,PROD-00029,1,139,0,139,delivered,none,0
OI-006274,ORD-003981,PROD-00057,1,2499,0,2499,delivered,none,0
OI-006275,ORD-003981,PROD-00118,2,579,0,1158,delivered,none,0
OI-006276,ORD-003982,PROD-00030,1,1099,131,968,delivered,none,0
OI-006277,ORD-003983,PROD-00270,1,639,31,608,cancelled,none,0
OI-006278,ORD-003984,PROD-00090,1,8199,409,7790,cancelled,none,9192
OI-006279,ORD-003984,PROD-00098,1,20499,1024,19475,cancelled,none,22981
OI-006280,ORD-003985,PROD-00032,1,149,0,149,delivered,none,0
OI-006281,ORD-003985,PROD-00003,1,1499,0,1499,delivered,none,0
OI-006282,ORD-003985,PROD-00111,1,999,0,999,delivered,none,0
OI-006283,ORD-003986,PROD-00169,1,2799,0,2799,delivered,none,0
OI-006284,ORD-003987,PROD-00032,2,149,0,298,cancelled,none,352
OI-006285,ORD-003988,PROD-00007,1,169,0,169,delivered,none,0
OI-006286,ORD-003988,PROD-00097,1,1299,0,1299,delivered,none,0
OI-006287,ORD-003989,PROD-00017,1,149,11,138,returned,refunded,163
OI-006288,ORD-003990,PROD-00205,1,29999,2399,27600,cancelled,none,32568
OI-006289,ORD-003990,PROD-00217,1,11499,919,10580,cancelled,none,12484
OI-006290,ORD-003991,PROD-00127,1,3299,0,3299,delivered,none,0
OI-006291,ORD-003992,PROD-00127,1,3499,174,3325,delivered,none,0
OI-006292,ORD-003993,PROD-00017,2,139,0,278,delivered,none,0
OI-006293,ORD-003994,PROD-00132,1,669,0,669,delivered,none,0
OI-006294,ORD-003995,PROD-00270,1,699,0,699,delivered,none,0
OI-006295,ORD-003995,PROD-00215,1,76499,0,76499,delivered,none,0
OI-006296,ORD-003996,PROD-00127,1,3199,319,2880,delivered,none,0
OI-006297,ORD-003997,PROD-00069,1,1499,149,1350,delivered,none,0
OI-006298,ORD-003997,PROD-00168,1,669,66,603,delivered,none,0
OI-006299,ORD-003997,PROD-00114,1,999,99,900,delivered,none,0
OI-006300,ORD-003998,PROD-00056,1,3599,0,3599,delivered,none,0
OI-006301,ORD-003999,PROD-00269,1,2399,0,2399,delivered,none,0
OI-006302,ORD-004000,PROD-00025,3,739,266,1951,delivered,none,0
OI-006303,ORD-004000,PROD-00174,1,7699,923,6776,delivered,none,0
OI-006304,ORD-004000,PROD-00179,1,23499,2819,20680,delivered,none,0
OI-006305,ORD-004000,PROD-00069,1,1399,167,1232,delivered,none,0
OI-006306,ORD-004001,PROD-00190,1,11999,0,11999,delivered,none,0
OI-006307,ORD-004001,PROD-00008,1,4299,0,4299,delivered,none,0
OI-006308,ORD-004002,PROD-00230,1,7499,0,7499,delivered,none,0
OI-006309,ORD-004003,PROD-00131,1,5899,294,5605,delivered,none,0
OI-006310,ORD-004004,PROD-00095,1,14999,1199,13800,delivered,none,0
OI-006311,ORD-004004,PROD-00252,1,13999,1119,12880,delivered,none,0
OI-006312,ORD-004005,PROD-00025,2,739,177,1301,delivered,none,0
OI-006313,ORD-004005,PROD-00119,1,9899,1187,8712,returned,refunded,10280
OI-006314,ORD-004006,PROD-00169,1,2799,0,2799,delivered,none,0
OI-006315,ORD-004006,PROD-00052,1,5899,0,5899,delivered,none,0
OI-006316,ORD-004007,PROD-00132,1,699,0,699,delivered,none,0
OI-006317,ORD-004008,PROD-00053,1,5999,0,5999,delivered,none,0
OI-006318,ORD-004009,PROD-00266,1,25499,0,25499,delivered,none,0
OI-006319,ORD-004010,PROD-00118,1,579,28,551,delivered,none,0
OI-006320,ORD-004010,PROD-00131,1,5599,279,5320,delivered,none,0
OI-006321,ORD-004011,PROD-00166,1,5899,589,5310,delivered,none,0
OI-006322,ORD-004012,PROD-00174,1,7299,0,7299,delivered,none,0
OI-006323,ORD-004012,PROD-00071,1,3399,0,3399,delivered,none,0
OI-006324,ORD-004013,PROD-00004,1,2399,119,2280,delivered,none,0
OI-006325,ORD-004013,PROD-00161,1,6899,344,6555,delivered,none,0
OI-006326,ORD-004013,PROD-00030,1,999,49,950,delivered,none,0
OI-006327,ORD-004014,PROD-00132,1,649,0,649,delivered,none,0
OI-006328,ORD-004014,PROD-00114,1,999,0,999,delivered,none,0
OI-006329,ORD-004015,PROD-00178,1,50999,5099,45900,cancelled,none,54162
OI-006330,ORD-004015,PROD-00127,1,3499,349,3150,cancelled,none,3717
OI-006331,ORD-004015,PROD-00161,1,6899,689,6210,cancelled,none,7328
OI-006332,ORD-004015,PROD-00017,1,149,14,135,cancelled,none,159
OI-006333,ORD-004016,PROD-00104,1,12499,999,11500,delivered,rejected,0
OI-006334,ORD-004016,PROD-00114,1,999,79,920,delivered,none,0
OI-006335,ORD-004017,PROD-00174,1,7699,769,6930,delivered,none,0
OI-006336,ORD-004017,PROD-00055,1,14499,1449,13050,delivered,none,0
OI-006337,ORD-004017,PROD-00245,1,19499,1949,17550,delivered,none,0
OI-006338,ORD-004018,PROD-00166,1,6199,0,6199,delivered,rejected,0
OI-006339,ORD-004019,PROD-00233,1,65999,0,65999,delivered,none,0
OI-006340,ORD-004020,PROD-00127,1,3199,159,3040,delivered,none,0
OI-006341,ORD-004020,PROD-00161,1,6599,329,6270,delivered,none,0
OI-006342,ORD-004021,PROD-00029,1,149,0,149,delivered,none,0
OI-006343,ORD-004021,PROD-00069,1,1399,0,1399,delivered,none,0
OI-006344,ORD-004021,PROD-00132,1,649,0,649,delivered,none,0
OI-006345,ORD-004022,PROD-00012,3,149,0,447,delivered,none,0
OI-006346,ORD-004023,PROD-00269,1,2299,275,2024,delivered,none,0
OI-006347,ORD-004023,PROD-00096,1,8199,983,7216,delivered,none,0
OI-006348,ORD-004024,PROD-00023,1,189,0,189,delivered,none,0
OI-006349,ORD-004025,PROD-00269,1,2499,249,2250,delivered,none,0
OI-006350,ORD-004025,PROD-00174,1,7699,769,6930,delivered,none,0
OI-006351,ORD-004026,PROD-00264,1,22999,2759,20240,delivered,none,0
OI-006352,ORD-004027,PROD-00174,1,8299,414,7885,delivered,none,0
OI-006353,ORD-004027,PROD-00252,1,14499,724,13775,delivered,none,0
OI-006354,ORD-004027,PROD-00021,1,3999,199,3800,delivered,none,0
OI-006355,ORD-004027,PROD-00050,1,999,49,950,delivered,none,0
OI-006356,ORD-004028,PROD-00142,1,188999,0,188999,delivered,none,0
OI-006357,ORD-004028,PROD-00174,1,7099,0,7099,delivered,none,0
OI-006358,ORD-004028,PROD-00028,1,4799,0,4799,delivered,none,0
OI-006359,ORD-004029,PROD-00131,1,5899,589,5310,delivered,none,0
OI-006360,ORD-004029,PROD-00070,1,499,49,450,delivered,none,0
OI-006361,ORD-004029,PROD-00050,1,939,93,846,delivered,none,0
OI-006362,ORD-004029,PROD-00130,1,13499,1349,12150,delivered,none,0
OI-006363,ORD-004030,PROD-00061,1,4299,0,4299,returned,refunded,5073
OI-006364,ORD-004030,PROD-00066,1,999,0,999,returned,refunded,1179
OI-006365,ORD-004031,PROD-00020,1,159,7,152,delivered,none,0
OI-006366,ORD-004031,PROD-00017,1,139,6,133,delivered,none,0
OI-006367,ORD-004031,PROD-00033,1,6099,304,5795,delivered,none,0
OI-006368,ORD-004032,PROD-00017,1,149,0,149,delivered,none,0
OI-006369,ORD-004033,PROD-00028,1,4799,575,4224,delivered,none,0
OI-006370,ORD-004034,PROD-00127,1,3299,263,3036,delivered,none,0
OI-006371,ORD-004034,PROD-00174,1,7699,615,7084,delivered,none,0
OI-006372,ORD-004034,PROD-00080,1,4499,359,4140,delivered,none,0
OI-006373,ORD-004034,PROD-00242,1,119499,9559,109940,delivered,none,0
OI-006374,ORD-004035,PROD-00271,1,12499,0,12499,delivered,none,0
OI-006375,ORD-004035,PROD-00168,1,709,0,709,delivered,none,0
OI-006376,ORD-004036,PROD-00294,1,18999,0,18999,returned,refunded,21299
OI-006377,ORD-004036,PROD-00007,1,159,0,159,returned,refunded,188
OI-006378,ORD-004036,PROD-00062,1,499,0,499,returned,refunded,589
OI-006379,ORD-004036,PROD-00033,1,6699,0,6699,delivered,rejected,0
OI-006380,ORD-004036,PROD-00127,1,3299,0,3299,delivered,rejected,0
OI-006381,ORD-004037,PROD-00123,1,15999,1919,14080,delivered,none,0
OI-006382,ORD-004038,PROD-00007,2,169,16,322,delivered,none,0
OI-006383,ORD-004039,PROD-00280,1,10999,879,10120,delivered,none,0
OI-006384,ORD-004040,PROD-00270,1,659,52,607,delivered,none,0
OI-006385,ORD-004040,PROD-00174,1,7699,615,7084,delivered,none,0
OI-006386,ORD-004041,PROD-00168,1,709,56,653,delivered,none,0
OI-006387,ORD-004041,PROD-00174,1,7699,615,7084,delivered,none,0
OI-006388,ORD-004042,PROD-00161,1,6599,0,6599,delivered,none,0
OI-006389,ORD-004043,PROD-00269,1,2499,299,2200,cancelled,none,2596
OI-006390,ORD-004044,PROD-00099,1,999,79,920,returned,refunded,1086
OI-006391,ORD-004045,PROD-00264,1,22999,0,22999,delivered,none,0
OI-006392,ORD-004046,PROD-00017,1,149,0,149,delivered,none,0
OI-006393,ORD-004046,PROD-00174,1,7999,0,7999,delivered,none,0
OI-006394,ORD-004047,PROD-00017,2,149,23,275,delivered,none,0
OI-006395,ORD-004047,PROD-00072,1,6799,543,6256,delivered,none,0
OI-006396,ORD-004048,PROD-00132,1,649,77,572,delivered,none,0
OI-006397,ORD-004049,PROD-00197,1,6699,334,6365,delivered,none,0
OI-006398,ORD-004049,PROD-00033,1,6699,334,6365,delivered,none,0
OI-006399,ORD-004049,PROD-00054,1,7199,359,6840,delivered,none,0
OI-006400,ORD-004049,PROD-00029,3,139,20,397,delivered,none,0
OI-006401,ORD-004050,PROD-00244,1,9799,0,9799,delivered,none,0
OI-006402,ORD-004051,PROD-00281,1,3799,0,3799,delivered,none,0
OI-006403,ORD-004052,PROD-00127,1,3499,0,3499,delivered,none,0
OI-006404,ORD-004052,PROD-00017,1,149,0,149,delivered,none,0
OI-006405,ORD-004052,PROD-00024,1,1199,0,1199,delivered,none,0
OI-006406,ORD-004053,PROD-00197,1,6199,0,6199,delivered,none,0
OI-006407,ORD-004054,PROD-00171,1,6699,0,6699,delivered,none,0
OI-006408,ORD-004054,PROD-00161,1,6899,0,6899,delivered,none,0
OI-006409,ORD-004054,PROD-00069,3,1399,0,4197,delivered,none,0
OI-006410,ORD-004054,PROD-00089,1,21999,0,21999,delivered,none,0
OI-006411,ORD-004055,PROD-00252,1,14499,724,13775,delivered,none,0
OI-006412,ORD-004056,PROD-00169,1,2999,299,2700,delivered,none,0
OI-006413,ORD-004057,PROD-00059,2,499,0,998,delivered,none,0
OI-006414,ORD-004057,PROD-00264,1,20999,0,20999,delivered,none,0
OI-006415,ORD-004057,PROD-00029,2,149,0,298,delivered,none,0
OI-006416,ORD-004057,PROD-00174,1,7699,0,7699,delivered,none,0
OI-006417,ORD-004058,PROD-00168,1,729,0,729,cancelled,none,0
OI-006418,ORD-004059,PROD-00079,1,56499,6779,49720,delivered,none,0
OI-006419,ORD-004059,PROD-00127,1,3199,383,2816,delivered,none,0
OI-006420,ORD-004060,PROD-00279,2,18999,4559,33439,delivered,none,0
OI-006421,ORD-004061,PROD-00132,1,649,0,649,delivered,none,0
OI-006422,ORD-004062,PROD-00056,1,3399,0,3399,delivered,none,0
OI-006423,ORD-004063,PROD-00158,1,101999,0,101999,delivered,none,0
OI-006424,ORD-004064,PROD-00127,1,2899,231,2668,delivered,none,0
OI-006425,ORD-004065,PROD-00171,1,6699,0,6699,delivered,none,0
OI-006426,ORD-004066,PROD-00257,1,7099,0,7099,delivered,none,0
OI-006427,ORD-004066,PROD-00013,1,4999,0,4999,delivered,none,0
OI-006428,ORD-004066,PROD-00005,1,6299,0,6299,delivered,none,0
OI-006429,ORD-004067,PROD-00089,1,20499,2459,18040,delivered,none,0
OI-006430,ORD-004068,PROD-00020,1,149,0,149,delivered,none,0
OI-006431,ORD-004068,PROD-00025,1,739,0,739,delivered,none,0
OI-006432,ORD-004069,PROD-00269,1,2499,299,2200,delivered,none,0
OI-006433,ORD-004070,PROD-00017,1,149,17,132,delivered,none,0
OI-006434,ORD-004071,PROD-00251,1,8499,0,8499,delivered,none,0
OI-006435,ORD-004072,PROD-00057,1,2699,323,2376,returned,refunded,2804
OI-006436,ORD-004072,PROD-00168,1,709,85,624,delivered,none,0
OI-006437,ORD-004073,PROD-00105,1,34999,2799,32200,delivered,none,0
OI-006438,ORD-004073,PROD-00217,1,12499,999,11500,delivered,none,0
OI-006439,ORD-004074,PROD-00269,1,2599,0,2599,delivered,rejected,0
OI-006440,ORD-004074,PROD-00176,1,6699,0,6699,returned,refunded,7905
OI-006441,ORD-004075,PROD-00017,1,139,0,139,delivered,none,0
OI-006442,ORD-004076,PROD-00174,1,7299,729,6570,delivered,none,0
OI-006443,ORD-004077,PROD-00161,1,6599,527,6072,delivered,none,0
OI-006444,ORD-004077,PROD-00029,3,149,35,412,delivered,none,0
OI-006445,ORD-004078,PROD-00174,1,7699,923,6776,cancelled,none,7996
OI-006446,ORD-004078,PROD-00171,1,6699,803,5896,cancelled,none,6957
OI-006447,ORD-004079,PROD-00072,1,6299,0,6299,delivered,none,0
OI-006448,ORD-004079,PROD-00264,1,24999,0,24999,delivered,none,0
OI-006449,ORD-004079,PROD-00195,1,1099,0,1099,delivered,none,0
OI-006450,ORD-004080,PROD-00174,1,7899,0,7899,delivered,none,0
OI-006451,ORD-004081,PROD-00072,1,6499,324,6175,delivered,none,0
OI-006452,ORD-004082,PROD-00174,1,8299,0,8299,delivered,none,0
OI-006453,ORD-004083,PROD-00112,1,5499,0,5499,delivered,none,0
OI-006454,ORD-004084,PROD-00264,1,22999,2759,20240,delivered,none,0
OI-006455,ORD-004084,PROD-00072,1,7299,875,6424,delivered,none,0
OI-006456,ORD-004085,PROD-00216,1,129999,0,129999,delivered,none,0
OI-006457,ORD-004085,PROD-00029,1,149,0,149,delivered,none,0
OI-006458,ORD-004086,PROD-00132,1,649,64,585,delivered,none,0
OI-006459,ORD-004087,PROD-00174,1,7899,631,7268,delivered,none,0
OI-006460,ORD-004088,PROD-00168,1,759,0,759,delivered,none,0
OI-006461,ORD-004089,PROD-00072,1,7299,583,6716,delivered,none,0
OI-006462,ORD-004090,PROD-00127,1,2999,299,2700,delivered,none,0
OI-006463,ORD-004091,PROD-00188,1,74999,0,74999,cancelled,none,88499
OI-006464,ORD-004092,PROD-00009,1,2599,0,2599,delivered,none,0
OI-006465,ORD-004092,PROD-00120,1,6799,0,6799,delivered,none,0
OI-006466,ORD-004092,PROD-00017,1,149,0,149,delivered,none,0
OI-006467,ORD-004092,PROD-00008,1,4099,0,4099,delivered,none,0
OI-006468,ORD-004092,PROD-00174,1,7699,0,7699,delivered,none,0
OI-006469,ORD-004093,PROD-00098,1,20499,0,20499,delivered,none,0
OI-006470,ORD-004093,PROD-00174,1,8299,0,8299,delivered,none,0
OI-006471,ORD-004094,PROD-00142,1,174999,20999,154000,delivered,none,0
OI-006472,ORD-004095,PROD-00248,1,4799,575,4224,delivered,none,0
OI-006473,ORD-004095,PROD-00165,1,3599,431,3168,delivered,none,0
OI-006474,ORD-004096,PROD-00197,1,6899,0,6899,delivered,none,0
OI-006475,ORD-004097,PROD-00080,1,4499,0,4499,returned,refunded,5309
OI-006476,ORD-004098,PROD-00101,2,3299,0,6598,delivered,rejected,0
OI-006477,ORD-004099,PROD-00071,1,3099,0,3099,delivered,none,0
OI-006478,ORD-004100,PROD-00006,1,159,0,159,delivered,none,0
OI-006479,ORD-004100,PROD-00120,1,6499,0,6499,delivered,none,0
OI-006480,ORD-004101,PROD-00052,1,5899,707,5192,delivered,none,0
OI-006481,ORD-004101,PROD-00017,1,149,17,132,delivered,none,0
OI-006482,ORD-004101,PROD-00080,1,4499,539,3960,delivered,none,0
OI-006483,ORD-004102,PROD-00256,1,15499,0,15499,delivered,none,0
OI-006484,ORD-004103,PROD-00018,1,299,14,285,delivered,none,0
OI-006485,ORD-004103,PROD-00076,1,17999,899,17100,delivered,none,0
OI-006486,ORD-004103,PROD-00255,1,1299,64,1235,delivered,none,0
OI-006487,ORD-004104,PROD-00032,1,149,0,149,delivered,none,0
OI-006488,ORD-004105,PROD-00077,1,34999,0,34999,delivered,none,0
OI-006489,ORD-004106,PROD-00130,1,12499,0,12499,delivered,none,0
OI-006490,ORD-004106,PROD-00245,1,19499,0,19499,delivered,none,0
OI-006491,ORD-004107,PROD-00223,1,76499,9179,67320,delivered,none,0
OI-006492,ORD-004108,PROD-00052,1,6399,0,6399,delivered,none,0
OI-006493,ORD-004108,PROD-00166,1,6399,0,6399,delivered,none,0
OI-006494,ORD-004108,PROD-00174,1,7699,0,7699,delivered,none,0
OI-006495,ORD-004109,PROD-00028,1,4799,383,4416,returned,refunded,5211
OI-006496,ORD-004110,PROD-00255,1,1399,0,1399,delivered,rejected,0
OI-006497,ORD-004111,PROD-00031,1,249,29,220,delivered,none,0
OI-006498,ORD-004112,PROD-00174,1,7699,0,7699,delivered,none,0
OI-006499,ORD-004113,PROD-00127,1,3299,0,3299,delivered,none,0
OI-006500,ORD-004114,PROD-00132,1,669,0,669,returned,refunded,789
OI-006501,ORD-004115,PROD-00161,1,7099,709,6390,delivered,none,0
OI-006502,ORD-004116,PROD-00132,1,619,74,545,delivered,none,0
OI-006503,ORD-004116,PROD-00111,1,999,119,880,delivered,none,0
OI-006504,ORD-004116,PROD-00096,1,8499,1019,7480,delivered,none,0
OI-006505,ORD-004117,PROD-00203,1,26999,1349,25650,delivered,none,0
OI-006506,ORD-004117,PROD-00072,1,6299,314,5985,delivered,none,0
OI-006507,ORD-004118,PROD-00176,1,7099,851,6248,delivered,none,0
OI-006508,ORD-004118,PROD-00169,1,2799,335,2464,returned,refunded,2908
OI-006509,ORD-004119,PROD-00275,1,37999,0,37999,delivered,none,0
OI-006510,ORD-004120,PROD-00017,1,149,0,149,delivered,none,0
OI-006511,ORD-004121,PROD-00216,1,123499,6174,117325,returned,refunded,138444
OI-006512,ORD-004122,PROD-00017,1,149,0,149,delivered,none,0
OI-006513,ORD-004123,PROD-00204,1,27499,0,27499,delivered,none,0
OI-006514,ORD-004124,PROD-00175,2,819,0,1638,delivered,none,0
OI-006515,ORD-004124,PROD-00057,1,2599,0,2599,delivered,none,0
OI-006516,ORD-004124,PROD-00052,1,5899,0,5899,delivered,none,0
OI-006517,ORD-004125,PROD-00034,1,159,0,159,delivered,none,0
OI-006518,ORD-004126,PROD-00095,1,14999,0,14999,delivered,none,0
OI-006519,ORD-004127,PROD-00161,1,7399,0,7399,delivered,none,0
OI-006520,ORD-004128,PROD-00116,1,30499,0,30499,delivered,none,0
OI-006521,ORD-004128,PROD-00069,1,1499,0,1499,delivered,none,0
OI-006522,ORD-004128,PROD-00033,1,6099,0,6099,delivered,none,0
OI-006523,ORD-004129,PROD-00034,1,139,6,133,returned,refunded,157
OI-006524,ORD-004129,PROD-00014,3,959,143,2734,delivered,none,0
OI-006525,ORD-004130,PROD-00127,1,2899,347,2552,delivered,none,0
OI-006526,ORD-004131,PROD-00010,1,5999,0,5999,delivered,none,0
OI-006527,ORD-004131,PROD-00052,1,5899,0,5899,delivered,none,0
OI-006528,ORD-004131,PROD-00269,1,2499,0,2499,delivered,none,0
OI-006529,ORD-004132,PROD-00115,1,1999,0,1999,delivered,none,0
OI-006530,ORD-004132,PROD-00002,1,3199,0,3199,delivered,none,0
OI-006531,ORD-004132,PROD-00054,1,7599,0,7599,delivered,none,0
OI-006532,ORD-004133,PROD-00133,1,499,49,450,delivered,none,0
OI-006533,ORD-004133,PROD-00168,2,709,141,1277,delivered,none,0
OI-006534,ORD-004133,PROD-00174,1,7699,769,6930,delivered,none,0
OI-006535,ORD-004133,PROD-00017,1,149,14,135,delivered,none,0
OI-006536,ORD-004133,PROD-00117,1,1899,189,1710,delivered,none,0
OI-006537,ORD-004134,PROD-00263,1,9999,0,9999,delivered,none,0
OI-006538,ORD-004135,PROD-00028,1,4399,0,4399,delivered,none,0
OI-006539,ORD-004135,PROD-00019,1,2899,0,2899,delivered,none,0
OI-006540,ORD-004136,PROD-00227,1,51999,5199,46800,cancelled,none,0
OI-006541,ORD-004136,PROD-00022,1,1399,139,1260,cancelled,none,0
OI-006542,ORD-004137,PROD-00003,1,1399,69,1330,delivered,none,0
OI-006543,ORD-004138,PROD-00021,1,3999,399,3600,delivered,none,0
OI-006544,ORD-004138,PROD-00017,1,149,14,135,delivered,none,0
OI-006545,ORD-004139,PROD-00172,1,1199,0,1199,delivered,none,0
OI-006546,ORD-004140,PROD-00034,1,149,0,149,returned,refunded,176
OI-006547,ORD-004141,PROD-00053,1,5299,423,4876,delivered,none,0
OI-006548,ORD-004142,PROD-00257,1,7699,769,6930,delivered,none,0
OI-006549,ORD-004143,PROD-00026,2,4299,859,7739,delivered,none,0
OI-006550,ORD-004143,PROD-00165,1,3899,389,3510,delivered,none,0
OI-006551,ORD-004144,PROD-00029,1,149,11,138,delivered,none,0
OI-006552,ORD-004145,PROD-00174,1,7099,709,6390,delivered,none,0
OI-006553,ORD-004145,PROD-00251,1,8799,879,7920,delivered,none,0
OI-006554,ORD-004146,PROD-00032,1,149,0,149,delivered,none,0
OI-006555,ORD-004147,PROD-00269,1,2599,129,2470,delivered,none,0
OI-006556,ORD-004147,PROD-00174,1,7699,384,7315,delivered,none,0
OI-006557,ORD-004147,PROD-00017,1,159,7,152,delivered,none,0
OI-006558,ORD-004147,PROD-00266,1,23999,1199,22800,delivered,none,0
OI-006559,ORD-004148,PROD-00003,1,1399,0,1399,delivered,none,0
OI-006560,ORD-004149,PROD-00063,1,8999,899,8100,delivered,none,0
OI-006561,ORD-004150,PROD-00236,1,46499,0,46499,delivered,none,0
OI-006562,ORD-004151,PROD-00161,1,6899,344,6555,delivered,none,0
OI-006563,ORD-004152,PROD-00127,1,3199,319,2880,returned,refunded,3398
OI-006564,ORD-004153,PROD-00025,1,699,55,644,delivered,none,0
OI-006565,ORD-004154,PROD-00017,1,149,11,138,delivered,none,0
OI-006566,ORD-004155,PROD-00132,1,619,49,570,delivered,none,0
OI-006567,ORD-004156,PROD-00018,1,259,20,239,delivered,none,0
OI-006568,ORD-004156,PROD-00168,1,669,53,616,delivered,none,0
OI-006569,ORD-004156,PROD-00206,1,26499,2119,24380,delivered,none,0
OI-006570,ORD-004157,PROD-00069,1,1299,103,1196,delivered,none,0
OI-006571,ORD-004157,PROD-00111,1,999,79,920,delivered,none,0
OI-006572,ORD-004157,PROD-00130,1,13499,1079,12420,delivered,none,0
OI-006573,ORD-004158,PROD-00270,1,699,55,644,cancelled,none,0
OI-006574,ORD-004159,PROD-00168,1,709,0,709,delivered,none,0
OI-006575,ORD-004159,PROD-00013,1,5099,0,5099,delivered,none,0
OI-006576,ORD-004159,PROD-00032,3,159,0,477,delivered,none,0
OI-006577,ORD-004160,PROD-00017,1,139,6,133,delivered,none,0
OI-006578,ORD-004161,PROD-00174,1,7699,923,6776,delivered,none,0
OI-006579,ORD-004162,PROD-00264,1,22999,0,22999,delivered,none,0
OI-006580,ORD-004162,PROD-00127,1,3199,0,3199,delivered,none,0
OI-006581,ORD-004162,PROD-00064,1,1999,0,1999,delivered,none,0
OI-006582,ORD-004162,PROD-00017,2,149,0,298,delivered,none,0
OI-006583,ORD-004162,PROD-00002,1,3199,0,3199,delivered,none,0
OI-006584,ORD-004163,PROD-00024,1,1199,95,1104,delivered,none,0
OI-006585,ORD-004163,PROD-00171,1,6399,511,5888,delivered,none,0
OI-006586,ORD-004163,PROD-00017,1,149,11,138,delivered,none,0
OI-006587,ORD-004164,PROD-00106,1,30499,0,30499,delivered,none,0
OI-006588,ORD-004164,PROD-00168,1,709,0,709,delivered,none,0
OI-006589,ORD-004164,PROD-00269,1,2699,0,2699,delivered,none,0
OI-006590,ORD-004164,PROD-00017,1,139,0,139,delivered,none,0
OI-006591,ORD-004165,PROD-00029,3,149,0,447,delivered,none,0
OI-006592,ORD-004165,PROD-00120,1,6499,0,6499,delivered,none,0
OI-006593,ORD-004166,PROD-00132,1,699,0,699,returned,refunded,825
OI-006594,ORD-004166,PROD-00264,1,22999,0,22999,delivered,none,0
OI-006595,ORD-004166,PROD-00056,1,3699,0,3699,returned,refunded,4365
OI-006596,ORD-004167,PROD-00300,1,9999,0,9999,delivered,none,0
OI-006597,ORD-004168,PROD-00097,1,1299,103,1196,delivered,none,0
OI-006598,ORD-004168,PROD-00066,1,999,79,920,delivered,none,0
OI-006599,ORD-004169,PROD-00017,2,149,0,298,delivered,none,0
OI-006600,ORD-004169,PROD-00271,1,12499,0,12499,delivered,none,0
OI-006601,ORD-004170,PROD-00161,1,6899,0,6899,delivered,none,0
OI-006602,ORD-004170,PROD-00092,1,829,0,829,delivered,none,0
OI-006603,ORD-004170,PROD-00017,1,149,0,149,delivered,none,0
OI-006604,ORD-004171,PROD-00111,1,999,0,999,delivered,none,0
OI-006605,ORD-004171,PROD-00156,1,77499,0,77499,delivered,none,0
OI-006606,ORD-004171,PROD-00032,1,149,0,149,delivered,none,0
OI-006607,ORD-004172,PROD-00174,1,7699,0,7699,delivered,none,0
OI-006608,ORD-004173,PROD-00030,1,1099,109,990,delivered,none,0
OI-006609,ORD-004174,PROD-00014,1,959,95,864,delivered,none,0
OI-006610,ORD-004175,PROD-00020,1,139,6,133,delivered,none,0
OI-006611,ORD-004176,PROD-00124,1,1499,119,1380,returned,refunded,1628
OI-006612,ORD-004177,PROD-00247,1,12999,0,12999,delivered,none,0
OI-006613,ORD-004178,PROD-00256,1,15499,0,15499,delivered,none,0
OI-006614,ORD-004179,PROD-00269,1,2499,124,2375,delivered,none,0
OI-006615,ORD-004179,PROD-00127,1,3299,164,3135,delivered,none,0
OI-006616,ORD-004179,PROD-00016,2,1999,199,3799,delivered,none,0
OI-006617,ORD-004180,PROD-00251,1,8499,0,8499,delivered,none,0
OI-006618,ORD-004181,PROD-00156,1,77499,0,77499,delivered,none,0
OI-006619,ORD-004181,PROD-00175,1,759,0,759,delivered,none,0
OI-006620,ORD-004182,PROD-00161,1,6899,827,6072,delivered,none,0
OI-006621,ORD-004182,PROD-00103,1,13499,1619,11880,delivered,none,0
OI-006622,ORD-004182,PROD-00272,1,21999,2639,19360,delivered,none,0
OI-006623,ORD-004182,PROD-00182,1,58499,7019,51480,delivered,none,0
OI-006624,ORD-004182,PROD-00218,1,42499,5099,37400,delivered,none,0
OI-006625,ORD-004183,PROD-00002,1,3199,319,2880,delivered,none,0
OI-006626,ORD-004183,PROD-00174,1,7699,769,6930,returned,refunded,8177
OI-006627,ORD-004183,PROD-00068,1,13999,1399,12600,delivered,none,0
OI-006628,ORD-004184,PROD-00127,1,3199,383,2816,delivered,none,0
OI-006629,ORD-004185,PROD-00264,1,23999,0,23999,delivered,none,0
OI-006630,ORD-004186,PROD-00080,1,4499,0,4499,delivered,none,0
OI-006631,ORD-004186,PROD-00096,1,8899,0,8899,delivered,none,0
OI-006632,ORD-004186,PROD-00174,1,7699,0,7699,delivered,none,0
OI-006633,ORD-004186,PROD-00176,1,7099,0,7099,delivered,none,0
OI-006634,ORD-004187,PROD-00132,1,649,0,649,returned,refunded,766
OI-006635,ORD-004187,PROD-00061,1,4399,0,4399,returned,refunded,5191
OI-006636,ORD-004188,PROD-00018,1,259,12,247,delivered,none,0
OI-006637,ORD-004188,PROD-00166,1,6199,309,5890,delivered,none,0
OI-006638,ORD-004188,PROD-00112,1,5499,274,5225,delivered,none,0
OI-006639,ORD-004189,PROD-00029,1,149,17,132,delivered,none,0
OI-006640,ORD-004190,PROD-00174,1,7699,0,7699,delivered,none,0
OI-006641,ORD-004190,PROD-00111,1,999,0,999,delivered,none,0
OI-006642,ORD-004190,PROD-00113,1,3499,0,3499,delivered,none,0
OI-006643,ORD-004191,PROD-00017,1,149,7,142,delivered,none,0
OI-006644,ORD-004192,PROD-00270,1,699,0,699,returned,refunded,825
OI-006645,ORD-004193,PROD-00111,1,949,0,949,delivered,none,0
OI-006646,ORD-004193,PROD-00072,1,6799,0,6799,delivered,none,0
OI-006647,ORD-004193,PROD-00172,1,1099,0,1099,delivered,none,0
OI-006648,ORD-004194,PROD-00108,1,7999,0,7999,delivered,none,0
OI-006649,ORD-004195,PROD-00020,2,139,0,278,delivered,none,0
OI-006650,ORD-004195,PROD-00251,1,8799,0,8799,delivered,none,0
OI-006651,ORD-004196,PROD-00300,1,10999,879,10120,delivered,none,0
OI-006652,ORD-004196,PROD-00025,1,769,61,708,delivered,none,0
OI-006653,ORD-004196,PROD-00014,2,989,158,1820,delivered,none,0
OI-006654,ORD-004197,PROD-00089,1,20499,2049,18450,delivered,none,0
OI-006655,ORD-004197,PROD-00171,1,6699,669,6030,delivered,none,0
OI-006656,ORD-004198,PROD-00033,1,6399,0,6399,returned,refunded,7551
OI-006657,ORD-004199,PROD-00127,1,3199,319,2880,delivered,none,0
OI-006658,ORD-004200,PROD-00054,1,7199,0,7199,delivered,none,0
OI-006659,ORD-004201,PROD-00062,1,519,0,519,delivered,none,0
OI-006660,ORD-004202,PROD-00017,1,159,0,159,delivered,none,0
OI-006661,ORD-004202,PROD-00114,1,999,0,999,delivered,none,0
OI-006662,ORD-004203,PROD-00111,1,1099,87,1012,delivered,none,0
OI-006663,ORD-004203,PROD-00174,1,7099,567,6532,delivered,none,0
OI-006664,ORD-004204,PROD-00264,1,22999,0,22999,delivered,none,0
OI-006665,ORD-004205,PROD-00071,1,3499,279,3220,delivered,none,0
OI-006666,ORD-004205,PROD-00205,1,28999,2319,26680,delivered,none,0
OI-006667,ORD-004206,PROD-00297,1,78499,0,78499,delivered,none,0
OI-006668,ORD-004207,PROD-00161,1,6899,551,6348,delivered,none,0
OI-006669,ORD-004207,PROD-00114,1,999,79,920,delivered,none,0
OI-006670,ORD-004207,PROD-00260,1,4999,399,4600,delivered,none,0
OI-006671,ORD-004207,PROD-00017,1,149,11,138,delivered,none,0
OI-006672,ORD-004207,PROD-00225,1,18999,1519,17480,delivered,none,0
OI-006673,ORD-004208,PROD-00030,1,1099,0,1099,delivered,none,0
OI-006674,ORD-004209,PROD-00031,3,239,0,717,delivered,none,0
OI-006675,ORD-004209,PROD-00018,1,289,0,289,delivered,none,0
OI-006676,ORD-004210,PROD-00174,1,7699,0,7699,delivered,none,0
OI-006677,ORD-004210,PROD-00215,1,76499,0,76499,delivered,none,0
OI-006678,ORD-004210,PROD-00168,1,739,0,739,delivered,none,0
OI-006679,ORD-004210,PROD-00025,1,679,0,679,delivered,none,0
OI-006680,ORD-004211,PROD-00265,1,11499,0,11499,delivered,none,0
OI-006681,ORD-004211,PROD-00103,1,14499,0,14499,delivered,none,0
OI-006682,ORD-004211,PROD-00128,1,949,0,949,delivered,none,0
OI-006683,ORD-004212,PROD-00289,1,47499,2374,45125,delivered,none,0
OI-006684,ORD-004213,PROD-00120,1,6499,0,6499,delivered,none,0
OI-006685,ORD-004214,PROD-00029,1,149,0,149,delivered,none,0
OI-006686,ORD-004214,PROD-00017,1,149,0,149,delivered,none,0
OI-006687,ORD-004215,PROD-00266,1,26499,0,26499,returned,refunded,31269
OI-006688,ORD-004215,PROD-00159,1,2199,0,2199,delivered,none,0
OI-006689,ORD-004215,PROD-00118,1,579,0,579,delivered,none,0
OI-006690,ORD-004216,PROD-00127,1,3199,383,2816,delivered,none,0
OI-006691,ORD-004217,PROD-00252,1,13999,1679,12320,returned,refunded,14538
OI-006692,ORD-004218,PROD-00017,1,149,11,138,delivered,none,0
OI-006693,ORD-004219,PROD-00118,1,599,29,570,delivered,none,0
OI-006694,ORD-004219,PROD-00132,1,599,29,570,delivered,none,0
OI-006695,ORD-004219,PROD-00127,1,3199,159,3040,delivered,none,0
OI-006696,ORD-004220,PROD-00278,1,12999,0,12999,delivered,none,0
OI-006697,ORD-004221,PROD-00083,1,39999,0,39999,delivered,none,0
OI-006698,ORD-004221,PROD-00114,1,999,0,999,delivered,none,0
OI-006699,ORD-004222,PROD-00017,1,149,0,149,delivered,none,0
OI-006700,ORD-004223,PROD-00176,1,7099,0,7099,delivered,none,0
OI-006701,ORD-004224,PROD-00017,1,149,0,149,delivered,none,0
OI-006702,ORD-004225,PROD-00034,1,149,0,149,delivered,none,0
OI-006703,ORD-004226,PROD-00264,1,22999,1839,21160,delivered,none,0
OI-006704,ORD-004227,PROD-00270,1,699,83,616,returned,refunded,727
OI-006705,ORD-004228,PROD-00264,1,22999,2759,20240,delivered,none,0
OI-006706,ORD-004229,PROD-00017,1,149,14,135,delivered,none,0
OI-006707,ORD-004230,PROD-00132,1,619,0,619,delivered,none,0
OI-006708,ORD-004231,PROD-00161,1,6599,0,6599,delivered,none,0
OI-006709,ORD-004232,PROD-00174,1,7699,615,7084,delivered,none,0
OI-006710,ORD-004233,PROD-00024,3,1299,0,3897,delivered,none,0
OI-006711,ORD-004234,PROD-00033,1,6399,0,6399,delivered,none,0
OI-006712,ORD-004235,PROD-00174,1,7699,615,7084,delivered,none,0
OI-006713,ORD-004235,PROD-00269,1,2399,191,2208,delivered,none,0
OI-006714,ORD-004236,PROD-00164,1,5599,0,5599,delivered,none,0
OI-006715,ORD-004237,PROD-00017,1,159,0,159,returned,refunded,188
OI-006716,ORD-004238,PROD-00013,1,5199,259,4940,delivered,none,0
OI-006717,ORD-004238,PROD-00096,1,8899,444,8455,delivered,none,0
OI-006718,ORD-004238,PROD-00201,1,15499,774,14725,delivered,none,0
OI-006719,ORD-004239,PROD-00013,1,4999,499,4500,delivered,none,0
OI-006720,ORD-004239,PROD-00251,1,8799,879,7920,delivered,none,0
OI-006721,ORD-004240,PROD-00159,1,1999,0,1999,delivered,none,0
OI-006722,ORD-004241,PROD-00028,1,4799,0,4799,delivered,none,0
OI-006723,ORD-004242,PROD-00111,1,1099,0,1099,returned,refunded,1297
OI-006724,ORD-004242,PROD-00174,1,7699,0,7699,returned,refunded,9085
OI-006725,ORD-004243,PROD-00016,2,2099,419,3779,returned,refunded,4459
OI-006726,ORD-004244,PROD-00086,1,51999,0,51999,delivered,none,0
OI-006727,ORD-004245,PROD-00099,1,1099,54,1045,delivered,none,0
OI-006728,ORD-004245,PROD-00262,1,11999,599,11400,delivered,none,0
OI-006729,ORD-004246,PROD-00180,1,6999,0,6999,delivered,none,0
OI-006730,ORD-004247,PROD-00025,1,739,88,651,delivered,none,0
OI-006731,ORD-004247,PROD-00208,1,28999,3479,25520,delivered,none,0
OI-006732,ORD-004248,PROD-00168,2,709,0,1418,returned,refunded,1673
OI-006733,ORD-004249,PROD-00168,2,669,107,1231,delivered,none,0
OI-006734,ORD-004249,PROD-00077,1,37999,3039,34960,delivered,none,0
OI-006735,ORD-004250,PROD-00161,1,6599,0,6599,returned,refunded,7787
OI-006736,ORD-004251,PROD-00270,1,699,0,699,returned,refunded,825
OI-006737,ORD-004252,PROD-00103,1,13999,0,13999,returned,refunded,16519
OI-006738,ORD-004253,PROD-00111,1,999,0,999,delivered,none,0
OI-006739,ORD-004254,PROD-00001,1,5199,259,4940,delivered,none,0
OI-006740,ORD-004255,PROD-00270,1,699,83,616,cancelled,none,727
OI-006741,ORD-004255,PROD-00242,1,119499,14339,105160,cancelled,none,124089
OI-006742,ORD-004255,PROD-00120,1,6499,779,5720,cancelled,none,6750
OI-006743,ORD-004255,PROD-00265,1,10499,1259,9240,cancelled,none,10903
OI-006744,ORD-004256,PROD-00014,3,999,149,2848,delivered,none,0
OI-006745,ORD-004256,PROD-00296,1,11499,574,10925,delivered,none,0
OI-006746,ORD-004257,PROD-00017,1,149,14,135,delivered,none,0
OI-006747,ORD-004258,PROD-00159,1,1999,0,1999,returned,refunded,2359
OI-006748,ORD-004259,PROD-00073,1,1199,95,1104,delivered,none,0
OI-006749,ORD-004259,PROD-00024,1,1299,103,1196,delivered,none,0
OI-006750,ORD-004260,PROD-00251,1,8099,404,7695,delivered,none,0
OI-006751,ORD-004261,PROD-00174,1,7899,0,7899,delivered,none,0
OI-006752,ORD-004262,PROD-00148,1,75999,0,75999,delivered,none,0
OI-006753,ORD-004263,PROD-00029,1,149,17,132,delivered,none,0
OI-006754,ORD-004264,PROD-00284,1,2999,0,2999,cancelled,none,3539
OI-006755,ORD-004264,PROD-00023,1,189,0,189,cancelled,none,223
OI-006756,ORD-004265,PROD-00251,1,8499,679,7820,delivered,none,0
OI-006757,ORD-004265,PROD-00174,1,8299,663,7636,delivered,none,0
OI-006758,ORD-004265,PROD-00052,1,5899,471,5428,delivered,none,0
OI-006759,ORD-004266,PROD-00017,1,139,0,139,delivered,none,0
OI-006760,ORD-004266,PROD-00013,1,4999,0,4999,delivered,none,0
OI-006761,ORD-004266,PROD-00068,1,14499,0,14499,delivered,none,0
OI-006762,ORD-004267,PROD-00127,1,3299,0,3299,cancelled,none,3893
OI-006763,ORD-004267,PROD-00123,1,16499,0,16499,cancelled,none,19469
OI-006764,ORD-004268,PROD-00013,1,4999,599,4400,delivered,none,0
OI-006765,ORD-004268,PROD-00054,1,7599,911,6688,delivered,none,0
OI-006766,ORD-004268,PROD-00137,1,93999,11279,82720,delivered,none,0
OI-006767,ORD-004269,PROD-00206,1,27499,0,27499,delivered,none,0
OI-006768,ORD-004270,PROD-00134,1,15499,0,15499,delivered,none,0
OI-006769,ORD-004271,PROD-00174,1,7899,631,7268,delivered,none,0
OI-006770,ORD-004271,PROD-00245,1,20999,1679,19320,delivered,none,0
OI-006771,ORD-004272,PROD-00017,2,149,0,298,delivered,none,0
OI-006772,ORD-004273,PROD-00270,2,699,111,1287,delivered,none,0
OI-006773,ORD-004273,PROD-00017,2,149,23,275,delivered,none,0
OI-006774,ORD-004274,PROD-00052,1,5899,294,5605,delivered,none,0
OI-006775,ORD-004274,PROD-00261,1,23999,1199,22800,delivered,none,0
OI-006776,ORD-004275,PROD-00265,1,10499,0,10499,delivered,none,0
OI-006777,ORD-004276,PROD-00025,1,769,0,769,delivered,none,0
OI-006778,ORD-004277,PROD-00127,1,2999,0,2999,delivered,none,0
OI-006779,ORD-004278,PROD-00099,1,1099,0,1099,delivered,none,0
OI-006780,ORD-004279,PROD-00059,1,499,0,499,cancelled,none,0
OI-006781,ORD-004280,PROD-00017,1,149,0,149,delivered,none,0
OI-006782,ORD-004280,PROD-00264,1,22999,0,22999,delivered,none,0
OI-006783,ORD-004280,PROD-00132,1,599,0,599,delivered,none,0
OI-006784,ORD-004280,PROD-00002,1,3199,0,3199,delivered,none,0
OI-006785,ORD-004281,PROD-00017,3,149,35,412,delivered,none,0
OI-006786,ORD-004281,PROD-00102,1,1499,119,1380,delivered,none,0
OI-006787,ORD-004282,PROD-00046,1,2999,0,2999,delivered,none,0
OI-006788,ORD-004283,PROD-00278,1,13999,1119,12880,delivered,none,0
OI-006789,ORD-004284,PROD-00072,2,6799,0,13598,delivered,none,0
OI-006790,ORD-004285,PROD-00114,1,999,119,880,delivered,rejected,0
OI-006791,ORD-004286,PROD-00057,1,2699,215,2484,delivered,none,0
OI-006792,ORD-004287,PROD-00269,1,2499,0,2499,delivered,none,0
OI-006793,ORD-004288,PROD-00127,1,3199,0,3199,delivered,none,0
OI-006794,ORD-004288,PROD-00101,1,3599,0,3599,delivered,none,0
OI-006795,ORD-004289,PROD-00080,1,4499,449,4050,delivered,none,0
OI-006796,ORD-004289,PROD-00078,1,1099,109,990,delivered,none,0
OI-006797,ORD-004289,PROD-00030,1,1099,109,990,delivered,none,0
OI-006798,ORD-004289,PROD-00001,1,4799,479,4320,delivered,none,0
OI-006799,ORD-004290,PROD-00174,1,7699,384,7315,delivered,none,0
OI-006800,ORD-004291,PROD-00185,1,6999,0,6999,delivered,none,0
OI-006801,ORD-004292,PROD-00120,1,6499,0,6499,delivered,none,0
OI-006802,ORD-004292,PROD-00061,1,4299,0,4299,returned,refunded,5073
OI-006803,ORD-004293,PROD-00174,1,7999,0,7999,delivered,none,0
OI-006804,ORD-004293,PROD-00017,2,149,0,298,delivered,none,0
OI-006805,ORD-004294,PROD-00061,1,4099,409,3690,delivered,none,0
OI-006806,ORD-004294,PROD-00101,1,3299,329,2970,delivered,none,0
OI-006807,ORD-004295,PROD-00112,1,5299,0,5299,delivered,none,0
OI-006808,ORD-004296,PROD-00159,2,1999,0,3998,delivered,none,0
OI-006809,ORD-004296,PROD-00168,1,649,0,649,delivered,none,0
OI-006810,ORD-004297,PROD-00025,1,739,59,680,delivered,none,0
OI-006811,ORD-004297,PROD-00127,1,3199,255,2944,delivered,none,0
OI-006812,ORD-004297,PROD-00017,1,149,11,138,delivered,none,0
OI-006813,ORD-004298,PROD-00270,1,719,0,719,delivered,none,0
OI-006814,ORD-004299,PROD-00034,1,149,0,149,delivered,none,0
OI-006815,ORD-004300,PROD-00127,1,3199,319,2880,delivered,none,0
OI-006816,ORD-004300,PROD-00118,1,579,57,522,delivered,none,0
OI-006817,ORD-004301,PROD-00002,1,3199,0,3199,delivered,none,0
OI-006818,ORD-004302,PROD-00163,1,469,0,469,delivered,none,0
OI-006819,ORD-004302,PROD-00018,1,289,0,289,delivered,none,0
OI-006820,ORD-004303,PROD-00017,1,149,11,138,delivered,none,0
OI-006821,ORD-004303,PROD-00168,1,709,56,653,delivered,none,0
OI-006822,ORD-004304,PROD-00101,1,3599,179,3420,cancelled,none,4036
OI-006823,ORD-004304,PROD-00195,1,1199,59,1140,cancelled,none,1345
OI-006824,ORD-004305,PROD-00201,1,16499,0,16499,delivered,none,0
OI-006825,ORD-004306,PROD-00087,1,7499,899,6600,delivered,none,0
OI-006826,ORD-004307,PROD-00017,1,149,0,149,delivered,none,0
OI-006827,ORD-004308,PROD-00028,1,4799,0,4799,delivered,none,0
OI-006828,ORD-004308,PROD-00273,1,1199,0,1199,delivered,none,0
OI-006829,ORD-004309,PROD-00031,2,239,0,478,cancelled,none,0
OI-006830,ORD-004309,PROD-00061,1,4499,0,4499,cancelled,none,0
OI-006831,ORD-004310,PROD-00017,2,149,0,298,delivered,none,0
OI-006832,ORD-004311,PROD-00252,1,12999,0,12999,delivered,none,0
OI-006833,ORD-004312,PROD-00111,1,999,0,999,delivered,none,0
OI-006834,ORD-004313,PROD-00055,1,14499,0,14499,delivered,none,0
OI-006835,ORD-004313,PROD-00227,1,51999,0,51999,delivered,none,0
OI-006836,ORD-004313,PROD-00176,1,7099,0,7099,delivered,none,0
OI-006837,ORD-004313,PROD-00275,1,39499,0,39499,delivered,none,0
OI-006838,ORD-004313,PROD-00025,2,759,0,1518,delivered,none,0
OI-006839,ORD-004314,PROD-00101,1,3299,164,3135,delivered,none,0
OI-006840,ORD-004314,PROD-00017,1,149,7,142,delivered,none,0
OI-006841,ORD-004315,PROD-00161,1,6899,0,6899,delivered,none,0
OI-006842,ORD-004315,PROD-00072,1,6799,0,6799,delivered,none,0
OI-006843,ORD-004316,PROD-00174,1,7699,0,7699,delivered,none,0
OI-006844,ORD-004316,PROD-00122,1,2499,0,2499,delivered,none,0
OI-006845,ORD-004317,PROD-00022,1,1399,69,1330,delivered,none,0
OI-006846,ORD-004318,PROD-00017,1,149,7,142,delivered,none,0
OI-006847,ORD-004319,PROD-00127,1,2899,231,2668,delivered,none,0
OI-006848,ORD-004319,PROD-00019,1,2899,231,2668,delivered,none,0
OI-006849,ORD-004320,PROD-00053,1,5499,659,4840,delivered,none,0
OI-006850,ORD-004320,PROD-00257,1,7399,887,6512,delivered,none,0
OI-006851,ORD-004321,PROD-00120,1,6699,535,6164,delivered,none,0
OI-006852,ORD-004321,PROD-00111,1,999,79,920,delivered,none,0
OI-006853,ORD-004321,PROD-00270,1,699,55,644,delivered,none,0
OI-006854,ORD-004322,PROD-00174,1,7699,384,7315,delivered,none,0
OI-006855,ORD-004323,PROD-00161,1,6899,0,6899,delivered,none,0
OI-006856,ORD-004324,PROD-00104,1,11499,0,11499,delivered,none,0
OI-006857,ORD-004325,PROD-00034,1,149,0,149,delivered,none,0
OI-006858,ORD-004326,PROD-00025,1,679,54,625,delivered,none,0
OI-006859,ORD-004326,PROD-00020,1,139,11,128,delivered,none,0
OI-006860,ORD-004327,PROD-00096,1,9199,459,8740,delivered,rejected,0
OI-006861,ORD-004328,PROD-00180,1,6499,0,6499,delivered,none,0
OI-006862,ORD-004329,PROD-00151,1,27999,0,27999,delivered,none,0
OI-006863,ORD-004330,PROD-00052,1,5899,0,5899,delivered,none,0
OI-006864,ORD-004330,PROD-00263,2,10499,0,20998,delivered,none,0
OI-006865,ORD-004330,PROD-00161,1,7199,0,7199,delivered,none,0
OI-006866,ORD-004331,PROD-00127,1,3199,0,3199,delivered,none,0
OI-006867,ORD-004331,PROD-00109,1,3299,0,3299,delivered,none,0
OI-006868,ORD-004332,PROD-00034,2,149,0,298,delivered,none,0
OI-006869,ORD-004333,PROD-00191,1,41499,0,41499,returned,refunded,46521
OI-006870,ORD-004334,PROD-00210,1,13999,0,13999,delivered,none,0
OI-006871,ORD-004334,PROD-00125,1,459,0,459,delivered,none,0
OI-006872,ORD-004334,PROD-00017,2,149,0,298,delivered,none,0
OI-006873,ORD-004335,PROD-00025,1,779,62,717,cancelled,none,0
OI-006874,ORD-004336,PROD-00264,1,22999,2759,20240,delivered,none,0
OI-006875,ORD-004336,PROD-00009,1,2599,311,2288,delivered,none,0
OI-006876,ORD-004337,PROD-00002,1,3199,0,3199,delivered,none,0
OI-006877,ORD-004338,PROD-00127,1,3499,419,3080,delivered,none,0
OI-006878,ORD-004339,PROD-00127,1,3199,319,2880,delivered,none,0
OI-006879,ORD-004339,PROD-00270,1,659,65,594,delivered,none,0
OI-006880,ORD-004340,PROD-00140,1,35499,0,35499,delivered,none,0
OI-006881,ORD-004341,PROD-00269,1,2499,0,2499,returned,refunded,2949
OI-006882,ORD-004341,PROD-00264,1,22999,0,22999,returned,refunded,27139
OI-006883,ORD-004342,PROD-00202,1,6999,0,6999,delivered,none,0
OI-006884,ORD-004342,PROD-00029,1,149,0,149,delivered,none,0
OI-006885,ORD-004343,PROD-00120,1,6499,0,6499,delivered,none,0
OI-006886,ORD-004343,PROD-00269,1,2499,0,2499,delivered,none,0
OI-006887,ORD-004344,PROD-00017,1,149,0,149,delivered,none,0
OI-006888,ORD-004345,PROD-00169,1,2699,269,2430,delivered,none,0
OI-006889,ORD-004345,PROD-00262,1,11999,1199,10800,delivered,none,0
OI-006890,ORD-004345,PROD-00014,1,959,95,864,delivered,none,0
OI-006891,ORD-004346,PROD-00002,1,2999,299,2700,delivered,none,0
OI-006892,ORD-004346,PROD-00127,1,3199,319,2880,delivered,none,0
OI-006893,ORD-004346,PROD-00124,1,1499,149,1350,delivered,none,0
OI-006894,ORD-004347,PROD-00013,1,4999,0,4999,delivered,none,0
OI-006895,ORD-004348,PROD-00269,1,2599,207,2392,delivered,none,0
OI-006896,ORD-004349,PROD-00072,1,7099,0,7099,delivered,none,0
OI-006897,ORD-004350,PROD-00018,2,289,0,578,delivered,none,0
OI-006898,ORD-004351,PROD-00099,1,999,79,920,returned,refunded,1086
OI-006899,ORD-004352,PROD-00197,1,7199,0,7199,delivered,none,0
OI-006900,ORD-004353,PROD-00122,1,2399,239,2160,delivered,none,0
OI-006901,ORD-004354,PROD-00068,1,14499,0,14499,delivered,none,0
OI-006902,ORD-004355,PROD-00118,1,579,0,579,delivered,none,0
OI-006903,ORD-004356,PROD-00056,1,3699,184,3515,delivered,none,0
OI-006904,ORD-004357,PROD-00017,1,149,7,142,cancelled,none,168
OI-006905,ORD-004358,PROD-00283,1,18499,0,18499,delivered,none,0
OI-006906,ORD-004359,PROD-00070,1,499,24,475,delivered,none,0
OI-006907,ORD-004359,PROD-00227,1,51999,2599,49400,delivered,none,0
OI-006908,ORD-004360,PROD-00114,1,999,0,999,delivered,none,0
OI-006909,ORD-004360,PROD-00174,1,7999,0,7999,delivered,none,0
OI-006910,ORD-004361,PROD-00111,1,949,75,874,delivered,none,0
OI-006911,ORD-004361,PROD-00023,1,199,15,184,delivered,none,0
OI-006912,ORD-004362,PROD-00161,1,6899,0,6899,delivered,none,0
OI-006913,ORD-004362,PROD-00111,1,919,0,919,delivered,none,0
OI-006914,ORD-004363,PROD-00246,1,15499,0,15499,delivered,none,0
OI-006915,ORD-004364,PROD-00159,1,1999,0,1999,delivered,none,0
OI-006916,ORD-004364,PROD-00017,1,149,0,149,delivered,none,0
OI-006917,ORD-004365,PROD-00004,1,2399,0,2399,delivered,none,0
OI-006918,ORD-004365,PROD-00010,1,6299,0,6299,delivered,none,0
OI-006919,ORD-004366,PROD-00025,1,779,0,779,delivered,none,0
OI-006920,ORD-004367,PROD-00072,1,6799,543,6256,cancelled,none,7382
OI-006921,ORD-004368,PROD-00080,1,4499,539,3960,delivered,none,0
OI-006922,ORD-004369,PROD-00020,3,159,23,454,delivered,none,0
OI-006923,ORD-004370,PROD-00269,1,2699,269,2430,delivered,none,0
OI-006924,ORD-004371,PROD-00111,1,999,119,880,delivered,none,0
OI-006925,ORD-004372,PROD-00014,1,909,45,864,delivered,none,0
OI-006926,ORD-004373,PROD-00020,2,149,23,275,delivered,none,0
OI-006927,ORD-004374,PROD-00032,1,149,0,149,delivered,none,0
OI-006928,ORD-004375,PROD-00051,1,6299,503,5796,delivered,none,0
OI-006929,ORD-004376,PROD-00110,1,31499,3779,27720,delivered,none,0
OI-006930,ORD-004376,PROD-00248,1,4799,575,4224,delivered,none,0
OI-006931,ORD-004376,PROD-00017,2,159,38,280,delivered,none,0
OI-006932,ORD-004377,PROD-00057,1,2499,0,2499,delivered,none,0
OI-006933,ORD-004378,PROD-00289,1,47499,0,47499,delivered,none,0
OI-006934,ORD-004379,PROD-00064,1,1899,94,1805,delivered,none,0
OI-006935,ORD-004379,PROD-00159,2,2099,209,3989,delivered,none,0
OI-006936,ORD-004380,PROD-00111,1,999,0,999,delivered,none,0
OI-006937,ORD-004381,PROD-00174,1,7699,769,6930,delivered,none,0
OI-006938,ORD-004382,PROD-00176,1,7699,0,7699,delivered,none,0
OI-006939,ORD-004382,PROD-00017,1,149,0,149,delivered,none,0
OI-006940,ORD-004383,PROD-00246,1,15499,774,14725,delivered,none,0
OI-006941,ORD-004383,PROD-00070,2,539,53,1025,delivered,none,0
OI-006942,ORD-004383,PROD-00017,2,149,14,284,delivered,none,0
OI-006943,ORD-004384,PROD-00174,1,7699,0,7699,delivered,none,0
OI-006944,ORD-004385,PROD-00127,1,3199,159,3040,delivered,none,0
OI-006945,ORD-004385,PROD-00227,1,53499,2674,50825,delivered,none,0
OI-006946,ORD-004385,PROD-00060,1,9999,499,9500,delivered,none,0
OI-006947,ORD-004385,PROD-00245,2,19499,1949,37049,delivered,none,0
OI-006948,ORD-004386,PROD-00228,1,76499,0,76499,cancelled,none,90269
OI-006949,ORD-004387,PROD-00068,1,14999,0,14999,delivered,none,0
OI-006950,ORD-004388,PROD-00122,1,2499,199,2300,delivered,none,0
OI-006951,ORD-004389,PROD-00132,1,649,51,598,delivered,none,0
OI-006952,ORD-004390,PROD-00013,1,4999,249,4750,delivered,none,0
OI-006953,ORD-004391,PROD-00080,1,4499,224,4275,delivered,none,0
OI-006954,ORD-004391,PROD-00063,1,7599,379,7220,delivered,none,0
OI-006955,ORD-004392,PROD-00104,1,12499,1249,11250,delivered,none,0
OI-006956,ORD-004392,PROD-00017,1,149,14,135,delivered,none,0
OI-006957,ORD-004393,PROD-00132,1,699,69,630,returned,refunded,743
OI-006958,ORD-004393,PROD-00252,1,13999,1399,12600,delivered,rejected,0
OI-006959,ORD-004394,PROD-00147,1,27999,0,27999,delivered,none,0
OI-006960,ORD-004395,PROD-00013,1,5299,0,5299,delivered,none,0
OI-006961,ORD-004395,PROD-00017,1,149,0,149,delivered,none,0
OI-006962,ORD-004396,PROD-00055,1,15499,774,14725,delivered,none,0
OI-006963,ORD-004397,PROD-00006,1,139,13,126,delivered,none,0
OI-006964,ORD-004397,PROD-00174,1,7699,769,6930,delivered,none,0
OI-006965,ORD-004398,PROD-00114,1,919,91,828,delivered,none,0
OI-006966,ORD-004398,PROD-00161,1,6899,689,6210,delivered,none,0
OI-006967,ORD-004399,PROD-00067,1,5399,647,4752,delivered,none,0
OI-006968,ORD-004399,PROD-00053,1,5799,695,5104,delivered,none,0
OI-006969,ORD-004400,PROD-00022,1,1299,0,1299,delivered,none,0
OI-006970,ORD-004400,PROD-00030,1,1099,0,1099,delivered,none,0
OI-006971,ORD-004401,PROD-00017,1,149,0,149,delivered,none,0
OI-006972,ORD-004402,PROD-00102,1,1499,0,1499,delivered,none,0
OI-006973,ORD-004403,PROD-00006,1,149,17,132,delivered,none,0
OI-006974,ORD-004404,PROD-00264,1,23999,1199,22800,delivered,none,0
OI-006975,ORD-004404,PROD-00005,1,5799,289,5510,delivered,none,0
OI-006976,ORD-004405,PROD-00104,1,11999,0,11999,delivered,none,0
OI-006977,ORD-004406,PROD-00258,1,2099,0,2099,delivered,none,0
OI-006978,ORD-004407,PROD-00269,1,2499,0,2499,delivered,none,0
OI-006979,ORD-004408,PROD-00174,1,7299,0,7299,delivered,none,0
OI-006980,ORD-004409,PROD-00025,1,739,73,666,delivered,none,0
OI-006981,ORD-004410,PROD-00264,1,22999,1839,21160,delivered,none,0
OI-006982,ORD-004410,PROD-00008,2,4599,735,8463,delivered,none,0
OI-006983,ORD-004411,PROD-00057,2,2499,249,4749,delivered,none,0
OI-006984,ORD-004412,PROD-00082,1,859,0,859,delivered,none,0
OI-006985,ORD-004413,PROD-00167,1,2699,323,2376,delivered,none,0
OI-006986,ORD-004413,PROD-00269,1,2499,299,2200,delivered,none,0
OI-006987,ORD-004413,PROD-00020,1,149,17,132,delivered,none,0
OI-006988,ORD-004414,PROD-00017,2,149,0,298,delivered,none,0
OI-006989,ORD-004415,PROD-00052,1,5899,0,5899,returned,refunded,6961
OI-006990,ORD-004416,PROD-00174,1,7699,769,6930,delivered,none,0
OI-006991,ORD-004417,PROD-00034,1,149,0,149,delivered,none,0
OI-006992,ORD-004417,PROD-00263,1,9999,0,9999,delivered,none,0
OI-006993,ORD-004418,PROD-00033,1,5899,471,5428,delivered,none,0
OI-006994,ORD-004419,PROD-00017,2,149,0,298,delivered,none,0
OI-006995,ORD-004419,PROD-00127,1,3199,0,3199,delivered,none,0
OI-006996,ORD-004420,PROD-00094,1,38999,0,38999,cancelled,none,0
OI-006997,ORD-004420,PROD-00032,1,149,0,149,cancelled,none,0
OI-006998,ORD-004421,PROD-00174,1,7299,364,6935,delivered,none,0
OI-006999,ORD-004422,PROD-00061,1,4299,0,4299,delivered,none,0
OI-007000,ORD-004422,PROD-00042,1,36999,0,36999,delivered,none,0
OI-007001,ORD-004423,PROD-00116,1,31499,0,31499,delivered,none,0
OI-007002,ORD-004423,PROD-00022,2,1399,0,2798,delivered,none,0
OI-007003,ORD-004423,PROD-00169,1,2799,0,2799,delivered,none,0
OI-007004,ORD-004424,PROD-00014,1,959,0,959,delivered,none,0
OI-007005,ORD-004425,PROD-00132,3,669,240,1767,delivered,none,0
OI-007006,ORD-004426,PROD-00241,1,28499,0,28499,delivered,none,0
OI-007007,ORD-004427,PROD-00108,1,7999,0,7999,delivered,none,0
OI-007008,ORD-004428,PROD-00028,2,4399,0,8798,delivered,none,0
OI-007009,ORD-004428,PROD-00127,1,3199,0,3199,delivered,none,0
OI-007010,ORD-004429,PROD-00014,1,959,0,959,delivered,none,0
OI-007011,ORD-004430,PROD-00161,1,6899,0,6899,delivered,none,0
OI-007012,ORD-004431,PROD-00052,1,5899,471,5428,delivered,none,0
OI-007013,ORD-004431,PROD-00017,1,149,11,138,delivered,none,0
OI-007014,ORD-004432,PROD-00247,1,12999,1299,11700,returned,refunded,13806
OI-007015,ORD-004432,PROD-00216,1,119499,11949,107550,delivered,rejected,0
OI-007016,ORD-004433,PROD-00009,1,2599,129,2470,delivered,none,0
OI-007017,ORD-004434,PROD-00017,1,149,7,142,delivered,none,0
OI-007018,ORD-004435,PROD-00264,1,22999,0,22999,delivered,none,0
OI-007019,ORD-004435,PROD-00031,1,249,0,249,delivered,none,0
OI-007020,ORD-004436,PROD-00251,1,9199,1103,8096,delivered,none,0
OI-007021,ORD-004437,PROD-00174,1,7099,0,7099,delivered,none,0
OI-007022,ORD-004438,PROD-00174,1,7999,959,7040,delivered,none,0
OI-007023,ORD-004439,PROD-00237,1,73999,0,73999,delivered,none,0
OI-007024,ORD-004440,PROD-00164,2,5799,0,11598,cancelled,none,13686
OI-007025,ORD-004441,PROD-00051,1,6299,0,6299,delivered,none,0
OI-007026,ORD-004442,PROD-00017,2,149,23,275,delivered,none,0
OI-007027,ORD-004443,PROD-00127,1,3199,255,2944,delivered,none,0
OI-007028,ORD-004443,PROD-00126,1,12999,1039,11960,delivered,none,0
OI-007029,ORD-004444,PROD-00174,1,7999,0,7999,delivered,none,0
OI-007030,ORD-004444,PROD-00127,1,3199,0,3199,delivered,none,0
OI-007031,ORD-004445,PROD-00099,1,999,0,999,delivered,none,0
OI-007032,ORD-004446,PROD-00069,1,1399,0,1399,delivered,none,0
OI-007033,ORD-004447,PROD-00024,1,1399,111,1288,delivered,none,0
OI-007034,ORD-004447,PROD-00284,1,2999,239,2760,delivered,none,0
OI-007035,ORD-004448,PROD-00270,1,639,0,639,delivered,none,0
OI-007036,ORD-004449,PROD-00161,1,7399,0,7399,delivered,none,0
OI-007037,ORD-004450,PROD-00123,1,14999,0,14999,delivered,none,0
OI-007038,ORD-004450,PROD-00166,1,6199,0,6199,delivered,none,0
OI-007039,ORD-004451,PROD-00247,1,12999,1559,11440,delivered,none,0
OI-007040,ORD-004452,PROD-00168,1,759,0,759,delivered,none,0
OI-007041,ORD-004453,PROD-00264,1,23499,1174,22325,delivered,none,0
OI-007042,ORD-004453,PROD-00072,1,6799,339,6460,delivered,none,0
OI-007043,ORD-004454,PROD-00017,1,149,7,142,delivered,none,0
OI-007044,ORD-004455,PROD-00033,1,6399,639,5760,delivered,none,0
OI-007045,ORD-004456,PROD-00120,1,6799,815,5984,delivered,none,0
OI-007046,ORD-004457,PROD-00017,1,149,0,149,delivered,none,0
OI-007047,ORD-004457,PROD-00026,1,4399,0,4399,delivered,none,0
OI-007048,ORD-004457,PROD-00029,1,149,0,149,delivered,none,0
OI-007049,ORD-004458,PROD-00174,1,7699,0,7699,delivered,none,0
OI-007050,ORD-004458,PROD-00011,1,319,0,319,delivered,none,0
OI-007051,ORD-004459,PROD-00002,1,3199,383,2816,delivered,none,0
OI-007052,ORD-004460,PROD-00096,1,8899,711,8188,delivered,none,0
OI-007053,ORD-004461,PROD-00032,2,149,35,263,delivered,none,0
OI-007054,ORD-004462,PROD-00028,1,4899,391,4508,delivered,none,0
OI-007055,ORD-004463,PROD-00161,1,6899,344,6555,delivered,none,0
OI-007056,ORD-004463,PROD-00257,1,7099,354,6745,delivered,none,0
OI-007057,ORD-004464,PROD-00174,1,7899,0,7899,delivered,none,0
OI-007058,ORD-004465,PROD-00174,1,8299,414,7885,delivered,none,0
OI-007059,ORD-004466,PROD-00102,1,1499,119,1380,delivered,none,0
OI-007060,ORD-004466,PROD-00223,1,76499,6119,70380,delivered,none,0
OI-007061,ORD-004466,PROD-00169,1,2699,215,2484,delivered,none,0
OI-007062,ORD-004466,PROD-00080,1,4099,327,3772,delivered,none,0
OI-007063,ORD-004467,PROD-00087,1,7499,374,7125,delivered,none,0
OI-007064,ORD-004467,PROD-00004,1,2399,119,2280,delivered,none,0
OI-007065,ORD-004467,PROD-00001,1,5499,274,5225,delivered,none,0
OI-007066,ORD-004468,PROD-00241,1,26499,0,26499,delivered,none,0
OI-007067,ORD-004469,PROD-00021,1,4099,204,3895,delivered,none,0
OI-007068,ORD-004470,PROD-00025,2,699,167,1231,returned,refunded,1453
OI-007069,ORD-004471,PROD-00009,1,2599,259,2340,delivered,none,0
OI-007070,ORD-004472,PROD-00080,1,4499,224,4275,delivered,none,0
OI-007071,ORD-004473,PROD-00264,1,20999,2099,18900,delivered,none,0
OI-007072,ORD-004473,PROD-00029,1,139,13,126,delivered,none,0
OI-007073,ORD-004473,PROD-00127,1,3199,319,2880,delivered,none,0
OI-007074,ORD-004474,PROD-00174,1,7699,0,7699,delivered,none,0
OI-007075,ORD-004475,PROD-00098,1,21999,1099,20900,delivered,none,0
OI-007076,ORD-004476,PROD-00120,1,6499,779,5720,delivered,none,0
OI-007077,ORD-004476,PROD-00131,1,6199,743,5456,delivered,none,0
OI-007078,ORD-004476,PROD-00297,1,78499,9419,69080,delivered,none,0
OI-007079,ORD-004476,PROD-00126,1,13999,1679,12320,delivered,none,0
OI-007080,ORD-004477,PROD-00012,1,149,17,132,delivered,none,0
OI-007081,ORD-004477,PROD-00114,1,999,119,880,delivered,none,0
OI-007082,ORD-004477,PROD-00031,1,259,31,228,delivered,none,0
OI-007083,ORD-004478,PROD-00227,1,51999,6239,45760,delivered,none,0
OI-007084,ORD-004478,PROD-00029,1,149,17,132,delivered,none,0
OI-007085,ORD-004478,PROD-00019,1,2899,347,2552,delivered,none,0
OI-007086,ORD-004478,PROD-00174,1,7899,947,6952,delivered,none,0
OI-007087,ORD-004479,PROD-00068,1,13499,0,13499,delivered,none,0
OI-007088,ORD-004479,PROD-00268,1,44999,0,44999,delivered,none,0
OI-007089,ORD-004479,PROD-00020,1,149,0,149,delivered,none,0
OI-007090,ORD-004480,PROD-00032,1,149,0,149,delivered,none,0
OI-007091,ORD-004480,PROD-00152,1,214999,0,214999,delivered,none,0
OI-007092,ORD-004480,PROD-00264,1,21999,0,21999,delivered,none,0
OI-007093,ORD-004480,PROD-00020,1,159,0,159,delivered,none,0
OI-007094,ORD-004481,PROD-00174,1,7999,0,7999,returned,refunded,9439
OI-007095,ORD-004482,PROD-00033,1,6399,0,6399,delivered,none,0
OI-007096,ORD-004483,PROD-00132,1,649,51,598,delivered,none,0
OI-007097,ORD-004484,PROD-00174,1,8299,995,7304,delivered,rejected,0
OI-007098,ORD-004485,PROD-00069,1,1399,0,1399,delivered,none,0
OI-007099,ORD-004486,PROD-00027,1,149,17,132,delivered,none,0
OI-007100,ORD-004487,PROD-00174,1,7699,615,7084,delivered,none,0
OI-007101,ORD-004487,PROD-00229,1,129999,10399,119600,delivered,none,0
OI-007102,ORD-004488,PROD-00017,1,149,0,149,delivered,none,0
OI-007103,ORD-004489,PROD-00267,1,15999,1919,14080,returned,refunded,16614
OI-007104,ORD-004489,PROD-00114,1,919,110,809,returned,refunded,955
OI-007105,ORD-004489,PROD-00168,2,709,170,1248,returned,refunded,1473
OI-007106,ORD-004490,PROD-00072,1,7099,0,7099,delivered,none,0
OI-007107,ORD-004490,PROD-00033,1,6899,0,6899,delivered,none,0
OI-007108,ORD-004491,PROD-00028,1,4899,0,4899,delivered,none,0
OI-007109,ORD-004492,PROD-00008,1,4299,429,3870,delivered,none,0
OI-007110,ORD-004492,PROD-00069,1,1499,149,1350,delivered,none,0
OI-007111,ORD-004493,PROD-00138,1,143999,11519,132480,delivered,none,0
OI-007112,ORD-004494,PROD-00017,1,149,14,135,delivered,none,0
OI-007113,ORD-004494,PROD-00218,1,40999,4099,36900,delivered,none,0
OI-007114,ORD-004495,PROD-00251,1,8499,849,7650,returned,refunded,9027
OI-007115,ORD-004496,PROD-00111,1,919,0,919,delivered,none,0
OI-007116,ORD-004496,PROD-00127,1,3199,0,3199,delivered,none,0
OI-007117,ORD-004496,PROD-00171,2,6199,0,12398,delivered,none,0
OI-007118,ORD-004497,PROD-00025,1,739,88,651,delivered,none,0
OI-007119,ORD-004498,PROD-00251,1,7799,0,7799,delivered,none,0
OI-007120,ORD-004499,PROD-00072,1,6299,0,6299,delivered,none,0
OI-007121,ORD-004499,PROD-00276,1,28999,0,28999,delivered,none,0
OI-007122,ORD-004500,PROD-00016,2,1999,199,3799,delivered,none,0
OI-007123,ORD-004501,PROD-00174,1,7699,384,7315,delivered,none,0
OI-007124,ORD-004501,PROD-00255,1,1399,69,1330,delivered,none,0
OI-007125,ORD-004502,PROD-00013,1,4599,229,4370,delivered,none,0
OI-007126,ORD-004503,PROD-00174,1,7699,615,7084,delivered,none,0
OI-007127,ORD-004504,PROD-00067,1,5799,695,5104,delivered,none,0
OI-007128,ORD-004505,PROD-00161,1,6899,0,6899,delivered,none,0
OI-007129,ORD-004506,PROD-00102,1,1499,0,1499,delivered,none,0
OI-007130,ORD-004506,PROD-00054,1,7599,0,7599,delivered,none,0
OI-007131,ORD-004507,PROD-00016,1,1999,159,1840,delivered,none,0
OI-007132,ORD-004507,PROD-00264,1,22999,1839,21160,delivered,none,0
OI-007133,ORD-004508,PROD-00272,1,20499,2049,18450,delivered,none,0
OI-007134,ORD-004508,PROD-00106,1,29499,2949,26550,delivered,none,0
OI-007135,ORD-004509,PROD-00187,1,7099,0,7099,delivered,none,0
OI-007136,ORD-004509,PROD-00111,1,999,0,999,delivered,none,0
OI-007137,ORD-004509,PROD-00132,1,669,0,669,delivered,none,0
OI-007138,ORD-004510,PROD-00013,1,4999,0,4999,delivered,none,0
OI-007139,ORD-004510,PROD-00072,1,7099,0,7099,delivered,none,0
OI-007140,ORD-004510,PROD-00168,1,709,0,709,delivered,none,0
OI-007141,ORD-004511,PROD-00017,1,139,0,139,cancelled,none,0
OI-007142,ORD-004511,PROD-00176,1,7099,0,7099,cancelled,none,0
OI-007143,ORD-004512,PROD-00101,1,3399,339,3060,delivered,none,0
OI-007144,ORD-004512,PROD-00052,1,6099,609,5490,delivered,none,0
OI-007145,ORD-004513,PROD-00020,2,139,0,278,delivered,none,0
OI-007146,ORD-004513,PROD-00161,1,6899,0,6899,delivered,none,0
OI-007147,ORD-004513,PROD-00113,1,3299,0,3299,delivered,none,0
OI-007148,ORD-004514,PROD-00021,1,3699,0,3699,delivered,none,0
OI-007149,ORD-004514,PROD-00174,1,7699,0,7699,delivered,none,0
OI-007150,ORD-004514,PROD-00012,1,149,0,149,delivered,none,0
OI-007151,ORD-004514,PROD-00008,1,4499,0,4499,delivered,none,0
OI-007152,ORD-004515,PROD-00104,1,12499,0,12499,delivered,none,0
OI-007153,ORD-004516,PROD-00196,1,18999,2279,16720,delivered,none,0
OI-007154,ORD-004516,PROD-00030,1,1099,131,968,delivered,none,0
OI-007155,ORD-004516,PROD-00020,1,149,17,132,delivered,none,0
OI-007156,ORD-004517,PROD-00008,1,4299,0,4299,delivered,none,0
OI-007157,ORD-004518,PROD-00118,1,579,0,579,shipped,none,0
OI-007158,ORD-004519,PROD-00089,1,20499,2459,18040,cancelled,none,21287
OI-007159,ORD-004519,PROD-00174,1,7299,875,6424,cancelled,none,7580
OI-007160,ORD-004520,PROD-00174,1,7899,789,7110,delivered,none,0
OI-007161,ORD-004521,PROD-00017,1,149,0,149,shipped,none,0
OI-007162,ORD-004521,PROD-00102,1,1499,0,1499,shipped,none,0
OI-007163,ORD-004521,PROD-00127,1,3199,0,3199,shipped,none,0
OI-007164,ORD-004522,PROD-00251,1,8499,679,7820,delivered,none,0
OI-007165,ORD-004522,PROD-00112,1,5699,455,5244,delivered,none,0
OI-007166,ORD-004522,PROD-00118,1,579,46,533,delivered,none,0
OI-007167,ORD-004523,PROD-00233,1,65999,0,65999,delivered,none,0
OI-007168,ORD-004524,PROD-00017,1,149,11,138,returned,refunded,163
OI-007169,ORD-004525,PROD-00174,2,7899,1263,14535,delivered,none,0
OI-007170,ORD-004526,PROD-00052,1,5899,0,5899,returned,refunded,6961
OI-007171,ORD-004526,PROD-00220,1,23499,0,23499,delivered,rejected,0
OI-007172,ORD-004526,PROD-00008,1,4299,0,4299,delivered,none,0
OI-007173,ORD-004527,PROD-00061,1,4299,214,4085,delivered,none,0
OI-007174,ORD-004528,PROD-00168,1,759,60,699,delivered,none,0
OI-007175,ORD-004529,PROD-00013,1,4999,0,4999,delivered,none,0
OI-007176,ORD-004530,PROD-00270,1,699,69,630,delivered,none,0
OI-007177,ORD-004531,PROD-00170,1,3299,395,2904,delivered,none,0
OI-007178,ORD-004531,PROD-00017,1,149,17,132,delivered,none,0
OI-007179,ORD-004532,PROD-00083,2,39999,0,79998,delivered,none,0
OI-007180,ORD-004533,PROD-00017,1,149,17,132,delivered,none,0
OI-007181,ORD-004534,PROD-00017,1,159,19,140,delivered,none,0
OI-007182,ORD-004535,PROD-00068,1,14999,1199,13800,cancelled,none,16284
OI-007183,ORD-004535,PROD-00029,1,149,11,138,cancelled,none,163
OI-007184,ORD-004536,PROD-00270,1,659,52,607,delivered,none,0
OI-007185,ORD-004537,PROD-00033,1,6399,0,6399,delivered,none,0
OI-007186,ORD-004538,PROD-00017,1,149,0,149,delivered,none,0
OI-007187,ORD-004538,PROD-00169,2,2799,0,5598,delivered,none,0
OI-007188,ORD-004539,PROD-00168,1,759,0,759,delivered,none,0
OI-007189,ORD-004539,PROD-00269,1,2499,0,2499,delivered,none,0
OI-007190,ORD-004540,PROD-00017,1,149,0,149,delivered,none,0
OI-007191,ORD-004541,PROD-00127,1,2999,239,2760,delivered,none,0
OI-007192,ORD-004542,PROD-00029,1,159,0,159,delivered,none,0
OI-007193,ORD-004543,PROD-00017,3,159,57,420,delivered,none,0
OI-007194,ORD-004544,PROD-00061,1,3999,0,3999,delivered,none,0
OI-007195,ORD-004544,PROD-00017,1,149,0,149,delivered,none,0
OI-007196,ORD-004544,PROD-00075,1,60499,0,60499,delivered,none,0
OI-007197,ORD-004544,PROD-00077,1,37999,0,37999,delivered,none,0
OI-007198,ORD-004545,PROD-00013,1,4999,599,4400,delivered,none,0
OI-007199,ORD-004546,PROD-00225,1,19999,1999,18000,delivered,none,0
OI-007200,ORD-004547,PROD-00131,1,6099,304,5795,delivered,none,0
OI-007201,ORD-004547,PROD-00269,1,2499,124,2375,delivered,none,0
OI-007202,ORD-004548,PROD-00127,1,3499,174,3325,cancelled,none,3924
OI-007203,ORD-004549,PROD-00020,1,139,0,139,delivered,none,0
OI-007204,ORD-004550,PROD-00012,1,149,0,149,delivered,none,0
OI-007205,ORD-004551,PROD-00176,1,7299,729,6570,delivered,none,0
OI-007206,ORD-004552,PROD-00168,1,709,0,709,delivered,none,0
OI-007207,ORD-004553,PROD-00127,1,3199,159,3040,delivered,none,0
OI-007208,ORD-004554,PROD-00269,1,2499,249,2250,cancelled,none,0
OI-007209,ORD-004554,PROD-00014,2,989,197,1781,cancelled,none,0
OI-007210,ORD-004555,PROD-00099,1,949,94,855,delivered,none,0
OI-007211,ORD-004556,PROD-00264,1,20999,0,20999,delivered,none,0
OI-007212,ORD-004557,PROD-00131,1,5399,647,4752,delivered,none,0
OI-007213,ORD-004558,PROD-00102,1,1499,0,1499,delivered,none,0
OI-007214,ORD-004558,PROD-00020,1,149,0,149,delivered,none,0
OI-007215,ORD-004559,PROD-00017,1,149,7,142,delivered,none,0
OI-007216,ORD-004560,PROD-00010,1,6199,0,6199,delivered,none,0
OI-007217,ORD-004561,PROD-00161,1,6299,0,6299,returned,refunded,7433
OI-007218,ORD-004562,PROD-00227,1,51999,0,51999,delivered,none,0
OI-007219,ORD-004562,PROD-00251,1,8499,0,8499,delivered,none,0
OI-007220,ORD-004562,PROD-00071,1,3399,0,3399,delivered,none,0
OI-007221,ORD-004563,PROD-00014,1,909,0,909,delivered,none,0
OI-007222,ORD-004564,PROD-00127,1,3299,164,3135,delivered,none,0
OI-007223,ORD-004565,PROD-00270,1,719,35,684,delivered,none,0
OI-007224,ORD-004566,PROD-00017,1,159,0,159,delivered,none,0
OI-007225,ORD-004566,PROD-00102,1,1499,0,1499,delivered,none,0
OI-007226,ORD-004567,PROD-00161,1,6899,0,6899,delivered,none,0
OI-007227,ORD-004567,PROD-00225,1,18999,0,18999,delivered,none,0
OI-007228,ORD-004567,PROD-00002,1,3299,0,3299,delivered,none,0
OI-007229,ORD-004568,PROD-00202,1,7199,0,7199,delivered,none,0
OI-007230,ORD-004568,PROD-00127,1,3199,0,3199,delivered,none,0
OI-007231,ORD-004569,PROD-00201,1,16499,824,15675,delivered,none,0
OI-007232,ORD-004570,PROD-00174,1,7699,0,7699,delivered,none,0
OI-007233,ORD-004571,PROD-00025,1,769,0,769,delivered,none,0
OI-007234,ORD-004572,PROD-00052,1,5899,0,5899,delivered,none,0
OI-007235,ORD-004573,PROD-00264,1,22999,2759,20240,delivered,none,0
OI-007236,ORD-004574,PROD-00021,2,3999,399,7599,delivered,none,0
OI-007237,ORD-004575,PROD-00270,1,699,0,699,cancelled,none,0
OI-007238,ORD-004575,PROD-00008,1,4299,0,4299,cancelled,none,0
OI-007239,ORD-004576,PROD-00012,1,149,0,149,delivered,none,0
OI-007240,ORD-004577,PROD-00102,1,1599,0,1599,delivered,none,0
OI-007241,ORD-004578,PROD-00251,1,8499,679,7820,delivered,none,0
OI-007242,ORD-004578,PROD-00017,1,149,11,138,delivered,none,0
OI-007243,ORD-004579,PROD-00011,1,279,22,257,delivered,none,0
OI-007244,ORD-004580,PROD-00057,1,2499,0,2499,delivered,none,0
OI-007245,ORD-004581,PROD-00061,1,4299,0,4299,returned,refunded,5073
OI-007246,ORD-004581,PROD-00254,1,1799,0,1799,returned,refunded,2123
OI-007247,ORD-004582,PROD-00251,1,8499,0,8499,delivered,none,0
OI-007248,ORD-004583,PROD-00011,1,319,0,319,delivered,none,0
OI-007249,ORD-004584,PROD-00120,1,6799,815,5984,delivered,none,0
OI-007250,ORD-004585,PROD-00008,1,4599,0,4599,delivered,none,0
OI-007251,ORD-004586,PROD-00132,1,669,0,669,delivered,none,0
OI-007252,ORD-004586,PROD-00006,1,149,0,149,delivered,none,0
OI-007253,ORD-004587,PROD-00011,1,309,0,309,delivered,rejected,0
OI-007254,ORD-004588,PROD-00065,1,3299,0,3299,delivered,none,0
OI-007255,ORD-004589,PROD-00228,1,73499,5879,67620,delivered,none,0
OI-007256,ORD-004590,PROD-00174,1,7999,0,7999,delivered,none,0
OI-007257,ORD-004590,PROD-00097,1,1299,0,1299,delivered,none,0
OI-007258,ORD-004590,PROD-00101,1,3299,0,3299,delivered,none,0
OI-007259,ORD-004591,PROD-00132,1,699,0,699,delivered,none,0
OI-007260,ORD-004591,PROD-00014,1,959,0,959,delivered,none,0
OI-007261,ORD-004591,PROD-00006,1,139,0,139,delivered,none,0
OI-007262,ORD-004591,PROD-00007,2,169,0,338,delivered,none,0
OI-007263,ORD-004591,PROD-00060,1,9999,0,9999,delivered,none,0
OI-007264,ORD-004592,PROD-00055,1,15499,0,15499,delivered,none,0
OI-007265,ORD-004593,PROD-00251,1,8799,703,8096,delivered,none,0
OI-007266,ORD-004593,PROD-00094,1,34999,2799,32200,delivered,none,0
OI-007267,ORD-004594,PROD-00117,1,1999,0,1999,delivered,none,0
OI-007268,ORD-004594,PROD-00017,1,149,0,149,delivered,none,0
OI-007269,ORD-004594,PROD-00032,1,139,0,139,delivered,none,0
OI-007270,ORD-004595,PROD-00036,1,26999,0,26999,delivered,none,0
OI-007271,ORD-004596,PROD-00029,1,149,0,149,delivered,none,0
OI-007272,ORD-004597,PROD-00174,1,7299,875,6424,delivered,none,0
OI-007273,ORD-004598,PROD-00286,1,25499,3059,22440,delivered,none,0
OI-007274,ORD-004599,PROD-00161,1,6899,827,6072,cancelled,none,7165
OI-007275,ORD-004599,PROD-00128,1,979,117,862,cancelled,none,1017
OI-007276,ORD-004599,PROD-00018,1,289,34,255,cancelled,none,301
OI-007277,ORD-004600,PROD-00170,1,2999,0,2999,delivered,none,0
OI-007278,ORD-004601,PROD-00024,1,1199,95,1104,delivered,none,0
OI-007279,ORD-004602,PROD-00171,1,7199,0,7199,delivered,none,0
OI-007280,ORD-004602,PROD-00016,2,1999,0,3998,delivered,none,0
OI-007281,ORD-004603,PROD-00029,1,149,14,135,delivered,none,0
OI-007282,ORD-004604,PROD-00127,1,3299,0,3299,delivered,none,0
OI-007283,ORD-004605,PROD-00264,1,22999,2759,20240,delivered,none,0
OI-007284,ORD-004605,PROD-00029,1,149,17,132,delivered,none,0
OI-007285,ORD-004606,PROD-00229,1,129999,10399,119600,delivered,none,0
OI-007286,ORD-004607,PROD-00029,1,149,7,142,delivered,none,0
OI-007287,ORD-004607,PROD-00296,1,11499,574,10925,delivered,none,0
OI-007288,ORD-004608,PROD-00176,1,7699,615,7084,returned,refunded,8359
OI-007289,ORD-004609,PROD-00056,1,3299,164,3135,delivered,none,0
OI-007290,ORD-004609,PROD-00174,1,7899,394,7505,delivered,none,0
OI-007291,ORD-004610,PROD-00223,1,76499,6119,70380,delivered,none,0
OI-007292,ORD-004611,PROD-00270,1,699,0,699,delivered,none,0
OI-007293,ORD-004612,PROD-00011,1,309,15,294,delivered,none,0
OI-007294,ORD-004613,PROD-00127,1,3499,349,3150,returned,refunded,3717
OI-007295,ORD-004614,PROD-00161,1,6599,0,6599,delivered,none,0
OI-007296,ORD-004614,PROD-00127,1,3199,0,3199,delivered,none,0
OI-007297,ORD-004614,PROD-00132,1,649,0,649,delivered,none,0
OI-007298,ORD-004615,PROD-00127,1,3199,255,2944,delivered,none,0
OI-007299,ORD-004616,PROD-00168,1,709,85,624,delivered,none,0
OI-007300,ORD-004617,PROD-00026,1,4299,429,3870,delivered,none,0
OI-007301,ORD-004618,PROD-00264,1,22999,1149,21850,delivered,none,0
OI-007302,ORD-004619,PROD-00154,1,41499,4149,37350,cancelled,none,44073
OI-007303,ORD-004620,PROD-00003,1,1399,0,1399,delivered,none,0
OI-007304,ORD-004621,PROD-00161,1,6899,689,6210,delivered,none,0
OI-007305,ORD-004622,PROD-00271,1,12499,999,11500,delivered,none,0
OI-007306,ORD-004623,PROD-00235,1,49499,0,49499,delivered,none,0
OI-007307,ORD-004623,PROD-00072,1,7299,0,7299,delivered,none,0
OI-007308,ORD-004624,PROD-00022,1,1399,0,1399,delivered,none,0
OI-007309,ORD-004624,PROD-00270,1,699,0,699,delivered,none,0
OI-007310,ORD-004625,PROD-00225,1,19499,0,19499,delivered,none,0
OI-007311,ORD-004625,PROD-00051,1,5599,0,5599,delivered,none,0
OI-007312,ORD-004626,PROD-00017,1,149,17,132,delivered,none,0
OI-007313,ORD-004626,PROD-00005,1,5799,695,5104,delivered,none,0
OI-007314,ORD-004627,PROD-00174,1,7699,615,7084,delivered,none,0
OI-007315,ORD-004628,PROD-00101,1,3399,0,3399,delivered,none,0
OI-007316,ORD-004629,PROD-00116,1,31499,0,31499,delivered,none,0
OI-007317,ORD-004629,PROD-00008,1,4299,0,4299,delivered,none,0
OI-007318,ORD-004630,PROD-00174,1,7699,0,7699,delivered,none,0
OI-007319,ORD-004631,PROD-00269,2,2499,0,4998,delivered,none,0
OI-007320,ORD-004632,PROD-00161,1,6299,0,6299,cancelled,none,0
OI-007321,ORD-004632,PROD-00127,1,3199,0,3199,cancelled,none,0
OI-007322,ORD-004633,PROD-00029,1,149,0,149,cancelled,none,176
OI-007323,ORD-004634,PROD-00132,1,619,0,619,returned,refunded,730
OI-007324,ORD-004635,PROD-00174,1,7699,769,6930,cancelled,none,8177
OI-007325,ORD-004635,PROD-00183,1,30499,3049,27450,cancelled,none,32391
OI-007326,ORD-004636,PROD-00024,1,1299,155,1144,delivered,none,0
OI-007327,ORD-004637,PROD-00283,1,18499,0,18499,delivered,none,0
OI-007328,ORD-004638,PROD-00029,2,149,23,275,delivered,none,0
OI-007329,ORD-004639,PROD-00171,1,6199,0,6199,delivered,none,0
OI-007330,ORD-004639,PROD-00101,1,3599,0,3599,delivered,none,0
OI-007331,ORD-004640,PROD-00110,1,31499,0,31499,delivered,none,0
OI-007332,ORD-004641,PROD-00078,1,1099,54,1045,cancelled,none,1233
OI-007333,ORD-004642,PROD-00132,1,649,0,649,delivered,none,0
OI-007334,ORD-004643,PROD-00114,1,999,79,920,delivered,none,0
OI-007335,ORD-004644,PROD-00257,1,7099,709,6390,delivered,none,0
OI-007336,ORD-004645,PROD-00174,1,7899,789,7110,delivered,none,0
OI-007337,ORD-004645,PROD-00024,1,1399,139,1260,delivered,none,0
OI-007338,ORD-004646,PROD-00115,1,1999,0,1999,delivered,none,0
OI-007339,ORD-004647,PROD-00021,1,3999,0,3999,delivered,none,0
OI-007340,ORD-004648,PROD-00225,1,18999,0,18999,delivered,none,0
OI-007341,ORD-004649,PROD-00029,1,149,0,149,delivered,none,0
OI-007342,ORD-004650,PROD-00215,1,76499,6119,70380,delivered,none,0
OI-007343,ORD-004651,PROD-00241,1,26499,1324,25175,delivered,none,0
OI-007344,ORD-004652,PROD-00214,1,22999,2759,20240,delivered,none,0
OI-007345,ORD-004653,PROD-00161,1,7099,0,7099,delivered,none,0
OI-007346,ORD-004654,PROD-00057,3,2499,749,6748,delivered,none,0
OI-007347,ORD-004654,PROD-00033,1,6399,639,5760,delivered,none,0
OI-007348,ORD-004655,PROD-00080,1,4499,0,4499,delivered,none,0
OI-007349,ORD-004656,PROD-00009,1,2699,323,2376,delivered,none,0
OI-007350,ORD-004656,PROD-00127,1,3199,383,2816,delivered,none,0
OI-007351,ORD-004657,PROD-00052,1,6099,609,5490,delivered,none,0
OI-007352,ORD-004658,PROD-00127,1,3199,0,3199,delivered,none,0
OI-007353,ORD-004659,PROD-00269,1,2499,199,2300,delivered,none,0
OI-007354,ORD-004660,PROD-00072,1,6799,679,6120,delivered,none,0
OI-007355,ORD-004661,PROD-00118,2,579,0,1158,delivered,none,0
OI-007356,ORD-004661,PROD-00003,1,1399,0,1399,delivered,none,0
OI-007357,ORD-004661,PROD-00127,1,2999,0,2999,delivered,none,0
OI-007358,ORD-004662,PROD-00014,1,959,115,844,delivered,none,0
OI-007359,ORD-004662,PROD-00112,1,5699,683,5016,delivered,none,0
OI-007360,ORD-004662,PROD-00174,1,7899,947,6952,delivered,none,0
OI-007361,ORD-004663,PROD-00132,1,619,0,619,delivered,none,0
OI-007362,ORD-004664,PROD-00017,1,149,0,149,delivered,none,0
OI-007363,ORD-004665,PROD-00017,1,139,0,139,delivered,none,0
OI-007364,ORD-004666,PROD-00127,2,3199,319,6079,delivered,none,0
OI-007365,ORD-004667,PROD-00281,1,4099,409,3690,returned,refunded,4354
OI-007366,ORD-004668,PROD-00032,1,139,0,139,delivered,none,0
OI-007367,ORD-004669,PROD-00024,1,1199,0,1199,delivered,none,0
OI-007368,ORD-004670,PROD-00021,1,4199,209,3990,delivered,none,0
OI-007369,ORD-004671,PROD-00090,1,8199,0,8199,delivered,none,0
OI-007370,ORD-004671,PROD-00174,1,7699,0,7699,delivered,none,0
OI-007371,ORD-004672,PROD-00264,1,22999,0,22999,delivered,none,0
OI-007372,ORD-004673,PROD-00161,1,6899,551,6348,delivered,none,0
OI-007373,ORD-004674,PROD-00113,1,3499,174,3325,cancelled,none,0
OI-007374,ORD-004675,PROD-00264,1,22999,0,22999,delivered,none,0
OI-007375,ORD-004676,PROD-00174,1,7699,0,7699,delivered,none,0
OI-007376,ORD-004677,PROD-00161,1,6899,0,6899,delivered,none,0
OI-007377,ORD-004678,PROD-00272,1,20499,2049,18450,returned,refunded,21771
OI-007378,ORD-004679,PROD-00066,1,909,45,864,delivered,none,0
OI-007379,ORD-004679,PROD-00176,1,6499,324,6175,delivered,none,0
OI-007380,ORD-004680,PROD-00108,1,7999,0,7999,delivered,none,0
OI-007381,ORD-004681,PROD-00104,1,12999,0,12999,delivered,none,0
OI-007382,ORD-004681,PROD-00161,1,6899,0,6899,delivered,none,0
OI-007383,ORD-004681,PROD-00113,1,3499,0,3499,delivered,none,0
OI-007384,ORD-004681,PROD-00127,1,3299,0,3299,delivered,none,0
OI-007385,ORD-004681,PROD-00021,1,3999,0,3999,delivered,none,0
OI-007386,ORD-004682,PROD-00161,1,6899,344,6555,delivered,none,0
OI-007387,ORD-004683,PROD-00127,1,3199,159,3040,delivered,none,0
OI-007388,ORD-004684,PROD-00028,1,4799,0,4799,returned,refunded,5663
OI-007389,ORD-004685,PROD-00114,1,999,79,920,delivered,none,0
OI-007390,ORD-004686,PROD-00027,1,149,0,149,delivered,none,0
OI-007391,ORD-004687,PROD-00127,2,3199,0,6398,delivered,none,0
OI-007392,ORD-004688,PROD-00174,1,7999,799,7200,delivered,none,0
OI-007393,ORD-004689,PROD-00127,1,3199,0,3199,delivered,none,0
OI-007394,ORD-004690,PROD-00132,1,649,77,572,delivered,rejected,0
OI-007395,ORD-004690,PROD-00070,1,509,61,448,delivered,rejected,0
OI-007396,ORD-004690,PROD-00030,1,1199,143,1056,delivered,rejected,0
OI-007397,ORD-004691,PROD-00017,1,149,0,149,delivered,none,0
OI-007398,ORD-004692,PROD-00251,1,8799,0,8799,delivered,none,0
OI-007399,ORD-004693,PROD-00168,1,739,0,739,cancelled,none,0
OI-007400,ORD-004694,PROD-00057,1,2299,0,2299,delivered,none,0
OI-007401,ORD-004694,PROD-00064,2,1899,0,3798,delivered,none,0
OI-007402,ORD-004695,PROD-00269,1,2499,0,2499,cancelled,none,2949
OI-007403,ORD-004696,PROD-00168,1,709,35,674,delivered,none,0
OI-007404,ORD-004697,PROD-00029,1,149,0,149,delivered,none,0
OI-007405,ORD-004698,PROD-00176,1,7099,0,7099,delivered,none,0
OI-007406,ORD-004699,PROD-00259,1,8699,0,8699,cancelled,none,10265
OI-007407,ORD-004699,PROD-00138,1,149999,0,149999,cancelled,none,176999
OI-007408,ORD-004699,PROD-00014,2,999,0,1998,cancelled,none,2358
OI-007409,ORD-004700,PROD-00111,1,999,99,900,returned,refunded,1062
OI-007410,ORD-004701,PROD-00104,1,12999,1039,11960,delivered,none,0
OI-007411,ORD-004702,PROD-00132,1,699,0,699,delivered,none,0
OI-007412,ORD-004703,PROD-00174,1,7299,729,6570,returned,refunded,7753
OI-007413,ORD-004704,PROD-00052,1,5899,0,5899,delivered,none,0
OI-007414,ORD-004705,PROD-00029,1,149,0,149,delivered,none,0
OI-007415,ORD-004705,PROD-00069,1,1399,0,1399,delivered,none,0
OI-007416,ORD-004706,PROD-00175,1,759,75,684,delivered,none,0
OI-007417,ORD-004706,PROD-00029,1,149,14,135,delivered,none,0
OI-007418,ORD-004707,PROD-00099,1,999,0,999,delivered,none,0
OI-007419,ORD-004707,PROD-00017,2,149,0,298,delivered,none,0
OI-007420,ORD-004707,PROD-00171,1,6199,0,6199,delivered,none,0
OI-007421,ORD-004707,PROD-00132,3,649,0,1947,delivered,none,0
OI-007422,ORD-004708,PROD-00017,1,139,6,133,delivered,none,0
OI-007423,ORD-004709,PROD-00126,1,14499,724,13775,delivered,none,0
OI-007424,ORD-004709,PROD-00197,1,7199,359,6840,delivered,none,0
OI-007425,ORD-004710,PROD-00161,1,6899,0,6899,cancelled,none,0
OI-007426,ORD-004711,PROD-00159,2,1999,199,3799,delivered,none,0
OI-007427,ORD-004711,PROD-00029,1,159,7,152,delivered,none,0
OI-007428,ORD-004712,PROD-00031,1,239,0,239,delivered,none,0
OI-007429,ORD-004712,PROD-00052,1,5899,0,5899,delivered,none,0
OI-007430,ORD-004712,PROD-00174,1,7699,0,7699,delivered,none,0
OI-007431,ORD-004712,PROD-00077,1,39999,0,39999,delivered,none,0
OI-007432,ORD-004713,PROD-00161,1,6899,827,6072,cancelled,none,7165
OI-007433,ORD-004714,PROD-00159,1,1999,0,1999,delivered,none,0
OI-007434,ORD-004715,PROD-00017,1,149,0,149,delivered,none,0
OI-007435,ORD-004716,PROD-00251,1,8499,0,8499,delivered,none,0
OI-007436,ORD-004716,PROD-00102,1,1499,0,1499,delivered,none,0
OI-007437,ORD-004717,PROD-00029,1,139,11,128,delivered,none,0
OI-007438,ORD-004718,PROD-00200,1,27499,2199,25300,delivered,none,0
OI-007439,ORD-004719,PROD-00251,1,8499,1019,7480,delivered,none,0
OI-007440,ORD-004720,PROD-00057,1,2699,215,2484,delivered,none,0
OI-007441,ORD-004721,PROD-00025,1,679,54,625,delivered,none,0
OI-007442,ORD-004722,PROD-00099,1,999,0,999,delivered,none,0
OI-007443,ORD-004723,PROD-00206,1,26499,2119,24380,delivered,none,0
OI-007444,ORD-004723,PROD-00017,2,149,23,275,delivered,none,0
OI-007445,ORD-004724,PROD-00161,1,6899,344,6555,delivered,none,0
OI-007446,ORD-004724,PROD-00269,1,2599,129,2470,delivered,none,0
OI-007447,ORD-004725,PROD-00003,1,1399,0,1399,delivered,none,0
OI-007448,ORD-004726,PROD-00111,1,919,91,828,delivered,none,0
OI-007449,ORD-004727,PROD-00052,1,5899,294,5605,delivered,rejected,0
OI-007450,ORD-004727,PROD-00028,1,4899,244,4655,delivered,none,0
OI-007451,ORD-004728,PROD-00101,1,3299,0,3299,delivered,none,0
OI-007452,ORD-004729,PROD-00114,1,919,0,919,delivered,none,0
OI-007453,ORD-004730,PROD-00251,1,8499,0,8499,delivered,none,0
OI-007454,ORD-004730,PROD-00174,1,7899,0,7899,delivered,none,0
OI-007455,ORD-004730,PROD-00006,1,149,0,149,delivered,none,0
OI-007456,ORD-004730,PROD-00029,1,159,0,159,delivered,none,0
OI-007457,ORD-004731,PROD-00151,1,27999,2799,25200,delivered,none,0
OI-007458,ORD-004732,PROD-00260,1,4999,0,4999,cancelled,none,5899
OI-007459,ORD-004732,PROD-00244,1,9499,0,9499,cancelled,none,11209
OI-007460,ORD-004732,PROD-00057,1,2499,0,2499,cancelled,none,2949
OI-007461,ORD-004733,PROD-00270,1,699,0,699,delivered,none,0
OI-007462,ORD-004734,PROD-00066,1,879,0,879,delivered,none,0
OI-007463,ORD-004734,PROD-00053,1,5999,0,5999,delivered,none,0
OI-007464,ORD-004735,PROD-00080,1,4699,234,4465,delivered,none,0
OI-007465,ORD-004735,PROD-00172,3,1199,179,3418,delivered,none,0
OI-007466,ORD-004736,PROD-00070,1,469,37,432,cancelled,none,510
OI-007467,ORD-004737,PROD-00081,1,19499,1559,17940,delivered,rejected,0
OI-007468,ORD-004738,PROD-00017,1,149,14,135,delivered,none,0
OI-007469,ORD-004738,PROD-00029,1,149,14,135,delivered,none,0
OI-007470,ORD-004738,PROD-00174,1,8299,829,7470,delivered,none,0
OI-007471,ORD-004739,PROD-00125,1,499,0,499,delivered,none,0
OI-007472,ORD-004740,PROD-00127,1,3199,255,2944,delivered,none,0
OI-007473,ORD-004740,PROD-00123,1,15999,1279,14720,delivered,none,0
OI-007474,ORD-004740,PROD-00020,1,149,11,138,delivered,none,0
OI-007475,ORD-004740,PROD-00029,1,149,11,138,delivered,none,0
OI-007476,ORD-004741,PROD-00161,1,6899,0,6899,delivered,none,0
OI-007477,ORD-004741,PROD-00013,1,4999,0,4999,delivered,none,0
OI-007478,ORD-004741,PROD-00057,1,2399,0,2399,delivered,none,0
OI-007479,ORD-004742,PROD-00057,1,2499,249,2250,delivered,none,0
OI-007480,ORD-004742,PROD-00027,1,149,14,135,delivered,none,0
OI-007481,ORD-004742,PROD-00017,1,139,13,126,delivered,none,0
OI-007482,ORD-004743,PROD-00158,1,105999,5299,100700,delivered,none,0
OI-007483,ORD-004743,PROD-00057,1,2599,129,2470,delivered,none,0
OI-007484,ORD-004744,PROD-00161,1,6899,0,6899,delivered,none,0
OI-007485,ORD-004744,PROD-00227,1,53499,0,53499,delivered,none,0
OI-007486,ORD-004745,PROD-00017,1,139,6,133,returned,refunded,157
OI-007487,ORD-004746,PROD-00029,1,149,0,149,delivered,none,0
OI-007488,ORD-004747,PROD-00127,1,3299,329,2970,delivered,none,0
OI-007489,ORD-004748,PROD-00202,1,6399,511,5888,delivered,none,0
OI-007490,ORD-004748,PROD-00032,1,149,11,138,delivered,none,0
OI-007491,ORD-004748,PROD-00011,1,309,24,285,delivered,none,0
OI-007492,ORD-004749,PROD-00258,1,2099,251,1848,delivered,none,0
OI-007493,ORD-004750,PROD-00132,1,699,83,616,returned,refunded,727
OI-007494,ORD-004751,PROD-00188,1,74999,5999,69000,delivered,none,0
OI-007495,ORD-004752,PROD-00012,1,149,0,149,cancelled,none,0
OI-007496,ORD-004752,PROD-00017,2,149,0,298,cancelled,none,0
OI-007497,ORD-004753,PROD-00026,1,4299,0,4299,delivered,none,0
OI-007498,ORD-004754,PROD-00080,1,4499,0,4499,delivered,none,0
OI-007499,ORD-004755,PROD-00270,1,699,69,630,delivered,none,0
OI-007500,ORD-004756,PROD-00161,1,6899,827,6072,delivered,none,0
OI-007501,ORD-004756,PROD-00017,1,149,17,132,delivered,none,0
OI-007502,ORD-004757,PROD-00280,1,9999,799,9200,cancelled,none,10856
OI-007503,ORD-004757,PROD-00072,1,6799,543,6256,cancelled,none,7382
OI-007504,ORD-004757,PROD-00032,1,149,11,138,cancelled,none,163
OI-007505,ORD-004758,PROD-00127,1,3299,164,3135,cancelled,none,3699
OI-007506,ORD-004759,PROD-00017,1,149,11,138,delivered,none,0
OI-007507,ORD-004760,PROD-00030,1,1099,0,1099,delivered,none,0
OI-007508,ORD-004760,PROD-00174,1,7299,0,7299,delivered,none,0
OI-007509,ORD-004761,PROD-00104,1,12499,0,12499,returned,refunded,14749
OI-007510,ORD-004762,PROD-00264,1,22999,2759,20240,delivered,none,0
OI-007511,ORD-004763,PROD-00269,1,2499,299,2200,delivered,none,0
OI-007512,ORD-004763,PROD-00251,1,8099,971,7128,delivered,none,0
OI-007513,ORD-004763,PROD-00020,1,149,17,132,delivered,none,0
OI-007514,ORD-004764,PROD-00257,1,7099,0,7099,delivered,received,0
OI-007515,ORD-004765,PROD-00269,1,2499,0,2499,delivered,none,0
OI-007516,ORD-004765,PROD-00127,2,3299,0,6598,delivered,none,0
OI-007517,ORD-004766,PROD-00032,1,149,17,132,delivered,none,0
OI-007518,ORD-004767,PROD-00142,1,179999,14399,165600,delivered,none,0
OI-007519,ORD-004768,PROD-00014,1,999,79,920,delivered,none,0
OI-007520,ORD-004769,PROD-00101,1,3299,395,2904,delivered,none,0
OI-007521,ORD-004769,PROD-00050,1,969,116,853,delivered,none,0
OI-007522,ORD-004770,PROD-00159,1,2099,0,2099,delivered,none,0
OI-007523,ORD-004771,PROD-00127,1,3199,0,3199,delivered,none,0
OI-007524,ORD-004771,PROD-00029,1,159,0,159,delivered,none,0
OI-007525,ORD-004771,PROD-00072,1,6999,0,6999,delivered,none,0
OI-007526,ORD-004772,PROD-00163,1,429,0,429,delivered,none,0
OI-007527,ORD-004773,PROD-00018,1,299,0,299,delivered,none,0
OI-007528,ORD-004773,PROD-00142,1,174999,0,174999,delivered,none,0
OI-007529,ORD-004774,PROD-00206,1,26499,1324,25175,delivered,none,0
OI-007530,ORD-004774,PROD-00013,1,4599,229,4370,delivered,none,0
OI-007531,ORD-004775,PROD-00003,2,1299,0,2598,delivered,none,0
OI-007532,ORD-004776,PROD-00072,1,7299,0,7299,delivered,none,0
OI-007533,ORD-004777,PROD-00174,1,7699,615,7084,delivered,none,0
OI-007534,ORD-004778,PROD-00161,1,6899,551,6348,delivered,none,0
OI-007535,ORD-004778,PROD-00068,1,13499,1079,12420,delivered,none,0
OI-007536,ORD-004778,PROD-00050,1,939,75,864,delivered,none,0
OI-007537,ORD-004779,PROD-00248,1,4799,0,4799,delivered,none,0
OI-007538,ORD-004780,PROD-00127,1,2999,299,2700,delivered,none,0
OI-007539,ORD-004781,PROD-00057,1,2699,323,2376,cancelled,none,0
OI-007540,ORD-004782,PROD-00127,1,3499,0,3499,delivered,none,0
OI-007541,ORD-004782,PROD-00174,1,7899,0,7899,delivered,none,0
OI-007542,ORD-004782,PROD-00248,1,4999,0,4999,delivered,none,0
OI-007543,ORD-004783,PROD-00264,1,21999,1759,20240,cancelled,none,0
OI-007544,ORD-004784,PROD-00279,1,20499,0,20499,cancelled,none,0
OI-007545,ORD-004785,PROD-00059,1,539,26,513,delivered,none,0
OI-007546,ORD-004786,PROD-00264,1,22999,0,22999,cancelled,none,27139
OI-007547,ORD-004787,PROD-00057,1,2399,287,2112,delivered,none,0
OI-007548,ORD-004788,PROD-00114,1,999,0,999,delivered,none,0
OI-007549,ORD-004788,PROD-00057,1,2599,0,2599,delivered,none,0
OI-007550,ORD-004788,PROD-00176,1,6699,0,6699,delivered,rejected,0
OI-007551,ORD-004788,PROD-00054,1,7599,0,7599,delivered,none,0
OI-007552,ORD-004789,PROD-00136,1,68499,0,68499,delivered,none,0
OI-007553,ORD-004790,PROD-00131,1,5399,647,4752,delivered,none,0
OI-007554,ORD-004790,PROD-00012,1,149,17,132,delivered,none,0
OI-007555,ORD-004791,PROD-00065,1,3399,0,3399,delivered,none,0
OI-007556,ORD-004792,PROD-00203,1,24999,0,24999,delivered,none,0
OI-007557,ORD-004792,PROD-00017,1,149,0,149,delivered,none,0
OI-007558,ORD-004792,PROD-00161,1,6299,0,6299,delivered,none,0
OI-007559,ORD-004792,PROD-00114,1,999,0,999,delivered,none,0
OI-007560,ORD-004793,PROD-00017,1,149,17,132,delivered,none,0
OI-007561,ORD-004794,PROD-00029,1,149,0,149,delivered,none,0
OI-007562,ORD-004795,PROD-00057,1,2499,0,2499,delivered,none,0
OI-007563,ORD-004796,PROD-00057,1,2599,0,2599,delivered,none,0
OI-007564,ORD-004797,PROD-00241,1,26499,1324,25175,delivered,none,0
OI-007565,ORD-004798,PROD-00114,1,999,119,880,delivered,none,0
OI-007566,ORD-004798,PROD-00127,1,3299,395,2904,delivered,none,0
OI-007567,ORD-004798,PROD-00171,1,6699,803,5896,delivered,none,0
OI-007568,ORD-004799,PROD-00264,1,22999,2759,20240,delivered,none,0
OI-007569,ORD-004800,PROD-00080,1,4499,0,4499,delivered,none,0
OI-007570,ORD-004800,PROD-00017,1,149,0,149,delivered,none,0
OI-007571,ORD-004800,PROD-00087,1,7499,0,7499,delivered,none,0
OI-007572,ORD-004801,PROD-00127,1,3499,419,3080,returned,refunded,3634
OI-007573,ORD-004801,PROD-00063,1,8999,1079,7920,returned,refunded,9346
OI-007574,ORD-004801,PROD-00159,1,1799,215,1584,delivered,rejected,0
OI-007575,ORD-004802,PROD-00017,1,149,14,135,delivered,none,0
OI-007576,ORD-004802,PROD-00161,1,6899,689,6210,delivered,none,0
OI-007577,ORD-004803,PROD-00032,1,149,0,149,delivered,none,0
OI-007578,ORD-004804,PROD-00017,2,149,14,284,delivered,none,0
OI-007579,ORD-004805,PROD-00127,1,3199,0,3199,delivered,none,0
OI-007580,ORD-004806,PROD-00029,1,149,14,135,delivered,none,0
OI-007581,ORD-004807,PROD-00021,1,3699,0,3699,delivered,rejected,0
OI-007582,ORD-004807,PROD-00172,1,1199,0,1199,returned,refunded,1415
OI-007583,ORD-004807,PROD-00251,1,8499,0,8499,returned,refunded,10029
OI-007584,ORD-004808,PROD-00072,1,6999,0,6999,delivered,none,0
OI-007585,ORD-004809,PROD-00099,1,999,79,920,delivered,none,0
OI-007586,ORD-004809,PROD-00161,1,7099,567,6532,delivered,none,0
OI-007587,ORD-004809,PROD-00062,1,499,39,460,delivered,none,0
OI-007588,ORD-004809,PROD-00273,1,1199,95,1104,delivered,none,0
OI-007589,ORD-004810,PROD-00024,1,1299,0,1299,delivered,none,0
OI-007590,ORD-004811,PROD-00296,1,11499,919,10580,returned,refunded,12484
OI-007591,ORD-004811,PROD-00280,1,10499,839,9660,delivered,none,0
OI-007592,ORD-004812,PROD-00126,1,14999,1199,13800,delivered,none,0
OI-007593,ORD-004813,PROD-00161,1,6899,0,6899,delivered,none,0
OI-007594,ORD-004814,PROD-00020,1,149,11,138,returned,refunded,163
OI-007595,ORD-004815,PROD-00269,1,2499,0,2499,delivered,none,0
OI-007596,ORD-004815,PROD-00161,1,7199,0,7199,delivered,none,0
OI-007597,ORD-004816,PROD-00020,1,139,16,123,delivered,none,0
OI-007598,ORD-004816,PROD-00024,1,1299,155,1144,delivered,none,0
OI-007599,ORD-004817,PROD-00017,1,139,16,123,delivered,none,0
OI-007600,ORD-004818,PROD-00168,2,709,0,1418,delivered,none,0
OI-007601,ORD-004819,PROD-00104,1,12999,0,12999,delivered,none,0
OI-007602,ORD-004820,PROD-00265,1,9999,499,9500,delivered,none,0
OI-007603,ORD-004820,PROD-00025,2,759,75,1443,delivered,none,0
OI-007604,ORD-004821,PROD-00029,1,149,7,142,delivered,none,0
OI-007605,ORD-004822,PROD-00251,1,9199,1103,8096,delivered,none,0
OI-007606,ORD-004823,PROD-00017,1,149,0,149,delivered,none,0
OI-007607,ORD-004823,PROD-00269,1,2599,0,2599,delivered,none,0
OI-007608,ORD-004824,PROD-00270,1,699,0,699,returned,refunded,825
OI-007609,ORD-004825,PROD-00025,1,759,0,759,delivered,none,0
OI-007610,ORD-004826,PROD-00269,1,2699,0,2699,delivered,none,0
OI-007611,ORD-004827,PROD-00161,1,7399,739,6660,delivered,none,0
OI-007612,ORD-004828,PROD-00017,2,149,35,263,delivered,none,0
OI-007613,ORD-004829,PROD-00253,1,7699,923,6776,delivered,none,0
OI-007614,ORD-004829,PROD-00168,1,649,77,572,delivered,none,0
OI-007615,ORD-004829,PROD-00286,1,25499,3059,22440,delivered,none,0
OI-007616,ORD-004830,PROD-00279,1,20499,0,20499,delivered,none,0
OI-007617,ORD-004831,PROD-00251,1,8499,0,8499,delivered,none,0
OI-007618,ORD-004832,PROD-00264,1,23499,0,23499,delivered,none,0
OI-007619,ORD-004832,PROD-00017,1,159,0,159,delivered,none,0
OI-007620,ORD-004833,PROD-00055,1,14499,0,14499,cancelled,none,0
OI-007621,ORD-004833,PROD-00109,1,3299,0,3299,cancelled,none,0
OI-007622,ORD-004833,PROD-00104,1,12499,0,12499,cancelled,none,0
OI-007623,ORD-004834,PROD-00245,1,20999,0,20999,delivered,none,0
OI-007624,ORD-004835,PROD-00174,1,7899,0,7899,delivered,none,0
OI-007625,ORD-004836,PROD-00131,1,5899,294,5605,delivered,none,0
OI-007626,ORD-004836,PROD-00159,2,1999,199,3799,delivered,none,0
OI-007627,ORD-004837,PROD-00021,1,3999,399,3600,delivered,none,0
OI-007628,ORD-004838,PROD-00118,2,579,92,1066,delivered,none,0
OI-007629,ORD-004839,PROD-00021,1,4299,515,3784,returned,refunded,4465
OI-007630,ORD-004840,PROD-00099,1,1099,0,1099,delivered,none,0
OI-007631,ORD-004841,PROD-00127,1,3299,329,2970,delivered,none,0
OI-007632,ORD-004841,PROD-00159,1,1999,199,1800,delivered,none,0
OI-007633,ORD-004842,PROD-00299,1,24999,1999,23000,delivered,none,0
OI-007634,ORD-004843,PROD-00017,1,149,0,149,delivered,none,0
OI-007635,ORD-004844,PROD-00028,1,4799,0,4799,delivered,none,0
OI-007636,ORD-004845,PROD-00099,1,999,119,880,delivered,none,0
OI-007637,ORD-004845,PROD-00196,1,18999,2279,16720,delivered,none,0
OI-007638,ORD-004845,PROD-00174,1,7699,923,6776,delivered,none,0
OI-007639,ORD-004845,PROD-00068,1,13999,1679,12320,delivered,none,0
OI-007640,ORD-004845,PROD-00017,1,149,17,132,delivered,none,0
OI-007641,ORD-004846,PROD-00269,1,2599,207,2392,delivered,none,0
OI-007642,ORD-004846,PROD-00017,1,149,11,138,delivered,none,0
OI-007643,ORD-004846,PROD-00250,1,2099,167,1932,delivered,none,0
OI-007644,ORD-004847,PROD-00111,1,999,119,880,delivered,none,0
OI-007645,ORD-004848,PROD-00171,1,6699,0,6699,delivered,none,0
OI-007646,ORD-004848,PROD-00208,1,24999,0,24999,delivered,none,0
OI-007647,ORD-004848,PROD-00017,1,149,0,149,delivered,none,0
OI-007648,ORD-004849,PROD-00174,1,7099,0,7099,delivered,none,0
OI-007649,ORD-004850,PROD-00197,1,6699,0,6699,cancelled,none,7905
OI-007650,ORD-004850,PROD-00016,1,1999,0,1999,cancelled,none,2359
OI-007651,ORD-004851,PROD-00251,1,8499,849,7650,delivered,none,0
OI-007652,ORD-004852,PROD-00004,1,2199,263,1936,delivered,none,0
OI-007653,ORD-004853,PROD-00071,1,3399,0,3399,returned,refunded,4011
OI-007654,ORD-004853,PROD-00120,1,6799,0,6799,returned,refunded,8023
OI-007655,ORD-004854,PROD-00070,1,469,37,432,delivered,none,0
OI-007656,ORD-004854,PROD-00168,1,709,56,653,delivered,none,0
OI-007657,ORD-004855,PROD-00127,1,3199,0,3199,delivered,none,0
OI-007658,ORD-004856,PROD-00127,1,3199,159,3040,delivered,none,0
OI-007659,ORD-004857,PROD-00067,1,5399,0,5399,delivered,received,0
OI-007660,ORD-004858,PROD-00101,1,3299,395,2904,delivered,none,0
OI-007661,ORD-004859,PROD-00017,1,149,17,132,delivered,none,0
OI-007662,ORD-004860,PROD-00250,1,1999,0,1999,delivered,none,0
OI-007663,ORD-004861,PROD-00264,1,22999,1149,21850,delivered,none,0
OI-007664,ORD-004861,PROD-00005,1,5499,274,5225,delivered,none,0
OI-007665,ORD-004861,PROD-00008,1,4299,214,4085,delivered,none,0
OI-007666,ORD-004862,PROD-00017,2,149,23,275,delivered,none,0
OI-007667,ORD-004862,PROD-00203,1,24999,1999,23000,delivered,none,0
OI-007668,ORD-004863,PROD-00119,1,9899,0,9899,delivered,none,0
OI-007669,ORD-004864,PROD-00176,1,7399,739,6660,delivered,none,0
OI-007670,ORD-004865,PROD-00249,1,8899,0,8899,delivered,none,0
OI-007671,ORD-004865,PROD-00204,2,27499,0,54998,delivered,none,0
OI-007672,ORD-004865,PROD-00131,1,5899,0,5899,delivered,none,0
OI-007673,ORD-004866,PROD-00029,1,149,0,149,delivered,none,0
OI-007674,ORD-004867,PROD-00013,1,4999,0,4999,delivered,none,0
OI-007675,ORD-004868,PROD-00174,1,7299,583,6716,delivered,none,0
OI-007676,ORD-004869,PROD-00062,1,539,26,513,delivered,none,0
OI-007677,ORD-004869,PROD-00128,1,949,47,902,delivered,none,0
OI-007678,ORD-004870,PROD-00169,3,2799,839,7558,delivered,none,0
OI-007679,ORD-004871,PROD-00101,1,3299,0,3299,delivered,none,0
OI-007680,ORD-004872,PROD-00114,1,999,0,999,delivered,none,0
OI-007681,ORD-004872,PROD-00174,1,7099,0,7099,delivered,none,0
OI-007682,ORD-004873,PROD-00127,1,3199,255,2944,delivered,none,0
OI-007683,ORD-004874,PROD-00275,1,39499,1974,37525,returned,refunded,44280
OI-007684,ORD-004874,PROD-00003,1,1399,69,1330,returned,refunded,1569
OI-007685,ORD-004875,PROD-00030,1,1099,0,1099,delivered,none,0
OI-007686,ORD-004875,PROD-00029,1,149,0,149,delivered,none,0
OI-007687,ORD-004876,PROD-00051,1,6099,609,5490,delivered,none,0
OI-007688,ORD-004876,PROD-00174,1,8299,829,7470,delivered,none,0
OI-007689,ORD-004877,PROD-00081,1,19499,0,19499,delivered,none,0
OI-007690,ORD-004878,PROD-00057,2,2499,499,4499,delivered,none,0
OI-007691,ORD-004878,PROD-00017,1,149,14,135,delivered,none,0
OI-007692,ORD-004879,PROD-00070,1,499,0,499,cancelled,none,589
OI-007693,ORD-004880,PROD-00057,1,2399,119,2280,delivered,none,0
OI-007694,ORD-004880,PROD-00063,1,8999,449,8550,delivered,none,0
OI-007695,ORD-004881,PROD-00054,1,7899,0,7899,delivered,none,0
OI-007696,ORD-004881,PROD-00072,1,7299,0,7299,delivered,none,0
OI-007697,ORD-004882,PROD-00168,2,709,113,1305,delivered,none,0
OI-007698,ORD-004883,PROD-00264,1,22999,0,22999,delivered,none,0
OI-007699,ORD-004884,PROD-00127,1,3199,0,3199,delivered,none,0
OI-007700,ORD-004885,PROD-00096,1,9199,459,8740,delivered,none,0
OI-007701,ORD-004886,PROD-00020,2,149,0,298,returned,refunded,352
OI-007702,ORD-004886,PROD-00166,1,5699,0,5699,returned,refunded,6725
OI-007703,ORD-004886,PROD-00003,1,1399,0,1399,delivered,rejected,0
OI-007704,ORD-004886,PROD-00226,1,7099,0,7099,returned,refunded,8377
OI-007705,ORD-004887,PROD-00159,1,2199,0,2199,delivered,none,0
OI-007706,ORD-004887,PROD-00132,1,649,0,649,delivered,none,0
OI-007707,ORD-004888,PROD-00174,1,7999,799,7200,delivered,none,0
OI-007708,ORD-004889,PROD-00257,1,7099,709,6390,delivered,none,0
OI-007709,ORD-004890,PROD-00132,1,649,32,617,delivered,none,0
OI-007710,ORD-004891,PROD-00032,1,149,0,149,cancelled,none,0
OI-007711,ORD-004892,PROD-00283,1,18499,0,18499,delivered,none,0
OI-007712,ORD-004893,PROD-00264,1,22999,2759,20240,cancelled,none,23883
OI-007713,ORD-004894,PROD-00063,1,8299,0,8299,delivered,none,0
OI-007714,ORD-004895,PROD-00011,1,289,23,266,delivered,none,0
OI-007715,ORD-004896,PROD-00026,1,4299,0,4299,cancelled,none,5073
OI-007716,ORD-004897,PROD-00270,1,749,0,749,delivered,none,0
OI-007717,ORD-004897,PROD-00053,1,6299,0,6299,delivered,none,0
OI-007718,ORD-004898,PROD-00113,1,3499,0,3499,delivered,none,0
OI-007719,ORD-004899,PROD-00056,1,3599,0,3599,delivered,none,0
OI-007720,ORD-004900,PROD-00020,1,159,7,152,delivered,none,0
OI-007721,ORD-004901,PROD-00266,1,23499,2819,20680,delivered,none,0
OI-007722,ORD-004901,PROD-00028,1,5199,623,4576,delivered,none,0
OI-007723,ORD-004902,PROD-00033,1,6399,0,6399,delivered,none,0
OI-007724,ORD-004902,PROD-00161,1,6299,0,6299,delivered,none,0
OI-007725,ORD-004903,PROD-00011,1,319,38,281,delivered,none,0
OI-007726,ORD-004903,PROD-00017,1,149,17,132,delivered,none,0
OI-007727,ORD-004903,PROD-00033,1,6399,767,5632,delivered,none,0
OI-007728,ORD-004903,PROD-00127,1,3199,383,2816,delivered,none,0
OI-007729,ORD-004904,PROD-00127,1,2899,231,2668,returned,refunded,3148
OI-007730,ORD-004904,PROD-00072,1,7099,567,6532,delivered,rejected,0
OI-007731,ORD-004905,PROD-00032,1,149,17,132,delivered,none,0
OI-007732,ORD-004906,PROD-00072,1,6299,314,5985,delivered,none,0
OI-007733,ORD-004907,PROD-00286,1,25499,0,25499,delivered,none,0
OI-007734,ORD-004907,PROD-00267,1,14499,0,14499,delivered,none,0
OI-007735,ORD-004908,PROD-00264,1,23999,0,23999,delivered,none,0
OI-007736,ORD-004908,PROD-00017,2,149,0,298,delivered,none,0
OI-007737,ORD-004909,PROD-00240,1,7999,959,7040,delivered,none,0
OI-007738,ORD-004910,PROD-00167,2,2499,599,4399,delivered,none,0
OI-007739,ORD-004911,PROD-00174,1,7099,851,6248,delivered,none,0
OI-007740,ORD-004912,PROD-00251,1,8499,0,8499,delivered,none,0
OI-007741,ORD-004912,PROD-00269,1,2599,0,2599,delivered,none,0
OI-007742,ORD-004913,PROD-00099,1,999,0,999,delivered,none,0
OI-007743,ORD-004914,PROD-00161,1,6899,551,6348,delivered,none,0
OI-007744,ORD-004914,PROD-00151,1,28999,2319,26680,delivered,none,0
OI-007745,ORD-004915,PROD-00277,1,1099,0,1099,delivered,none,0
OI-007746,ORD-004916,PROD-00167,1,2699,215,2484,delivered,none,0
OI-007747,ORD-004916,PROD-00127,1,2899,231,2668,delivered,none,0
OI-007748,ORD-004917,PROD-00238,1,33499,2679,30820,delivered,none,0
OI-007749,ORD-004917,PROD-00251,1,8499,679,7820,delivered,none,0
OI-007750,ORD-004918,PROD-00024,1,1299,0,1299,delivered,none,0
OI-007751,ORD-004919,PROD-00003,1,1399,69,1330,delivered,none,0
OI-007752,ORD-004920,PROD-00009,1,2699,0,2699,delivered,none,0
OI-007753,ORD-004921,PROD-00127,1,3299,0,3299,delivered,none,0
OI-007754,ORD-004921,PROD-00057,1,2499,0,2499,delivered,none,0
OI-007755,ORD-004921,PROD-00072,1,6799,0,6799,delivered,none,0
OI-007756,ORD-004921,PROD-00174,1,7699,0,7699,delivered,none,0
OI-007757,ORD-004922,PROD-00159,2,1999,0,3998,delivered,rejected,0
OI-007758,ORD-004922,PROD-00029,1,149,0,149,delivered,rejected,0
OI-007759,ORD-004922,PROD-00003,2,1399,0,2798,returned,refunded,3302
OI-007760,ORD-004922,PROD-00161,1,6899,0,6899,returned,refunded,8141
OI-007761,ORD-004923,PROD-00118,1,599,0,599,delivered,none,0
OI-007762,ORD-004924,PROD-00176,1,7099,709,6390,returned,refunded,7540
OI-007763,ORD-004925,PROD-00169,1,2999,239,2760,delivered,none,0
OI-007764,ORD-004926,PROD-00067,1,5399,0,5399,delivered,none,0
OI-007765,ORD-004927,PROD-00270,1,699,69,630,delivered,none,0
OI-007766,ORD-004928,PROD-00114,1,949,94,855,delivered,none,0
OI-007767,ORD-004929,PROD-00111,1,999,119,880,cancelled,none,1038
OI-007768,ORD-004930,PROD-00021,1,3799,0,3799,delivered,none,0
OI-007769,ORD-004930,PROD-00110,1,32999,0,32999,delivered,none,0
OI-007770,ORD-004930,PROD-00073,1,1099,0,1099,delivered,none,0
OI-007771,ORD-004930,PROD-00161,1,6299,0,6299,delivered,none,0
OI-007772,ORD-004931,PROD-00120,1,6799,679,6120,delivered,none,0
OI-007773,ORD-004932,PROD-00033,1,6599,659,5940,delivered,none,0
OI-007774,ORD-004933,PROD-00111,1,999,99,900,delivered,none,0
OI-007775,ORD-004934,PROD-00101,1,3299,164,3135,delivered,none,0
OI-007776,ORD-004935,PROD-00023,1,199,0,199,delivered,none,0
OI-007777,ORD-004936,PROD-00270,1,699,0,699,delivered,none,0
OI-007778,ORD-004936,PROD-00105,1,37999,0,37999,delivered,none,0
OI-007779,ORD-004936,PROD-00174,1,7699,0,7699,delivered,none,0
OI-007780,ORD-004937,PROD-00071,1,3499,0,3499,delivered,none,0
OI-007781,ORD-004938,PROD-00120,1,6699,803,5896,delivered,none,0
OI-007782,ORD-004939,PROD-00080,1,4499,539,3960,delivered,none,0
OI-007783,ORD-004940,PROD-00127,2,3499,559,6439,delivered,none,0
OI-007784,ORD-004941,PROD-00029,2,149,0,298,delivered,none,0
OI-007785,ORD-004942,PROD-00032,1,149,0,149,delivered,none,0
OI-007786,ORD-004943,PROD-00006,1,139,0,139,delivered,none,0
OI-007787,ORD-004943,PROD-00024,1,1299,0,1299,delivered,none,0
OI-007788,ORD-004944,PROD-00163,1,479,0,479,delivered,none,0
OI-007789,ORD-004945,PROD-00270,1,699,0,699,cancelled,none,825
OI-007790,ORD-004946,PROD-00052,1,5899,0,5899,delivered,none,0
OI-007791,ORD-004946,PROD-00060,1,9999,0,9999,delivered,none,0
OI-007792,ORD-004947,PROD-00057,2,2699,0,5398,delivered,none,0
OI-007793,ORD-004948,PROD-00127,1,3199,0,3199,delivered,none,0
OI-007794,ORD-004949,PROD-00224,1,129999,10399,119600,delivered,none,0
OI-007795,ORD-004949,PROD-00020,1,149,11,138,delivered,none,0
OI-007796,ORD-004949,PROD-00080,1,4899,391,4508,delivered,none,0
OI-007797,ORD-004950,PROD-00069,1,1399,69,1330,delivered,none,0
OI-007798,ORD-004950,PROD-00174,1,7299,364,6935,delivered,none,0
OI-007799,ORD-004951,PROD-00134,1,15499,774,14725,returned,refunded,17376
OI-007800,ORD-004952,PROD-00021,1,3999,319,3680,delivered,none,0
OI-007801,ORD-004953,PROD-00114,1,949,113,836,delivered,none,0
OI-007802,ORD-004954,PROD-00269,1,2499,0,2499,delivered,none,0
OI-007803,ORD-004955,PROD-00127,1,2999,299,2700,cancelled,none,0
OI-007804,ORD-004956,PROD-00251,1,9199,735,8464,delivered,none,0
OI-007805,ORD-004956,PROD-00277,1,1099,87,1012,delivered,none,0
OI-007806,ORD-004957,PROD-00256,1,15499,774,14725,delivered,none,0
OI-007807,ORD-004958,PROD-00269,1,2299,0,2299,cancelled,none,2713
OI-007808,ORD-004958,PROD-00017,1,149,0,149,cancelled,none,176
OI-007809,ORD-004958,PROD-00127,1,3199,0,3199,cancelled,none,3775
OI-007810,ORD-004959,PROD-00075,1,63499,0,63499,delivered,none,0
OI-007811,ORD-004959,PROD-00257,1,7099,0,7099,delivered,none,0
OI-007812,ORD-004959,PROD-00017,1,149,0,149,delivered,none,0
OI-007813,ORD-004960,PROD-00256,1,15499,0,15499,delivered,none,0
OI-007814,ORD-004960,PROD-00053,1,5799,0,5799,delivered,none,0
OI-007815,ORD-004961,PROD-00131,1,5899,707,5192,delivered,none,0
OI-007816,ORD-004962,PROD-00161,1,6899,344,6555,delivered,none,0
OI-007817,ORD-004963,PROD-00017,3,149,0,447,delivered,none,0
OI-007818,ORD-004964,PROD-00174,1,7299,0,7299,delivered,none,0
OI-007819,ORD-004965,PROD-00061,1,4499,0,4499,delivered,none,0
OI-007820,ORD-004966,PROD-00204,1,28499,0,28499,delivered,none,0
OI-007821,ORD-004966,PROD-00017,1,159,0,159,delivered,none,0
OI-007822,ORD-004967,PROD-00264,1,22999,1839,21160,delivered,none,0
OI-007823,ORD-004968,PROD-00096,1,8899,1067,7832,delivered,none,0
OI-007824,ORD-004969,PROD-00068,1,12999,0,12999,delivered,none,0
OI-007825,ORD-004969,PROD-00168,1,709,0,709,delivered,none,0
OI-007826,ORD-004970,PROD-00168,1,709,0,709,delivered,none,0
OI-007827,ORD-004970,PROD-00120,1,6999,0,6999,delivered,none,0
OI-007828,ORD-004971,PROD-00005,1,6299,503,5796,delivered,none,0
OI-007829,ORD-004972,PROD-00017,1,149,7,142,delivered,none,0
OI-007830,ORD-004973,PROD-00127,1,3199,0,3199,delivered,none,0
OI-007831,ORD-004974,PROD-00255,1,1399,0,1399,delivered,none,0
OI-007832,ORD-004975,PROD-00132,1,619,30,589,delivered,none,0
OI-007833,ORD-004976,PROD-00028,1,4599,367,4232,delivered,none,0
OI-007834,ORD-004976,PROD-00033,1,6699,535,6164,delivered,none,0
OI-007835,ORD-004976,PROD-00127,1,3199,255,2944,delivered,none,0
OI-007836,ORD-004977,PROD-00025,1,739,88,651,delivered,none,0
OI-007837,ORD-004977,PROD-00171,1,6699,803,5896,delivered,none,0
OI-007838,ORD-004978,PROD-00010,1,5999,0,5999,returned,refunded,7079
OI-007839,ORD-004978,PROD-00127,1,3199,0,3199,returned,refunded,3775
OI-007840,ORD-004979,PROD-00069,1,1399,111,1288,delivered,none,0
OI-007841,ORD-004979,PROD-00235,1,49499,3959,45540,delivered,none,0
OI-007842,ORD-004980,PROD-00159,1,1999,99,1900,delivered,none,0
OI-007843,ORD-004981,PROD-00077,1,39499,4739,34760,delivered,none,0
OI-007844,ORD-004982,PROD-00017,3,149,0,447,delivered,none,0
OI-007845,ORD-004982,PROD-00089,1,21999,0,21999,delivered,none,0
OI-007846,ORD-004983,PROD-00077,1,37999,1899,36100,returned,refunded,42598
OI-007847,ORD-004984,PROD-00176,1,7099,567,6532,delivered,none,0
OI-007848,ORD-004985,PROD-00260,1,4999,249,4750,delivered,none,0
OI-007849,ORD-004986,PROD-00161,1,6899,0,6899,delivered,none,0
OI-007850,ORD-004987,PROD-00161,1,7099,0,7099,delivered,none,0
OI-007851,ORD-004987,PROD-00127,1,3199,0,3199,delivered,none,0
OI-007852,ORD-004988,PROD-00031,1,239,28,211,returned,refunded,249
OI-007853,ORD-004989,PROD-00017,1,149,0,149,delivered,none,0
OI-007854,ORD-004989,PROD-00025,1,679,0,679,delivered,none,0
OI-007855,ORD-004989,PROD-00255,1,1399,0,1399,delivered,none,0
OI-007856,ORD-004989,PROD-00080,1,4099,0,4099,delivered,none,0
OI-007857,ORD-004990,PROD-00077,1,37999,0,37999,delivered,none,0
OI-007858,ORD-004991,PROD-00174,1,7699,0,7699,delivered,none,0
OI-007859,ORD-004991,PROD-00025,2,779,0,1558,delivered,none,0
OI-007860,ORD-004992,PROD-00120,1,6499,0,6499,delivered,none,0
OI-007861,ORD-004993,PROD-00215,1,70499,8459,62040,delivered,none,0
OI-007862,ORD-004993,PROD-00136,1,68499,8219,60280,delivered,none,0
OI-007863,ORD-004993,PROD-00005,1,5299,635,4664,delivered,none,0
OI-007864,ORD-004994,PROD-00270,1,699,0,699,delivered,none,0
OI-007865,ORD-004995,PROD-00127,1,3199,383,2816,delivered,none,0
OI-007866,ORD-004995,PROD-00167,1,2499,299,2200,delivered,none,0
OI-007867,ORD-004996,PROD-00224,1,129999,0,129999,delivered,none,0
OI-007868,ORD-004997,PROD-00029,1,149,11,138,delivered,none,0
OI-007869,ORD-004997,PROD-00005,1,5799,463,5336,delivered,none,0
OI-007870,ORD-004998,PROD-00063,1,8299,414,7885,delivered,none,0
OI-007871,ORD-004999,PROD-00002,1,3199,255,2944,delivered,none,0
OI-007872,ORD-005000,PROD-00127,1,3499,0,3499,delivered,none,0
OI-007873,ORD-005001,PROD-00020,1,149,14,135,delivered,none,0
OI-007874,ORD-005002,PROD-00168,1,709,56,653,delivered,none,0
OI-007875,ORD-005002,PROD-00176,1,7399,591,6808,delivered,none,0
OI-007876,ORD-005002,PROD-00025,1,759,60,699,delivered,none,0
OI-007877,ORD-005002,PROD-00057,2,2299,367,4231,delivered,none,0
OI-007878,ORD-005002,PROD-00059,1,499,39,460,delivered,none,0
OI-007879,ORD-005003,PROD-00105,1,34999,0,34999,delivered,none,0
OI-007880,ORD-005004,PROD-00251,1,8499,424,8075,delivered,none,0
OI-007881,ORD-005005,PROD-00089,1,20499,0,20499,returned,refunded,24189
OI-007882,ORD-005005,PROD-00029,3,149,0,447,returned,refunded,527
OI-007883,ORD-005005,PROD-00174,1,7899,0,7899,delivered,rejected,0
OI-007884,ORD-005005,PROD-00270,1,699,0,699,delivered,rejected,0
OI-007885,ORD-005006,PROD-00165,1,3899,0,3899,delivered,none,0
OI-007886,ORD-005006,PROD-00174,1,7299,0,7299,delivered,none,0
OI-007887,ORD-005007,PROD-00127,1,3199,0,3199,delivered,none,0
OI-007888,ORD-005008,PROD-00029,1,149,7,142,delivered,none,0
OI-007889,ORD-005008,PROD-00168,1,709,35,674,delivered,none,0
OI-007890,ORD-005009,PROD-00251,1,8499,0,8499,delivered,none,0
OI-007891,ORD-005009,PROD-00029,2,149,0,298,delivered,none,0
OI-007892,ORD-005009,PROD-00024,1,1299,0,1299,delivered,none,0
OI-007893,ORD-005009,PROD-00174,1,7999,0,7999,delivered,none,0
OI-007894,ORD-005010,PROD-00154,1,37999,0,37999,delivered,none,0
OI-007895,ORD-005011,PROD-00209,1,19499,0,19499,delivered,none,0
OI-007896,ORD-005012,PROD-00215,1,70499,0,70499,delivered,none,0
OI-007897,ORD-005013,PROD-00174,1,7699,0,7699,delivered,none,0
OI-007898,ORD-005014,PROD-00029,1,149,7,142,delivered,rejected,0
OI-007899,ORD-005015,PROD-00024,1,1299,64,1235,delivered,none,0
OI-007900,ORD-005016,PROD-00006,1,149,7,142,delivered,none,0
OI-007901,ORD-005016,PROD-00127,1,3299,164,3135,delivered,none,0
OI-007902,ORD-005017,PROD-00168,1,709,0,709,delivered,none,0
OI-007903,ORD-005018,PROD-00256,1,15499,774,14725,delivered,none,0
OI-007904,ORD-005018,PROD-00034,1,149,7,142,delivered,none,0
OI-007905,ORD-005019,PROD-00257,1,7099,0,7099,delivered,none,0
OI-007906,ORD-005019,PROD-00101,1,3399,0,3399,delivered,none,0
OI-007907,ORD-005020,PROD-00056,1,3599,0,3599,delivered,none,0
OI-007908,ORD-005020,PROD-00161,1,6299,0,6299,delivered,none,0
OI-007909,ORD-005021,PROD-00237,1,67999,6799,61200,returned,refunded,72216
OI-007910,ORD-005022,PROD-00118,2,579,0,1158,delivered,none,0
OI-007911,ORD-005022,PROD-00063,1,8499,0,8499,delivered,none,0
OI-007912,ORD-005023,PROD-00161,1,6899,344,6555,delivered,none,0
OI-007913,ORD-005024,PROD-00174,1,7699,615,7084,delivered,none,0
OI-007914,ORD-005025,PROD-00295,1,59999,0,59999,delivered,none,0
OI-007915,ORD-005025,PROD-00003,1,1399,0,1399,delivered,none,0
OI-007916,ORD-005026,PROD-00099,1,999,49,950,delivered,none,0
OI-007917,ORD-005027,PROD-00116,1,27999,2799,25200,delivered,none,0
OI-007918,ORD-005027,PROD-00013,1,4999,499,4500,delivered,none,0
OI-007919,ORD-005028,PROD-00106,1,27999,2239,25760,delivered,none,0
OI-007920,ORD-005029,PROD-00031,2,229,36,422,delivered,none,0
OI-007921,ORD-005030,PROD-00159,1,2199,219,1980,delivered,rejected,0
OI-007922,ORD-005031,PROD-00240,1,7999,799,7200,cancelled,none,8496
OI-007923,ORD-005032,PROD-00032,1,149,14,135,delivered,none,0
OI-007924,ORD-005032,PROD-00127,1,3199,319,2880,returned,refunded,3398
OI-007925,ORD-005033,PROD-00269,1,2499,0,2499,delivered,none,0
OI-007926,ORD-005033,PROD-00020,2,149,0,298,delivered,none,0
OI-007927,ORD-005034,PROD-00029,1,149,0,149,delivered,none,0
OI-007928,ORD-005034,PROD-00011,2,309,0,618,delivered,none,0
OI-007929,ORD-005035,PROD-00029,2,139,33,245,delivered,none,0
OI-007930,ORD-005036,PROD-00298,1,22999,0,22999,returned,refunded,25783
OI-007931,ORD-005036,PROD-00111,1,999,0,999,delivered,none,0
OI-007932,ORD-005037,PROD-00017,1,149,11,138,delivered,none,0
OI-007933,ORD-005038,PROD-00174,1,7699,384,7315,delivered,none,0
OI-007934,ORD-005038,PROD-00063,1,8299,414,7885,delivered,none,0
OI-007935,ORD-005039,PROD-00161,1,6899,0,6899,delivered,none,0
OI-007936,ORD-005040,PROD-00267,1,15499,1549,13950,delivered,none,0
OI-007937,ORD-005041,PROD-00127,1,3299,0,3299,delivered,none,0
OI-007938,ORD-005041,PROD-00174,1,7999,0,7999,delivered,none,0
OI-007939,ORD-005041,PROD-00250,1,1999,0,1999,delivered,none,0
OI-007940,ORD-005042,PROD-00174,1,7299,875,6424,delivered,none,0
OI-007941,ORD-005043,PROD-00017,1,149,0,149,returned,refunded,176
OI-007942,ORD-005044,PROD-00004,2,2199,351,4047,delivered,none,0
OI-007943,ORD-005044,PROD-00084,1,18499,1479,17020,delivered,none,0
OI-007944,ORD-005044,PROD-00039,1,3399,271,3128,delivered,none,0
OI-007945,ORD-005045,PROD-00017,1,149,0,149,delivered,none,0
OI-007946,ORD-005045,PROD-00174,1,7099,0,7099,delivered,none,0
OI-007947,ORD-005045,PROD-00111,1,999,0,999,delivered,none,0
OI-007948,ORD-005046,PROD-00017,1,159,7,152,delivered,none,0
OI-007949,ORD-005047,PROD-00133,1,519,0,519,delivered,none,0
OI-007950,ORD-005047,PROD-00011,1,319,0,319,delivered,none,0
OI-007951,ORD-005048,PROD-00025,1,739,0,739,delivered,none,0
OI-007952,ORD-005049,PROD-00119,1,9899,0,9899,delivered,none,0
OI-007953,ORD-005050,PROD-00029,1,149,14,135,delivered,rejected,0
OI-007954,ORD-005051,PROD-00190,1,12499,0,12499,delivered,none,0
OI-007955,ORD-005052,PROD-00197,1,6699,669,6030,returned,refunded,7115
OI-007956,ORD-005053,PROD-00235,1,51499,6179,45320,cancelled,none,53478
OI-007957,ORD-005053,PROD-00024,1,1299,155,1144,cancelled,none,1350
OI-007958,ORD-005053,PROD-00010,1,5999,719,5280,cancelled,none,6230
OI-007959,ORD-005053,PROD-00174,1,7699,923,6776,cancelled,none,7996
OI-007960,ORD-005053,PROD-00224,1,129999,15599,114400,cancelled,none,134992
OI-007961,ORD-005054,PROD-00017,1,149,0,149,delivered,none,0
OI-007962,ORD-005054,PROD-00136,1,62999,0,62999,delivered,none,0
OI-007963,ORD-005054,PROD-00025,1,739,0,739,delivered,none,0
OI-007964,ORD-005054,PROD-00296,1,11499,0,11499,delivered,none,0
OI-007965,ORD-005055,PROD-00174,1,7699,0,7699,delivered,none,0
OI-007966,ORD-005056,PROD-00017,1,149,0,149,delivered,none,0
OI-007967,ORD-005057,PROD-00031,1,249,0,249,delivered,none,0
OI-007968,ORD-005058,PROD-00174,1,7699,769,6930,delivered,none,0
OI-007969,ORD-005059,PROD-00008,1,4099,0,4099,delivered,none,0
OI-007970,ORD-005059,PROD-00236,1,47999,0,47999,delivered,none,0
OI-007971,ORD-005060,PROD-00025,1,739,0,739,cancelled,none,0
OI-007972,ORD-005061,PROD-00269,1,2499,249,2250,cancelled,none,2655
OI-007973,ORD-005062,PROD-00174,1,7699,0,7699,delivered,none,0
OI-007974,ORD-005063,PROD-00239,1,63999,5119,58880,delivered,none,0
OI-007975,ORD-005063,PROD-00021,1,4099,327,3772,delivered,none,0
OI-007976,ORD-005063,PROD-00210,1,13499,1079,12420,delivered,none,0
OI-007977,ORD-005064,PROD-00176,1,6499,324,6175,cancelled,none,7287
OI-007978,ORD-005064,PROD-00029,1,159,7,152,cancelled,none,179
OI-007979,ORD-005065,PROD-00057,1,2699,0,2699,delivered,none,0
OI-007980,ORD-005065,PROD-00174,1,7699,0,7699,delivered,none,0
OI-007981,ORD-005066,PROD-00002,1,3199,0,3199,delivered,none,0
OI-007982,ORD-005066,PROD-00264,1,20999,0,20999,delivered,none,0
OI-007983,ORD-005067,PROD-00225,1,19499,0,19499,delivered,none,0
OI-007984,ORD-005068,PROD-00259,1,8699,1043,7656,delivered,none,0
OI-007985,ORD-005068,PROD-00174,1,7699,923,6776,delivered,none,0
OI-007986,ORD-005069,PROD-00017,1,139,16,123,delivered,none,0
OI-007987,ORD-005070,PROD-00032,1,139,0,139,delivered,none,0
OI-007988,ORD-005070,PROD-00017,3,159,0,477,delivered,none,0
OI-007989,ORD-005071,PROD-00099,1,999,0,999,delivered,none,0
OI-007990,ORD-005072,PROD-00269,1,2499,0,2499,delivered,none,0
OI-007991,ORD-005072,PROD-00270,1,699,0,699,delivered,none,0
OI-007992,ORD-005073,PROD-00029,1,139,6,133,delivered,rejected,0
OI-007993,ORD-005074,PROD-00118,1,579,0,579,delivered,none,0
OI-007994,ORD-005075,PROD-00150,1,103499,5174,98325,cancelled,none,116024
OI-007995,ORD-005076,PROD-00218,1,40999,4099,36900,delivered,none,0
OI-007996,ORD-005076,PROD-00077,1,34999,3499,31500,delivered,none,0
OI-007997,ORD-005076,PROD-00130,1,13499,1349,12150,delivered,none,0
OI-007998,ORD-005076,PROD-00161,1,6899,689,6210,delivered,none,0
OI-007999,ORD-005076,PROD-00022,1,1499,149,1350,delivered,none,0
OI-008000,ORD-005077,PROD-00071,1,3499,0,3499,returned,refunded,4129
OI-008001,ORD-005077,PROD-00127,1,3199,0,3199,delivered,none,0
OI-008002,ORD-005077,PROD-00050,2,939,0,1878,delivered,rejected,0
OI-008003,ORD-005078,PROD-00057,1,2599,311,2288,delivered,none,0
OI-008004,ORD-005078,PROD-00020,1,149,17,132,delivered,none,0
OI-008005,ORD-005078,PROD-00127,1,2899,347,2552,delivered,none,0
OI-008006,ORD-005078,PROD-00270,1,699,83,616,delivered,none,0
OI-008007,ORD-005078,PROD-00017,2,149,35,263,delivered,none,0
OI-008008,ORD-005079,PROD-00174,1,7699,923,6776,delivered,none,0
OI-008009,ORD-005080,PROD-00161,1,7199,863,6336,delivered,none,0
OI-008010,ORD-005081,PROD-00013,1,4999,0,4999,delivered,none,0
OI-008011,ORD-005081,PROD-00057,1,2599,0,2599,delivered,none,0
OI-008012,ORD-005081,PROD-00017,1,139,0,139,delivered,none,0
OI-008013,ORD-005082,PROD-00059,2,459,91,827,delivered,none,0
OI-008014,ORD-005082,PROD-00174,1,8299,829,7470,delivered,none,0
OI-008015,ORD-005083,PROD-00161,1,6899,0,6899,delivered,none,0
OI-008016,ORD-005084,PROD-00029,2,149,0,298,delivered,none,0
OI-008017,ORD-005084,PROD-00080,1,4499,0,4499,delivered,none,0
OI-008018,ORD-005085,PROD-00126,1,14499,0,14499,delivered,none,0
OI-008019,ORD-005085,PROD-00029,1,149,0,149,delivered,none,0
OI-008020,ORD-005086,PROD-00174,1,7699,615,7084,delivered,none,0
OI-008021,ORD-005087,PROD-00024,1,1299,0,1299,delivered,none,0
OI-008022,ORD-005088,PROD-00026,1,4299,0,4299,delivered,none,0
OI-008023,ORD-005089,PROD-00132,1,649,51,598,delivered,none,0
OI-008024,ORD-005089,PROD-00127,1,3199,255,2944,delivered,none,0
OI-008025,ORD-005089,PROD-00013,1,4599,367,4232,delivered,none,0
OI-008026,ORD-005090,PROD-00036,1,26999,2159,24840,delivered,none,0
OI-008027,ORD-005091,PROD-00125,1,539,0,539,delivered,none,0
OI-008028,ORD-005091,PROD-00114,1,999,0,999,delivered,none,0
OI-008029,ORD-005092,PROD-00024,2,1299,0,2598,delivered,none,0
OI-008030,ORD-005092,PROD-00087,1,6899,0,6899,delivered,none,0
OI-008031,ORD-005093,PROD-00086,1,51999,6239,45760,delivered,rejected,0
OI-008032,ORD-005093,PROD-00232,1,116999,14039,102960,returned,refunded,121493
OI-008033,ORD-005093,PROD-00252,1,14999,1799,13200,returned,refunded,15576
OI-008034,ORD-005094,PROD-00080,1,4499,449,4050,delivered,none,0
OI-008035,ORD-005094,PROD-00029,2,149,29,269,delivered,none,0
OI-008036,ORD-005095,PROD-00168,1,729,0,729,delivered,none,0
OI-008037,ORD-005096,PROD-00102,1,1499,74,1425,delivered,none,0
OI-008038,ORD-005096,PROD-00055,1,15499,774,14725,delivered,none,0
OI-008039,ORD-005097,PROD-00174,1,7899,0,7899,delivered,none,0
OI-008040,ORD-005098,PROD-00176,1,7099,0,7099,delivered,none,0
OI-008041,ORD-005098,PROD-00027,1,149,0,149,delivered,none,0
OI-008042,ORD-005099,PROD-00005,1,5799,0,5799,delivered,none,0
OI-008043,ORD-005100,PROD-00127,1,3499,279,3220,delivered,none,0
OI-008044,ORD-005100,PROD-00257,1,6699,535,6164,delivered,none,0
OI-008045,ORD-005101,PROD-00270,1,699,0,699,delivered,none,0
OI-008046,ORD-005102,PROD-00269,1,2399,0,2399,delivered,none,0
OI-008047,ORD-005103,PROD-00174,1,7699,769,6930,delivered,none,0
OI-008048,ORD-005103,PROD-00023,2,209,41,377,delivered,none,0
OI-008049,ORD-005104,PROD-00012,1,149,7,142,delivered,none,0
OI-008050,ORD-005105,PROD-00017,2,139,0,278,delivered,none,0
OI-008051,ORD-005105,PROD-00127,1,2899,0,2899,delivered,none,0
OI-008052,ORD-005105,PROD-00155,1,156499,0,156499,delivered,none,0
OI-008053,ORD-005106,PROD-00009,1,2599,0,2599,delivered,none,0
OI-008054,ORD-005107,PROD-00011,3,309,111,816,delivered,none,0
OI-008055,ORD-005108,PROD-00264,1,24999,1249,23750,delivered,none,0
OI-008056,ORD-005108,PROD-00014,1,879,43,836,delivered,none,0
OI-008057,ORD-005109,PROD-00026,1,4299,0,4299,delivered,none,0
OI-008058,ORD-005110,PROD-00020,1,159,0,159,delivered,none,0
OI-008059,ORD-005110,PROD-00127,1,3199,0,3199,delivered,none,0
OI-008060,ORD-005111,PROD-00264,1,22999,0,22999,cancelled,none,27139
OI-008061,ORD-005111,PROD-00059,2,499,0,998,cancelled,none,1178
OI-008062,ORD-005111,PROD-00120,1,6799,0,6799,cancelled,none,8023
OI-008063,ORD-005112,PROD-00017,1,149,0,149,delivered,none,0
OI-008064,ORD-005113,PROD-00127,1,2899,0,2899,delivered,rejected,0
OI-008065,ORD-005113,PROD-00072,1,6799,0,6799,delivered,none,0
OI-008066,ORD-005114,PROD-00055,1,15499,1239,14260,delivered,none,0
OI-008067,ORD-005114,PROD-00093,1,53999,4319,49680,delivered,none,0
OI-008068,ORD-005115,PROD-00106,1,30499,3659,26840,delivered,none,0
OI-008069,ORD-005116,PROD-00017,2,149,0,298,returned,refunded,352
OI-008070,ORD-005117,PROD-00249,1,8599,0,8599,delivered,none,0
OI-008071,ORD-005118,PROD-00020,3,149,0,447,delivered,none,0
OI-008072,ORD-005118,PROD-00032,1,139,0,139,delivered,none,0
OI-008073,ORD-005118,PROD-00251,1,8499,0,8499,delivered,none,0
OI-008074,ORD-005118,PROD-00104,1,12499,0,12499,delivered,none,0
OI-008075,ORD-005118,PROD-00024,1,1399,0,1399,delivered,none,0
OI-008076,ORD-005119,PROD-00051,1,6099,304,5795,delivered,none,0
OI-008077,ORD-005120,PROD-00013,1,4999,499,4500,delivered,rejected,0
OI-008078,ORD-005121,PROD-00174,1,7699,923,6776,delivered,none,0
OI-008079,ORD-005122,PROD-00017,1,159,15,144,delivered,none,0
OI-008080,ORD-005123,PROD-00070,1,499,39,460,delivered,none,0
OI-008081,ORD-005124,PROD-00111,1,999,0,999,delivered,none,0
OI-008082,ORD-005124,PROD-00052,1,5899,0,5899,delivered,none,0
OI-008083,ORD-005125,PROD-00195,1,1099,0,1099,delivered,none,0
OI-008084,ORD-005126,PROD-00008,1,4499,359,4140,delivered,none,0
OI-008085,ORD-005126,PROD-00248,1,4799,383,4416,delivered,none,0
OI-008086,ORD-005127,PROD-00104,1,12499,0,12499,delivered,none,0
OI-008087,ORD-005127,PROD-00127,1,3199,0,3199,delivered,none,0
OI-008088,ORD-005127,PROD-00265,1,10499,0,10499,delivered,none,0
OI-008089,ORD-005128,PROD-00111,1,999,0,999,cancelled,none,0
OI-008090,ORD-005129,PROD-00127,1,3199,0,3199,delivered,none,0
OI-008091,ORD-005130,PROD-00168,1,709,85,624,delivered,none,0
OI-008092,ORD-005131,PROD-00052,1,5899,294,5605,delivered,none,0
OI-008093,ORD-005131,PROD-00248,1,4999,249,4750,delivered,none,0
OI-008094,ORD-005132,PROD-00251,1,8799,0,8799,delivered,none,0
OI-008095,ORD-005132,PROD-00011,2,329,0,658,delivered,none,0
OI-008096,ORD-005132,PROD-00018,1,309,0,309,delivered,none,0
OI-008097,ORD-005132,PROD-00005,1,5799,0,5799,delivered,none,0
OI-008098,ORD-005132,PROD-00199,1,1099,0,1099,delivered,none,0
OI-008099,ORD-005133,PROD-00008,1,4299,0,4299,delivered,none,0
OI-008100,ORD-005134,PROD-00142,1,174999,0,174999,delivered,none,0
OI-008101,ORD-005134,PROD-00174,1,7699,0,7699,delivered,none,0
OI-008102,ORD-005135,PROD-00057,1,2599,0,2599,cancelled,none,3067
OI-008103,ORD-005136,PROD-00267,1,15499,774,14725,delivered,none,0
OI-008104,ORD-005136,PROD-00029,3,149,22,425,delivered,none,0
OI-008105,ORD-005137,PROD-00010,1,5999,719,5280,delivered,none,0
OI-008106,ORD-005137,PROD-00024,1,1299,155,1144,delivered,none,0
OI-008107,ORD-005138,PROD-00025,1,739,0,739,delivered,none,0
OI-008108,ORD-005138,PROD-00168,1,709,0,709,delivered,none,0
OI-008109,ORD-005138,PROD-00264,1,22999,0,22999,delivered,none,0
OI-008110,ORD-005139,PROD-00025,1,739,0,739,delivered,none,0
OI-008111,ORD-005140,PROD-00269,1,2499,0,2499,delivered,none,0
OI-008112,ORD-005141,PROD-00099,1,999,79,920,delivered,none,0
OI-008113,ORD-005142,PROD-00144,1,33999,0,33999,delivered,none,0
OI-008114,ORD-005143,PROD-00243,1,129999,0,129999,delivered,none,0
OI-008115,ORD-005144,PROD-00003,1,1399,0,1399,delivered,none,0
OI-008116,ORD-005144,PROD-00161,1,6899,0,6899,delivered,none,0
OI-008117,ORD-005145,PROD-00127,1,3199,0,3199,returned,refunded,3775
OI-008118,ORD-005146,PROD-00166,1,5699,455,5244,delivered,none,0
OI-008119,ORD-005147,PROD-00072,1,6799,679,6120,delivered,none,0
OI-008120,ORD-005148,PROD-00159,1,1799,89,1710,delivered,none,0
OI-008121,ORD-005149,PROD-00017,1,149,11,138,delivered,none,0
OI-008122,ORD-005149,PROD-00011,1,309,24,285,delivered,none,0
OI-008123,ORD-005149,PROD-00257,1,6499,519,5980,delivered,none,0
OI-008124,ORD-005150,PROD-00046,1,2999,0,2999,delivered,none,0
OI-008125,ORD-005150,PROD-00270,1,639,0,639,delivered,none,0
OI-008126,ORD-005151,PROD-00029,1,149,0,149,delivered,none,0
OI-008127,ORD-005152,PROD-00174,1,7699,0,7699,delivered,none,0
OI-008128,ORD-005153,PROD-00111,1,999,0,999,delivered,none,0
OI-008129,ORD-005154,PROD-00027,1,149,0,149,delivered,none,0
OI-008130,ORD-005155,PROD-00174,1,7299,364,6935,delivered,none,0
OI-008131,ORD-005156,PROD-00265,1,10499,839,9660,delivered,none,0
OI-008132,ORD-005157,PROD-00020,1,149,17,132,delivered,none,0
OI-008133,ORD-005157,PROD-00116,1,30499,3659,26840,delivered,none,0
OI-008134,ORD-005157,PROD-00161,1,6299,755,5544,delivered,none,0
OI-008135,ORD-005157,PROD-00017,1,139,16,123,delivered,none,0
OI-008136,ORD-005157,PROD-00111,1,1099,131,968,delivered,none,0
OI-008137,ORD-005158,PROD-00114,1,999,119,880,delivered,none,0
OI-008138,ORD-005159,PROD-00191,1,39999,0,39999,delivered,none,0
OI-008139,ORD-005160,PROD-00052,1,5899,0,5899,delivered,none,0
OI-008140,ORD-005161,PROD-00111,1,949,47,902,delivered,none,0
OI-008141,ORD-005162,PROD-00215,1,76499,6119,70380,delivered,none,0
OI-008142,ORD-005163,PROD-00004,1,2399,0,2399,delivered,rejected,0
OI-008143,ORD-005163,PROD-00066,1,999,0,999,returned,refunded,1179
OI-008144,ORD-005163,PROD-00020,1,149,0,149,returned,refunded,176
OI-008145,ORD-005164,PROD-00017,1,139,11,128,cancelled,none,0
OI-008146,ORD-005165,PROD-00026,1,4299,0,4299,delivered,none,0
OI-008147,ORD-005166,PROD-00024,1,1299,0,1299,delivered,rejected,0
OI-008148,ORD-005167,PROD-00278,1,13999,0,13999,delivered,none,0
OI-008149,ORD-005168,PROD-00012,1,149,14,135,delivered,none,0
OI-008150,ORD-005169,PROD-00030,1,1099,0,1099,delivered,none,0
OI-008151,ORD-005170,PROD-00215,1,76499,0,76499,delivered,none,0
OI-008152,ORD-005170,PROD-00072,1,6799,0,6799,delivered,none,0
OI-008153,ORD-005171,PROD-00125,1,499,0,499,delivered,none,0
OI-008154,ORD-005172,PROD-00086,1,56499,2824,53675,delivered,none,0
OI-008155,ORD-005173,PROD-00169,1,2599,0,2599,delivered,none,0
OI-008156,ORD-005174,PROD-00104,1,13499,674,12825,delivered,none,0
OI-008157,ORD-005175,PROD-00163,1,509,40,469,delivered,none,0
OI-008158,ORD-005176,PROD-00011,1,309,0,309,delivered,none,0
OI-008159,ORD-005177,PROD-00017,1,149,0,149,delivered,none,0
OI-008160,ORD-005177,PROD-00161,1,6899,0,6899,delivered,none,0
OI-008161,ORD-005178,PROD-00123,1,14499,1449,13050,delivered,rejected,0
OI-008162,ORD-005179,PROD-00193,1,38999,4679,34320,delivered,none,0
OI-008163,ORD-005179,PROD-00122,1,2299,275,2024,delivered,none,0
OI-008164,ORD-005179,PROD-00161,1,6899,827,6072,delivered,none,0
OI-008165,ORD-005180,PROD-00174,1,7699,615,7084,delivered,none,0
OI-008166,ORD-005181,PROD-00020,1,149,14,135,delivered,none,0
OI-008167,ORD-005182,PROD-00006,1,149,11,138,returned,refunded,163
OI-008168,ORD-005182,PROD-00258,1,2199,175,2024,delivered,rejected,0
OI-008169,ORD-005183,PROD-00174,1,7699,615,7084,delivered,rejected,0
OI-008170,ORD-005183,PROD-00265,1,10499,839,9660,returned,refunded,11399
OI-008171,ORD-005183,PROD-00025,1,739,59,680,delivered,rejected,0
OI-008172,ORD-005184,PROD-00098,1,20499,0,20499,cancelled,none,24189
OI-008173,ORD-005184,PROD-00127,1,3199,0,3199,cancelled,none,3775
OI-008174,ORD-005185,PROD-00013,1,4999,0,4999,delivered,none,0
OI-008175,ORD-005186,PROD-00017,2,149,0,298,delivered,none,0
OI-008176,ORD-005187,PROD-00231,1,77499,0,77499,delivered,none,0
OI-008177,ORD-005188,PROD-00155,1,156499,7824,148675,delivered,none,0
OI-008178,ORD-005188,PROD-00161,1,6899,344,6555,delivered,none,0
OI-008179,ORD-005188,PROD-00032,1,139,6,133,delivered,none,0
OI-008180,ORD-005188,PROD-00176,1,7099,354,6745,delivered,none,0
OI-008181,ORD-005188,PROD-00017,3,149,22,425,delivered,none,0
OI-008182,ORD-005189,PROD-00296,1,11499,1149,10350,delivered,none,0
OI-008183,ORD-005190,PROD-00132,1,649,0,649,delivered,none,0
OI-008184,ORD-005190,PROD-00017,1,149,0,149,delivered,none,0
OI-008185,ORD-005190,PROD-00166,1,6199,0,6199,delivered,none,0
OI-008186,ORD-005190,PROD-00140,1,35499,0,35499,delivered,none,0
OI-008187,ORD-005191,PROD-00017,1,149,17,132,delivered,none,0
OI-008188,ORD-005191,PROD-00002,1,3299,395,2904,delivered,none,0
OI-008189,ORD-005192,PROD-00127,1,3499,349,3150,delivered,none,0
OI-008190,ORD-005192,PROD-00057,1,2499,249,2250,delivered,none,0
OI-008191,ORD-005193,PROD-00072,1,6799,815,5984,delivered,none,0
OI-008192,ORD-005193,PROD-00161,1,7199,863,6336,delivered,none,0
OI-008193,ORD-005193,PROD-00025,1,779,93,686,delivered,none,0
OI-008194,ORD-005194,PROD-00197,1,6699,535,6164,delivered,none,0
OI-008195,ORD-005195,PROD-00174,1,7899,947,6952,delivered,none,0
OI-008196,ORD-005196,PROD-00168,1,709,85,624,delivered,none,0
OI-008197,ORD-005197,PROD-00174,1,7299,0,7299,delivered,none,0
OI-008198,ORD-005198,PROD-00018,1,289,14,275,cancelled,none,0
OI-008199,ORD-005199,PROD-00174,1,8299,0,8299,delivered,none,0
OI-008200,ORD-005199,PROD-00023,2,199,0,398,delivered,none,0
OI-008201,ORD-005200,PROD-00007,1,169,0,169,delivered,none,0
OI-008202,ORD-005200,PROD-00069,1,1399,0,1399,delivered,none,0
OI-008203,ORD-005200,PROD-00051,1,6099,0,6099,delivered,none,0
OI-008204,ORD-005200,PROD-00197,1,6999,0,6999,delivered,none,0
OI-008205,ORD-005201,PROD-00020,1,149,14,135,returned,refunded,159
OI-008206,ORD-005201,PROD-00104,1,12999,1299,11700,returned,refunded,13806
OI-008207,ORD-005201,PROD-00161,1,7099,709,6390,returned,refunded,7540
OI-008208,ORD-005201,PROD-00251,1,9199,919,8280,returned,refunded,9770
OI-008209,ORD-005202,PROD-00132,1,599,59,540,delivered,none,0
OI-008210,ORD-005203,PROD-00020,1,139,0,139,delivered,none,0
OI-008211,ORD-005204,PROD-00020,1,149,0,149,delivered,none,0
OI-008212,ORD-005205,PROD-00029,1,149,0,149,returned,refunded,176
OI-008213,ORD-005206,PROD-00185,1,6499,0,6499,delivered,none,0
OI-008214,ORD-005206,PROD-00010,1,5999,0,5999,delivered,none,0
OI-008215,ORD-005207,PROD-00270,1,699,83,616,delivered,none,0
OI-008216,ORD-005208,PROD-00017,1,149,17,132,delivered,none,0
OI-008217,ORD-005209,PROD-00168,1,709,0,709,delivered,rejected,0
OI-008218,ORD-005210,PROD-00275,1,36499,0,36499,returned,refunded,43069
OI-008219,ORD-005210,PROD-00174,1,7099,0,7099,returned,refunded,8377
OI-008220,ORD-005211,PROD-00251,1,8499,424,8075,cancelled,none,0
OI-008221,ORD-005212,PROD-00006,1,159,0,159,delivered,none,0
OI-008222,ORD-005213,PROD-00111,1,949,0,949,delivered,rejected,0
OI-008223,ORD-005214,PROD-00057,1,2399,287,2112,delivered,none,0
OI-008224,ORD-005214,PROD-00264,1,20999,2519,18480,delivered,none,0
OI-008225,ORD-005215,PROD-00020,1,149,14,135,delivered,none,0
OI-008226,ORD-005216,PROD-00032,1,139,0,139,delivered,none,0
OI-008227,ORD-005217,PROD-00296,1,12499,0,12499,delivered,none,0
OI-008228,ORD-005218,PROD-00014,1,959,0,959,delivered,none,0
OI-008229,ORD-005219,PROD-00174,1,7899,394,7505,delivered,none,0
OI-008230,ORD-005220,PROD-00027,1,149,0,149,returned,refunded,176
OI-008231,ORD-005221,PROD-00057,2,2499,499,4499,delivered,none,0
OI-008232,ORD-005222,PROD-00223,1,82499,4124,78375,cancelled,none,0
OI-008233,ORD-005222,PROD-00021,1,3999,199,3800,cancelled,none,0
OI-008234,ORD-005223,PROD-00054,1,7599,759,6840,cancelled,none,8071
OI-008235,ORD-005223,PROD-00050,1,939,93,846,cancelled,none,998
OI-008236,ORD-005223,PROD-00116,1,30499,3049,27450,cancelled,none,32391
OI-008237,ORD-005224,PROD-00025,1,769,0,769,cancelled,none,0
OI-008238,ORD-005225,PROD-00087,1,7499,599,6900,delivered,none,0
OI-008239,ORD-005225,PROD-00029,1,149,11,138,delivered,none,0
OI-008240,ORD-005226,PROD-00174,1,7999,799,7200,delivered,none,0
OI-008241,ORD-005227,PROD-00174,1,7699,769,6930,delivered,none,0
OI-008242,ORD-005227,PROD-00270,1,699,69,630,delivered,none,0
OI-008243,ORD-005227,PROD-00029,1,149,14,135,delivered,none,0
OI-008244,ORD-005228,PROD-00161,1,6899,689,6210,delivered,none,0
OI-008245,ORD-005229,PROD-00132,1,619,30,589,delivered,none,0
OI-008246,ORD-005229,PROD-00017,1,159,7,152,delivered,none,0
OI-008247,ORD-005230,PROD-00174,1,7699,615,7084,delivered,none,0
OI-008248,ORD-005231,PROD-00265,1,10499,0,10499,cancelled,none,12389
OI-008249,ORD-005232,PROD-00063,1,7899,631,7268,delivered,none,0
OI-008250,ORD-005233,PROD-00258,2,2199,527,3871,delivered,none,0
OI-008251,ORD-005233,PROD-00123,1,15999,1919,14080,delivered,none,0
OI-008252,ORD-005234,PROD-00174,1,7699,769,6930,delivered,none,0
OI-008253,ORD-005235,PROD-00060,1,9199,0,9199,delivered,none,0
OI-008254,ORD-005236,PROD-00178,1,46999,5639,41360,delivered,none,0
OI-008255,ORD-005237,PROD-00087,1,7799,779,7020,delivered,none,0
OI-008256,ORD-005238,PROD-00088,1,19999,1599,18400,returned,refunded,21712
OI-008257,ORD-005238,PROD-00161,1,6899,551,6348,delivered,none,0
OI-008258,ORD-005239,PROD-00004,1,2399,119,2280,cancelled,none,2690
OI-008259,ORD-005240,PROD-00257,1,7299,364,6935,cancelled,none,8183
OI-008260,ORD-005241,PROD-00264,2,22999,3679,42319,cancelled,none,0
OI-008261,ORD-005242,PROD-00127,1,3299,0,3299,delivered,none,0
OI-008262,ORD-005243,PROD-00118,2,599,0,1198,delivered,rejected,0
OI-008263,ORD-005244,PROD-00029,1,149,14,135,delivered,none,0
OI-008264,ORD-005245,PROD-00255,1,1399,69,1330,delivered,none,0
OI-008265,ORD-005245,PROD-00161,1,6899,344,6555,delivered,none,0
OI-008266,ORD-005246,PROD-00017,1,149,0,149,delivered,none,0
OI-008267,ORD-005247,PROD-00197,1,6699,0,6699,delivered,none,0
OI-008268,ORD-005247,PROD-00017,1,149,0,149,delivered,none,0
OI-008269,ORD-005247,PROD-00028,1,4799,0,4799,delivered,none,0
OI-008270,ORD-005247,PROD-00002,1,3299,0,3299,delivered,none,0
OI-008271,ORD-005248,PROD-00174,1,7099,0,7099,delivered,none,0
OI-008272,ORD-005249,PROD-00051,1,6099,0,6099,delivered,none,0
OI-008273,ORD-005249,PROD-00017,1,149,0,149,delivered,none,0
OI-008274,ORD-005250,PROD-00097,1,1299,129,1170,delivered,none,0
OI-008275,ORD-005250,PROD-00264,1,24999,2499,22500,delivered,none,0
OI-008276,ORD-005250,PROD-00127,1,3199,319,2880,delivered,none,0
OI-008277,ORD-005251,PROD-00174,1,7699,0,7699,cancelled,none,0
OI-008278,ORD-005252,PROD-00169,1,2599,0,2599,delivered,none,0
OI-008279,ORD-005253,PROD-00251,1,8499,1019,7480,delivered,none,0
OI-008280,ORD-005254,PROD-00008,1,4299,0,4299,delivered,none,0
OI-008281,ORD-005255,PROD-00168,1,709,70,639,delivered,none,0
OI-008282,ORD-005256,PROD-00251,1,8099,0,8099,delivered,none,0
OI-008283,ORD-005257,PROD-00017,1,149,7,142,returned,refunded,168
OI-008284,ORD-005258,PROD-00206,1,26499,1324,25175,delivered,none,0
OI-008285,ORD-005258,PROD-00007,1,169,8,161,delivered,none,0
OI-008286,ORD-005259,PROD-00034,1,149,7,142,delivered,none,0
OI-008287,ORD-005259,PROD-00142,1,174999,8749,166250,delivered,none,0
OI-008288,ORD-005260,PROD-00159,2,2099,0,4198,delivered,none,0
OI-008289,ORD-005261,PROD-00017,1,149,0,149,delivered,none,0
OI-008290,ORD-005262,PROD-00127,1,3299,0,3299,delivered,none,0
OI-008291,ORD-005263,PROD-00019,2,2999,719,5279,delivered,none,0
OI-008292,ORD-005264,PROD-00127,1,3199,0,3199,delivered,none,0
OI-008293,ORD-005265,PROD-00007,1,179,0,179,delivered,none,0
OI-008294,ORD-005266,PROD-00164,1,5599,0,5599,delivered,none,0
OI-008295,ORD-005267,PROD-00132,1,649,0,649,delivered,none,0
OI-008296,ORD-005268,PROD-00081,1,19999,2399,17600,cancelled,none,0
OI-008297,ORD-005268,PROD-00104,1,12499,1499,11000,cancelled,none,0
OI-008298,ORD-005268,PROD-00266,1,25499,3059,22440,cancelled,none,0
OI-008299,ORD-005269,PROD-00072,1,6799,0,6799,delivered,none,0
OI-008300,ORD-005270,PROD-00029,1,159,0,159,returned,refunded,188
OI-008301,ORD-005271,PROD-00174,1,8299,829,7470,cancelled,none,8815
OI-008302,ORD-005272,PROD-00126,1,13999,0,13999,delivered,none,0
OI-008303,ORD-005273,PROD-00127,1,3299,0,3299,delivered,none,0
OI-008304,ORD-005273,PROD-00061,1,4299,0,4299,delivered,none,0
OI-008305,ORD-005274,PROD-00032,1,149,17,132,delivered,none,0
OI-008306,ORD-005274,PROD-00072,1,6799,815,5984,delivered,none,0
OI-008307,ORD-005275,PROD-00005,1,5799,579,5220,delivered,none,0
OI-008308,ORD-005276,PROD-00161,1,6899,0,6899,delivered,none,0
OI-008309,ORD-005277,PROD-00168,1,739,36,703,delivered,none,0
OI-008310,ORD-005277,PROD-00034,1,159,7,152,delivered,none,0
OI-008311,ORD-005278,PROD-00161,1,7099,709,6390,delivered,none,0
OI-008312,ORD-005278,PROD-00257,1,7099,709,6390,delivered,none,0
OI-008313,ORD-005278,PROD-00255,1,1299,129,1170,delivered,none,0
OI-008314,ORD-005279,PROD-00174,2,7699,0,15398,delivered,none,0
OI-008315,ORD-005280,PROD-00169,1,2799,139,2660,delivered,none,0
OI-008316,ORD-005281,PROD-00033,1,5899,0,5899,delivered,none,0
OI-008317,ORD-005282,PROD-00142,1,174999,8749,166250,delivered,none,0
OI-008318,ORD-005283,PROD-00109,1,3299,0,3299,delivered,none,0
OI-008319,ORD-005284,PROD-00017,1,149,0,149,returned,refunded,176
OI-008320,ORD-005285,PROD-00068,1,13999,699,13300,delivered,none,0
OI-008321,ORD-005285,PROD-00017,1,159,7,152,delivered,none,0
OI-008322,ORD-005286,PROD-00264,1,23999,0,23999,delivered,none,0
OI-008323,ORD-005287,PROD-00161,1,6899,689,6210,delivered,none,0
OI-008324,ORD-005288,PROD-00016,1,1999,0,1999,delivered,none,0
OI-008325,ORD-005289,PROD-00264,1,22999,0,22999,delivered,none,0
OI-008326,ORD-005290,PROD-00111,1,919,0,919,delivered,none,0
OI-008327,ORD-005291,PROD-00264,1,22999,0,22999,cancelled,none,27139
OI-008328,ORD-005292,PROD-00017,1,139,0,139,returned,refunded,164
OI-008329,ORD-005292,PROD-00251,1,8499,0,8499,delivered,none,0
OI-008330,ORD-005293,PROD-00132,3,649,0,1947,delivered,none,0
OI-008331,ORD-005293,PROD-00020,1,149,0,149,delivered,none,0
OI-008332,ORD-005294,PROD-00263,1,9999,999,9000,delivered,none,0
OI-008333,ORD-005294,PROD-00269,1,2599,259,2340,delivered,none,0
OI-008334,ORD-005295,PROD-00010,1,5999,0,5999,delivered,none,0
OI-008335,ORD-005296,PROD-00127,1,3299,164,3135,delivered,none,0
OI-008336,ORD-005296,PROD-00079,1,54499,2724,51775,delivered,none,0
OI-008337,ORD-005297,PROD-00032,3,149,0,447,delivered,none,0
OI-008338,ORD-005298,PROD-00131,1,6099,731,5368,delivered,none,0
OI-008339,ORD-005299,PROD-00205,1,28999,0,28999,delivered,none,0
OI-008340,ORD-005299,PROD-00071,1,3399,0,3399,delivered,none,0
OI-008341,ORD-005300,PROD-00068,1,14499,0,14499,delivered,none,0
OI-008342,ORD-005301,PROD-00101,1,3299,0,3299,delivered,none,0
OI-008343,ORD-005302,PROD-00023,1,199,15,184,delivered,none,0
OI-008344,ORD-005303,PROD-00168,1,709,0,709,delivered,none,0
OI-008345,ORD-005304,PROD-00032,1,149,0,149,delivered,none,0
OI-008346,ORD-005305,PROD-00264,1,24999,2999,22000,delivered,none,0
OI-008347,ORD-005306,PROD-00063,1,8299,0,8299,delivered,none,0
OI-008348,ORD-005307,PROD-00269,1,2499,299,2200,cancelled,none,0
OI-008349,ORD-005307,PROD-00183,1,30499,3659,26840,cancelled,none,0
OI-008350,ORD-005308,PROD-00055,1,16499,0,16499,delivered,none,0
OI-008351,ORD-005309,PROD-00161,1,6899,344,6555,delivered,none,0
OI-008352,ORD-005310,PROD-00072,1,6799,0,6799,delivered,none,0
OI-008353,ORD-005311,PROD-00174,1,7699,0,7699,delivered,none,0
OI-008354,ORD-005311,PROD-00168,1,709,0,709,delivered,none,0
OI-008355,ORD-005311,PROD-00114,1,999,0,999,delivered,none,0
OI-008356,ORD-005312,PROD-00068,1,13999,0,13999,delivered,none,0
OI-008357,ORD-005313,PROD-00245,1,19499,0,19499,delivered,none,0
OI-008358,ORD-005314,PROD-00174,1,7099,0,7099,delivered,none,0
OI-008359,ORD-005314,PROD-00127,1,2899,0,2899,delivered,none,0
OI-008360,ORD-005315,PROD-00052,1,5899,0,5899,delivered,none,0
OI-008361,ORD-005316,PROD-00029,1,149,17,132,delivered,none,0
OI-008362,ORD-005317,PROD-00100,1,29499,0,29499,delivered,none,0
OI-008363,ORD-005318,PROD-00024,1,1199,0,1199,delivered,none,0
OI-008364,ORD-005318,PROD-00264,1,22999,0,22999,delivered,none,0
OI-008365,ORD-005319,PROD-00133,1,499,0,499,delivered,none,0
OI-008366,ORD-005320,PROD-00053,1,5499,439,5060,delivered,none,0
OI-008367,ORD-005321,PROD-00171,1,6699,0,6699,delivered,none,0
OI-008368,ORD-005321,PROD-00050,1,939,0,939,delivered,none,0
OI-008369,ORD-005322,PROD-00030,1,999,0,999,delivered,none,0
OI-008370,ORD-005322,PROD-00127,1,3199,0,3199,delivered,none,0
OI-008371,ORD-005323,PROD-00005,1,5799,289,5510,delivered,none,0
OI-008372,ORD-005324,PROD-00033,1,6399,767,5632,delivered,none,0
OI-008373,ORD-005324,PROD-00029,1,149,17,132,delivered,none,0
OI-008374,ORD-005324,PROD-00114,1,999,119,880,delivered,none,0
OI-008375,ORD-005325,PROD-00251,1,9199,735,8464,delivered,none,0
OI-008376,ORD-005325,PROD-00174,1,7299,583,6716,delivered,none,0
OI-008377,ORD-005325,PROD-00017,1,149,11,138,delivered,none,0
OI-008378,ORD-005326,PROD-00001,1,5499,439,5060,delivered,none,0
OI-008379,ORD-005327,PROD-00270,1,699,0,699,delivered,none,0
OI-008380,ORD-005328,PROD-00052,1,6399,639,5760,delivered,none,0
OI-008381,ORD-005329,PROD-00226,1,7499,0,7499,delivered,none,0
OI-008382,ORD-005330,PROD-00087,1,7799,779,7020,delivered,none,0
OI-008383,ORD-005331,PROD-00032,1,149,14,135,delivered,none,0
OI-008384,ORD-005332,PROD-00014,1,999,79,920,delivered,none,0
OI-008385,ORD-005332,PROD-00168,1,759,60,699,delivered,none,0
OI-008386,ORD-005333,PROD-00174,1,7699,0,7699,delivered,none,0
OI-008387,ORD-005333,PROD-00017,3,149,0,447,delivered,none,0
OI-008388,ORD-005334,PROD-00265,1,10499,0,10499,delivered,none,0
OI-008389,ORD-005335,PROD-00252,1,13999,1119,12880,delivered,none,0
OI-008390,ORD-005335,PROD-00102,1,1499,119,1380,delivered,none,0
OI-008391,ORD-005335,PROD-00017,1,149,11,138,delivered,none,0
OI-008392,ORD-005336,PROD-00169,1,2799,335,2464,cancelled,none,2908
OI-008393,ORD-005337,PROD-00025,1,739,0,739,delivered,none,0
OI-008394,ORD-005337,PROD-00174,1,7699,0,7699,delivered,none,0
OI-008395,ORD-005337,PROD-00023,1,189,0,189,delivered,none,0
OI-008396,ORD-005338,PROD-00051,1,6099,0,6099,delivered,none,0
OI-008397,ORD-005339,PROD-00171,1,6699,0,6699,returned,refunded,7905
OI-008398,ORD-005340,PROD-00174,1,7299,0,7299,delivered,none,0
OI-008399,ORD-005340,PROD-00013,1,4999,0,4999,delivered,none,0
OI-008400,ORD-005341,PROD-00003,1,1399,0,1399,delivered,none,0
OI-008401,ORD-005342,PROD-00024,1,1299,103,1196,delivered,none,0
OI-008402,ORD-005343,PROD-00025,1,759,60,699,shipped,none,0
OI-008403,ORD-005343,PROD-00032,1,149,11,138,shipped,none,0
OI-008404,ORD-005344,PROD-00277,1,999,0,999,delivered,none,0
OI-008405,ORD-005344,PROD-00017,3,149,0,447,delivered,none,0
OI-008406,ORD-005345,PROD-00174,1,7699,769,6930,delivered,none,0
OI-008407,ORD-005346,PROD-00138,1,132499,6624,125875,delivered,none,0
OI-008408,ORD-005346,PROD-00100,1,27499,1374,26125,delivered,none,0
OI-008409,ORD-005347,PROD-00132,3,649,194,1753,delivered,none,0
OI-008410,ORD-005348,PROD-00111,1,999,0,999,delivered,none,0
OI-008411,ORD-005348,PROD-00158,1,101999,0,101999,delivered,none,0
OI-008412,ORD-005348,PROD-00127,1,3199,0,3199,delivered,none,0
OI-008413,ORD-005349,PROD-00275,1,36499,1824,34675,returned,refunded,40917
OI-008414,ORD-005350,PROD-00104,1,13499,0,13499,delivered,none,0
OI-008415,ORD-005350,PROD-00017,1,149,0,149,delivered,none,0
OI-008416,ORD-005351,PROD-00024,3,1399,0,4197,delivered,none,0
OI-008417,ORD-005351,PROD-00017,1,139,0,139,delivered,none,0
OI-008418,ORD-005352,PROD-00231,1,77499,0,77499,delivered,none,0
OI-008419,ORD-005353,PROD-00017,1,149,7,142,delivered,none,0
OI-008420,ORD-005354,PROD-00009,1,2599,0,2599,returned,refunded,3067
OI-008421,ORD-005355,PROD-00195,1,999,99,900,delivered,none,0
OI-008422,ORD-005356,PROD-00020,1,149,7,142,delivered,none,0
OI-008423,ORD-005357,PROD-00264,1,22999,1149,21850,delivered,none,0
OI-008424,ORD-005358,PROD-00161,1,6899,0,6899,delivered,none,0
OI-008425,ORD-005358,PROD-00127,1,3199,0,3199,delivered,none,0
OI-008426,ORD-005359,PROD-00238,1,30999,3099,27900,cancelled,none,32922
OI-008427,ORD-005360,PROD-00104,1,12499,624,11875,delivered,none,0
OI-008428,ORD-005361,PROD-00127,1,3199,255,2944,delivered,none,0
OI-008429,ORD-005362,PROD-00224,1,129999,0,129999,cancelled,none,0
OI-008430,ORD-005363,PROD-00029,1,149,0,149,delivered,none,0
OI-008431,ORD-005363,PROD-00017,1,159,0,159,delivered,none,0
OI-008432,ORD-005364,PROD-00168,2,759,151,1367,delivered,none,0
OI-008433,ORD-005365,PROD-00026,2,4099,983,7215,delivered,none,0
OI-008434,ORD-005365,PROD-00016,1,1999,239,1760,delivered,none,0
OI-008435,ORD-005365,PROD-00289,1,43999,5279,38720,delivered,none,0
OI-008436,ORD-005366,PROD-00168,1,709,35,674,delivered,none,0
OI-008437,ORD-005367,PROD-00172,1,999,49,950,delivered,none,0
OI-008438,ORD-005368,PROD-00004,1,2399,287,2112,delivered,none,0
OI-008439,ORD-005369,PROD-00029,1,149,0,149,cancelled,none,176
OI-008440,ORD-005370,PROD-00024,2,1299,259,2339,delivered,none,0
OI-008441,ORD-005371,PROD-00174,2,8299,0,16598,delivered,none,0
OI-008442,ORD-005372,PROD-00026,1,4099,0,4099,delivered,none,0
OI-008443,ORD-005373,PROD-00045,1,21499,0,21499,delivered,none,0
OI-008444,ORD-005374,PROD-00017,1,139,0,139,delivered,none,0
OI-008445,ORD-005375,PROD-00265,1,10499,0,10499,delivered,none,0
OI-008446,ORD-005376,PROD-00236,1,42499,2124,40375,delivered,none,0
OI-008447,ORD-005377,PROD-00127,1,3499,349,3150,delivered,none,0
OI-008448,ORD-005378,PROD-00019,1,2899,289,2610,delivered,none,0
OI-008449,ORD-005378,PROD-00231,1,77499,7749,69750,delivered,none,0
OI-008450,ORD-005378,PROD-00024,1,1299,129,1170,delivered,none,0
OI-008451,ORD-005378,PROD-00269,1,2499,249,2250,delivered,none,0
OI-008452,ORD-005379,PROD-00017,1,149,0,149,delivered,none,0
OI-008453,ORD-005379,PROD-00242,1,129999,0,129999,delivered,none,0
OI-008454,ORD-005380,PROD-00168,1,709,70,639,delivered,none,0
OI-008455,ORD-005381,PROD-00013,1,4999,0,4999,delivered,none,0
OI-008456,ORD-005382,PROD-00063,1,8299,0,8299,delivered,none,0
OI-008457,ORD-005382,PROD-00033,1,5899,0,5899,delivered,none,0
OI-008458,ORD-005382,PROD-00017,1,149,0,149,delivered,none,0
OI-008459,ORD-005383,PROD-00063,1,8299,0,8299,delivered,rejected,0
OI-008460,ORD-005384,PROD-00152,1,221499,11074,210425,delivered,none,0
OI-008461,ORD-005385,PROD-00248,1,4799,0,4799,delivered,none,0
OI-008462,ORD-005385,PROD-00039,1,3099,0,3099,delivered,none,0
OI-008463,ORD-005386,PROD-00115,1,1999,199,1800,delivered,none,0
OI-008464,ORD-005386,PROD-00109,1,3299,329,2970,delivered,none,0
OI-008465,ORD-005386,PROD-00300,1,9999,999,9000,delivered,none,0
OI-008466,ORD-005387,PROD-00279,1,20499,0,20499,delivered,none,0
OI-008467,ORD-005388,PROD-00127,1,3199,0,3199,delivered,none,0
OI-008468,ORD-005388,PROD-00115,1,1899,0,1899,delivered,none,0
OI-008469,ORD-005389,PROD-00174,1,7699,0,7699,delivered,rejected,0
OI-008470,ORD-005390,PROD-00029,1,149,0,149,delivered,none,0
OI-008471,ORD-005390,PROD-00023,2,199,0,398,delivered,none,0
OI-008472,ORD-005390,PROD-00017,1,149,0,149,delivered,none,0
OI-008473,ORD-005390,PROD-00102,1,1499,0,1499,delivered,none,0
OI-008474,ORD-005391,PROD-00029,1,149,17,132,delivered,none,0
OI-008475,ORD-005392,PROD-00020,1,149,0,149,delivered,none,0
OI-008476,ORD-005392,PROD-00061,1,4299,0,4299,delivered,none,0
OI-008477,ORD-005392,PROD-00068,1,13499,0,13499,delivered,none,0
OI-008478,ORD-005393,PROD-00114,1,999,0,999,delivered,none,0
OI-008479,ORD-005394,PROD-00161,1,6299,0,6299,delivered,none,0
OI-008480,ORD-005394,PROD-00299,1,24999,0,24999,delivered,none,0
OI-008481,ORD-005395,PROD-00008,1,4099,0,4099,delivered,none,0
OI-008482,ORD-005396,PROD-00018,2,289,0,578,delivered,none,0
OI-008483,ORD-005397,PROD-00072,1,6799,0,6799,delivered,none,0
OI-008484,ORD-005398,PROD-00012,1,149,0,149,delivered,none,0
OI-008485,ORD-005399,PROD-00001,1,5499,0,5499,delivered,none,0
OI-008486,ORD-005400,PROD-00225,1,19999,1999,18000,delivered,none,0
OI-008487,ORD-005401,PROD-00030,1,1099,109,990,delivered,none,0
OI-008488,ORD-005401,PROD-00104,1,11999,1199,10800,delivered,none,0
OI-008489,ORD-005402,PROD-00034,1,149,0,149,delivered,none,0
OI-008490,ORD-005403,PROD-00174,1,7099,0,7099,delivered,none,0
OI-008491,ORD-005404,PROD-00032,1,159,19,140,delivered,none,0
OI-008492,ORD-005404,PROD-00127,1,2899,347,2552,delivered,none,0
OI-008493,ORD-005404,PROD-00044,1,3099,371,2728,delivered,none,0
OI-008494,ORD-005405,PROD-00104,1,13499,1349,12150,delivered,none,0
OI-008495,ORD-005406,PROD-00112,1,5299,0,5299,delivered,none,0
OI-008496,ORD-005406,PROD-00057,1,2699,0,2699,returned,refunded,3185
OI-008497,ORD-005406,PROD-00161,1,6899,0,6899,delivered,none,0
OI-008498,ORD-005407,PROD-00056,1,3599,287,3312,returned,refunded,3908
OI-008499,ORD-005408,PROD-00017,1,139,13,126,delivered,none,0
OI-008500,ORD-005409,PROD-00174,1,7699,0,7699,delivered,none,0
OI-008501,ORD-005410,PROD-00175,1,699,34,665,delivered,none,0
OI-008502,ORD-005411,PROD-00275,1,33499,0,33499,delivered,rejected,0
OI-008503,ORD-005411,PROD-00127,1,2999,0,2999,returned,refunded,3539
OI-008504,ORD-005411,PROD-00031,1,239,0,239,returned,refunded,282
OI-008505,ORD-005411,PROD-00263,1,10499,0,10499,returned,refunded,12389
OI-008506,ORD-005412,PROD-00114,1,949,0,949,delivered,none,0
OI-008507,ORD-005413,PROD-00174,1,7699,769,6930,delivered,none,0
OI-008508,ORD-005414,PROD-00032,1,149,0,149,delivered,none,0
OI-008509,ORD-005415,PROD-00101,1,3299,0,3299,delivered,none,0
OI-008510,ORD-005416,PROD-00030,2,1099,219,1979,delivered,none,0
OI-008511,ORD-005417,PROD-00099,1,999,0,999,delivered,none,0
OI-008512,ORD-005418,PROD-00057,2,2599,519,4679,cancelled,none,0
OI-008513,ORD-005418,PROD-00164,1,5599,559,5040,cancelled,none,0
OI-008514,ORD-005418,PROD-00127,1,3199,319,2880,cancelled,none,0
OI-008515,ORD-005419,PROD-00127,1,3199,159,3040,delivered,none,0
OI-008516,ORD-005420,PROD-00263,1,9199,1103,8096,delivered,none,0
OI-008517,ORD-005421,PROD-00001,1,5399,269,5130,delivered,none,0
OI-008518,ORD-005421,PROD-00225,1,20499,1024,19475,delivered,none,0
OI-008519,ORD-005421,PROD-00174,1,7099,354,6745,delivered,none,0
OI-008520,ORD-005422,PROD-00168,1,669,0,669,delivered,none,0
OI-008521,ORD-005423,PROD-00250,1,1899,0,1899,delivered,none,0
OI-008522,ORD-005424,PROD-00017,1,149,0,149,delivered,none,0
OI-008523,ORD-005425,PROD-00174,2,7899,0,15798,delivered,none,0
OI-008524,ORD-005426,PROD-00161,1,6899,344,6555,delivered,none,0
OI-008525,ORD-005426,PROD-00007,1,179,8,171,delivered,none,0
OI-008526,ORD-005427,PROD-00171,1,6199,619,5580,delivered,none,0
OI-008527,ORD-005428,PROD-00017,1,149,17,132,cancelled,none,0
OI-008528,ORD-005428,PROD-00050,1,889,106,783,cancelled,none,0
OI-008529,ORD-005428,PROD-00174,1,7699,923,6776,cancelled,none,0
OI-008530,ORD-005428,PROD-00025,1,739,88,651,cancelled,none,0
OI-008531,ORD-005429,PROD-00029,1,139,16,123,delivered,none,0
OI-008532,ORD-005430,PROD-00246,2,16499,1649,31349,delivered,none,0
OI-008533,ORD-005431,PROD-00080,1,4499,359,4140,delivered,none,0
OI-008534,ORD-005432,PROD-00175,1,759,91,668,delivered,none,0
OI-008535,ORD-005433,PROD-00161,1,7099,709,6390,delivered,none,0
OI-008536,ORD-005434,PROD-00007,1,169,0,169,delivered,none,0
OI-008537,ORD-005435,PROD-00127,1,3499,279,3220,delivered,none,0
OI-008538,ORD-005436,PROD-00127,1,3499,0,3499,delivered,none,0
OI-008539,ORD-005436,PROD-00017,1,139,0,139,delivered,none,0
OI-008540,ORD-005437,PROD-00020,1,149,0,149,delivered,none,0
OI-008541,ORD-005438,PROD-00013,1,4699,375,4324,delivered,none,0
OI-008542,ORD-005439,PROD-00296,2,11499,0,22998,delivered,none,0
OI-008543,ORD-005440,PROD-00010,1,6199,0,6199,delivered,none,0
OI-008544,ORD-005440,PROD-00270,1,699,0,699,delivered,none,0
OI-008545,ORD-005440,PROD-00161,1,6899,0,6899,delivered,none,0
OI-008546,ORD-005440,PROD-00062,1,499,0,499,delivered,none,0
OI-008547,ORD-005441,PROD-00249,1,8599,0,8599,delivered,none,0
OI-008548,ORD-005442,PROD-00029,1,149,14,135,delivered,none,0
OI-008549,ORD-005442,PROD-00006,1,149,14,135,delivered,none,0
OI-008550,ORD-005443,PROD-00082,1,889,71,818,delivered,none,0
OI-008551,ORD-005444,PROD-00055,1,15499,1239,14260,delivered,none,0
OI-008552,ORD-005445,PROD-00218,1,40999,0,40999,delivered,rejected,0
OI-008553,ORD-005446,PROD-00127,1,3199,383,2816,delivered,none,0
OI-008554,ORD-005447,PROD-00270,1,699,0,699,delivered,none,0
OI-008555,ORD-005447,PROD-00026,1,4299,0,4299,delivered,none,0
OI-008556,ORD-005447,PROD-00185,1,6999,0,6999,delivered,none,0
OI-008557,ORD-005447,PROD-00239,1,69499,0,69499,delivered,none,0
OI-008558,ORD-005448,PROD-00168,1,729,0,729,returned,refunded,860
OI-008559,ORD-005448,PROD-00065,1,3299,0,3299,returned,refunded,3893
OI-008560,ORD-005449,PROD-00006,1,149,7,142,delivered,none,0
OI-008561,ORD-005450,PROD-00165,1,3899,467,3432,delivered,none,0
OI-008562,ORD-005451,PROD-00264,1,21999,0,21999,delivered,none,0
OI-008563,ORD-005452,PROD-00072,1,6299,503,5796,delivered,none,0
OI-008564,ORD-005452,PROD-00127,1,3299,263,3036,delivered,none,0
OI-008565,ORD-005453,PROD-00017,2,139,27,251,delivered,none,0
OI-008566,ORD-005454,PROD-00168,1,669,80,589,delivered,none,0
OI-008567,ORD-005455,PROD-00115,1,1999,159,1840,cancelled,none,2171
OI-008568,ORD-005456,PROD-00161,1,7199,863,6336,delivered,none,0
OI-008569,ORD-005456,PROD-00017,2,149,35,263,delivered,none,0
OI-008570,ORD-005457,PROD-00055,1,15499,1549,13950,delivered,none,0
OI-008571,ORD-005458,PROD-00013,1,4999,0,4999,delivered,none,0
OI-008572,ORD-005458,PROD-00017,1,139,0,139,delivered,none,0
OI-008573,ORD-005459,PROD-00025,1,679,0,679,delivered,none,0
OI-008574,ORD-005460,PROD-00005,1,5799,0,5799,delivered,none,0
OI-008575,ORD-005461,PROD-00019,1,2899,0,2899,delivered,none,0
OI-008576,ORD-005462,PROD-00259,1,8999,0,8999,delivered,none,0
OI-008577,ORD-005463,PROD-00017,1,149,17,132,delivered,none,0
OI-008578,ORD-005464,PROD-00025,1,699,0,699,delivered,none,0
OI-008579,ORD-005464,PROD-00065,1,3699,0,3699,delivered,none,0
OI-008580,ORD-005465,PROD-00034,2,149,23,275,delivered,none,0
OI-008581,ORD-005465,PROD-00055,1,15499,1239,14260,delivered,none,0
OI-008582,ORD-005465,PROD-00017,1,149,11,138,delivered,none,0
OI-008583,ORD-005465,PROD-00072,1,6799,543,6256,delivered,none,0
OI-008584,ORD-005466,PROD-00227,1,47999,0,47999,delivered,none,0
OI-008585,ORD-005467,PROD-00053,1,5499,0,5499,delivered,none,0
OI-008586,ORD-005467,PROD-00009,1,2399,0,2399,delivered,none,0
OI-008587,ORD-005468,PROD-00017,1,149,0,149,delivered,none,0
OI-008588,ORD-005469,PROD-00004,2,2399,0,4798,delivered,none,0
OI-008589,ORD-005469,PROD-00002,1,3199,0,3199,delivered,none,0
OI-008590,ORD-005470,PROD-00163,1,489,0,489,delivered,none,0
OI-008591,ORD-005470,PROD-00151,1,27999,0,27999,delivered,none,0
OI-008592,ORD-005471,PROD-00003,1,1399,0,1399,delivered,none,0
OI-008593,ORD-005471,PROD-00052,1,5899,0,5899,delivered,none,0
OI-008594,ORD-005472,PROD-00127,1,3199,255,2944,delivered,none,0
OI-008595,ORD-005473,PROD-00096,1,8199,655,7544,delivered,none,0
OI-008596,ORD-005474,PROD-00174,1,7699,615,7084,delivered,none,0
OI-008597,ORD-005475,PROD-00080,1,4899,0,4899,delivered,none,0
OI-008598,ORD-005476,PROD-00214,1,24999,0,24999,delivered,none,0
OI-008599,ORD-005477,PROD-00017,1,149,0,149,cancelled,none,176
OI-008600,ORD-005478,PROD-00174,1,7699,0,7699,delivered,none,0
OI-008601,ORD-005479,PROD-00163,1,489,39,450,cancelled,none,0
OI-008602,ORD-005479,PROD-00225,1,18999,1519,17480,cancelled,none,0
OI-008603,ORD-005480,PROD-00121,1,5399,0,5399,delivered,none,0
OI-008604,ORD-005481,PROD-00057,1,2499,0,2499,delivered,none,0
OI-008605,ORD-005481,PROD-00001,1,5199,0,5199,delivered,none,0
OI-008606,ORD-005482,PROD-00127,1,3199,0,3199,delivered,none,0
OI-008607,ORD-005482,PROD-00270,1,699,0,699,delivered,none,0
OI-008608,ORD-005483,PROD-00172,1,1099,131,968,delivered,none,0
OI-008609,ORD-005483,PROD-00127,1,3199,383,2816,delivered,none,0
OI-008610,ORD-005483,PROD-00264,1,22999,2759,20240,delivered,none,0
OI-008611,ORD-005483,PROD-00161,1,7099,851,6248,delivered,none,0
OI-008612,ORD-005484,PROD-00020,1,149,14,135,delivered,none,0
OI-008613,ORD-005485,PROD-00017,1,149,0,149,delivered,none,0
OI-008614,ORD-005486,PROD-00115,1,2099,251,1848,delivered,none,0
OI-008615,ORD-005487,PROD-00024,3,1399,335,3862,delivered,none,0
OI-008616,ORD-005488,PROD-00020,1,149,0,149,returned,refunded,176
OI-008617,ORD-005489,PROD-00174,1,8299,414,7885,delivered,none,0
OI-008618,ORD-005490,PROD-00174,1,7699,384,7315,delivered,none,0
OI-008619,ORD-005491,PROD-00138,1,143999,0,143999,delivered,none,0
OI-008620,ORD-005492,PROD-00032,1,149,7,142,delivered,none,0
OI-008621,ORD-005492,PROD-00128,1,949,47,902,delivered,none,0
OI-008622,ORD-005493,PROD-00174,1,7699,0,7699,delivered,none,0
OI-008623,ORD-005494,PROD-00159,1,1999,0,1999,delivered,none,0
OI-008624,ORD-005494,PROD-00023,1,199,0,199,delivered,none,0
OI-008625,ORD-005494,PROD-00121,1,4999,0,4999,delivered,none,0
OI-008626,ORD-005495,PROD-00072,1,7299,875,6424,delivered,none,0
OI-008627,ORD-005495,PROD-00124,1,1499,179,1320,delivered,none,0
OI-008628,ORD-005495,PROD-00125,1,499,59,440,delivered,none,0
OI-008629,ORD-005495,PROD-00016,2,2099,503,3695,delivered,none,0
OI-008630,ORD-005496,PROD-00281,1,4099,0,4099,delivered,none,0
OI-008631,ORD-005496,PROD-00022,1,1399,0,1399,delivered,none,0
OI-008632,ORD-005497,PROD-00029,2,149,23,275,delivered,none,0
OI-008633,ORD-005498,PROD-00269,1,2499,199,2300,delivered,none,0
OI-008634,ORD-005498,PROD-00017,1,149,11,138,delivered,rejected,0
OI-008635,ORD-005499,PROD-00068,1,13499,1349,12150,delivered,none,0
OI-008636,ORD-005500,PROD-00297,1,81499,4074,77425,delivered,none,0
OI-008637,ORD-005500,PROD-00007,1,179,8,171,delivered,none,0
OI-008638,ORD-005500,PROD-00033,1,6399,319,6080,delivered,none,0
OI-008639,ORD-005501,PROD-00116,1,30499,0,30499,delivered,none,0
OI-008640,ORD-005502,PROD-00052,1,5899,471,5428,delivered,none,0
OI-008641,ORD-005503,PROD-00174,1,7999,0,7999,delivered,none,0
OI-008642,ORD-005503,PROD-00161,1,6899,0,6899,delivered,none,0
OI-008643,ORD-005504,PROD-00174,1,7699,0,7699,delivered,none,0
OI-008644,ORD-005505,PROD-00057,2,2499,249,4749,delivered,none,0
OI-008645,ORD-005506,PROD-00261,1,21999,1759,20240,delivered,none,0
OI-008646,ORD-005507,PROD-00282,1,21999,2639,19360,delivered,none,0
OI-008647,ORD-005508,PROD-00127,1,3499,0,3499,delivered,none,0
OI-008648,ORD-005509,PROD-00080,1,4499,0,4499,delivered,none,0
OI-008649,ORD-005509,PROD-00017,3,159,0,477,delivered,none,0
OI-008650,ORD-005510,PROD-00085,1,59999,4799,55200,delivered,none,0
OI-008651,ORD-005511,PROD-00057,2,2399,479,4319,delivered,none,0
OI-008652,ORD-005511,PROD-00132,1,649,64,585,delivered,none,0
OI-008653,ORD-005512,PROD-00269,1,2499,0,2499,delivered,none,0
OI-008654,ORD-005513,PROD-00252,1,12999,649,12350,delivered,none,0
OI-008655,ORD-005513,PROD-00265,1,9999,499,9500,delivered,none,0
OI-008656,ORD-005514,PROD-00125,1,499,49,450,delivered,none,0
OI-008657,ORD-005515,PROD-00054,1,6999,0,6999,returned,refunded,8259
OI-008658,ORD-005516,PROD-00262,1,12499,1499,11000,delivered,none,0
OI-008659,ORD-005516,PROD-00168,1,709,85,624,delivered,none,0
OI-008660,ORD-005516,PROD-00158,1,96999,11639,85360,delivered,none,0
OI-008661,ORD-005517,PROD-00074,1,35499,3549,31950,delivered,none,0
OI-008662,ORD-005517,PROD-00017,1,149,14,135,delivered,none,0
OI-008663,ORD-005518,PROD-00017,1,149,14,135,cancelled,none,159
OI-008664,ORD-005519,PROD-00269,1,2499,299,2200,delivered,none,0
OI-008665,ORD-005520,PROD-00174,1,7699,0,7699,delivered,none,0
OI-008666,ORD-005520,PROD-00055,1,15499,0,15499,delivered,none,0
OI-008667,ORD-005520,PROD-00116,1,30499,0,30499,delivered,none,0
OI-008668,ORD-005520,PROD-00270,1,699,0,699,delivered,none,0
OI-008669,ORD-005520,PROD-00269,1,2699,0,2699,delivered,none,0
OI-008670,ORD-005521,PROD-00161,1,7199,863,6336,delivered,none,0
OI-008671,ORD-005522,PROD-00114,1,1099,131,968,delivered,none,0
OI-008672,ORD-005522,PROD-00010,1,5999,719,5280,delivered,none,0
OI-008673,ORD-005523,PROD-00068,1,13999,0,13999,delivered,none,0
OI-008674,ORD-005523,PROD-00270,1,749,0,749,delivered,none,0
OI-008675,ORD-005524,PROD-00242,1,129999,6499,123500,cancelled,none,145730
OI-008676,ORD-005524,PROD-00056,1,3599,179,3420,cancelled,none,4036
OI-008677,ORD-005525,PROD-00111,1,999,99,900,delivered,none,0
OI-008678,ORD-005525,PROD-00072,1,6799,679,6120,delivered,none,0
OI-008679,ORD-005526,PROD-00011,1,309,0,309,delivered,rejected,0
OI-008680,ORD-005527,PROD-00017,1,149,11,138,delivered,none,0
OI-008681,ORD-005528,PROD-00063,1,8999,0,8999,delivered,none,0
OI-008682,ORD-005529,PROD-00236,1,44499,0,44499,delivered,none,0
OI-008683,ORD-005530,PROD-00017,1,149,7,142,delivered,none,0
OI-008684,ORD-005531,PROD-00017,1,149,0,149,cancelled,none,0
OI-008685,ORD-005532,PROD-00127,1,2899,289,2610,delivered,none,0
OI-008686,ORD-005533,PROD-00008,1,4299,515,3784,delivered,none,0
OI-008687,ORD-005533,PROD-00296,1,10999,1319,9680,delivered,none,0
OI-008688,ORD-005534,PROD-00171,1,6699,0,6699,returned,refunded,7905
OI-008689,ORD-005534,PROD-00127,1,3199,0,3199,returned,refunded,3775
OI-008690,ORD-005534,PROD-00029,1,149,0,149,returned,refunded,176
OI-008691,ORD-005535,PROD-00134,1,15499,0,15499,delivered,none,0
OI-008692,ORD-005536,PROD-00029,1,139,0,139,delivered,none,0
OI-008693,ORD-005537,PROD-00251,1,8499,0,8499,delivered,none,0
OI-008694,ORD-005538,PROD-00229,1,129999,0,129999,delivered,none,0
OI-008695,ORD-005539,PROD-00174,1,7699,923,6776,delivered,none,0
OI-008696,ORD-005540,PROD-00017,2,149,14,284,delivered,none,0
OI-008697,ORD-005540,PROD-00086,1,53499,2674,50825,delivered,none,0
OI-008698,ORD-005541,PROD-00017,1,149,0,149,delivered,none,0
OI-008699,ORD-005542,PROD-00018,2,259,0,518,delivered,none,0
OI-008700,ORD-005543,PROD-00097,1,1299,0,1299,delivered,none,0
OI-008701,ORD-005543,PROD-00159,2,1999,0,3998,delivered,none,0
OI-008702,ORD-005543,PROD-00029,1,149,0,149,delivered,none,0
OI-008703,ORD-005544,PROD-00111,1,999,49,950,cancelled,none,1121
OI-008704,ORD-005545,PROD-00127,1,3199,0,3199,delivered,none,0
OI-008705,ORD-005545,PROD-00174,1,7699,0,7699,delivered,none,0
OI-008706,ORD-005546,PROD-00011,1,309,15,294,delivered,none,0
OI-008707,ORD-005546,PROD-00251,1,7799,389,7410,delivered,none,0
OI-008708,ORD-005546,PROD-00028,1,4799,239,4560,delivered,none,0
OI-008709,ORD-005547,PROD-00009,1,2599,207,2392,delivered,none,0
OI-008710,ORD-005548,PROD-00138,1,149999,0,149999,delivered,none,0
OI-008711,ORD-005549,PROD-00066,2,959,230,1688,delivered,none,0
OI-008712,ORD-005549,PROD-00161,1,6299,755,5544,delivered,none,0
OI-008713,ORD-005549,PROD-00280,1,9499,1139,8360,delivered,none,0
OI-008714,ORD-005549,PROD-00033,1,6399,767,5632,delivered,none,0
OI-008715,ORD-005550,PROD-00169,1,2799,0,2799,delivered,none,0
OI-008716,ORD-005551,PROD-00132,1,699,69,630,delivered,none,0
OI-008717,ORD-005551,PROD-00134,1,15499,1549,13950,delivered,none,0
OI-008718,ORD-005551,PROD-00005,1,5499,549,4950,delivered,none,0
OI-008719,ORD-005552,PROD-00222,1,109499,0,109499,delivered,none,0
OI-008720,ORD-005553,PROD-00033,1,5899,471,5428,delivered,none,0
OI-008721,ORD-005554,PROD-00245,1,19499,0,19499,delivered,none,0
OI-008722,ORD-005554,PROD-00032,2,149,0,298,delivered,none,0
OI-008723,ORD-005555,PROD-00161,1,6899,0,6899,delivered,none,0
OI-008724,ORD-005556,PROD-00127,1,2999,0,2999,delivered,none,0
OI-008725,ORD-005557,PROD-00197,1,6699,535,6164,returned,refunded,7274
OI-008726,ORD-005558,PROD-00174,1,7899,394,7505,returned,refunded,8856
OI-008727,ORD-005559,PROD-00017,1,149,14,135,delivered,none,0
OI-008728,ORD-005559,PROD-00072,1,6799,679,6120,delivered,none,0
OI-008729,ORD-005560,PROD-00174,1,7299,364,6935,cancelled,none,8183
OI-008730,ORD-005561,PROD-00161,1,6299,0,6299,delivered,none,0
OI-008731,ORD-005562,PROD-00017,1,149,7,142,delivered,none,0
OI-008732,ORD-005562,PROD-00174,1,7099,354,6745,delivered,none,0
OI-008733,ORD-005563,PROD-00257,1,6699,803,5896,delivered,none,0
OI-008734,ORD-005563,PROD-00017,1,159,19,140,delivered,none,0
OI-008735,ORD-005564,PROD-00258,1,2099,167,1932,delivered,none,0
OI-008736,ORD-005564,PROD-00127,1,3199,255,2944,delivered,none,0
OI-008737,ORD-005564,PROD-00013,1,4999,399,4600,delivered,none,0
OI-008738,ORD-005564,PROD-00017,1,149,11,138,delivered,none,0
OI-008739,ORD-005564,PROD-00053,1,5499,439,5060,delivered,none,0
OI-008740,ORD-005565,PROD-00017,1,139,13,126,delivered,none,0
OI-008741,ORD-005566,PROD-00260,1,4999,499,4500,delivered,none,0
OI-008742,ORD-005567,PROD-00010,2,5699,1139,10259,delivered,none,0
OI-008743,ORD-005568,PROD-00033,1,6399,0,6399,delivered,none,0
OI-008744,ORD-005569,PROD-00251,1,8799,439,8360,delivered,none,0
OI-008745,ORD-005569,PROD-00255,1,1399,69,1330,delivered,none,0
OI-008746,ORD-005569,PROD-00174,1,7099,354,6745,delivered,none,0
OI-008747,ORD-005570,PROD-00025,1,679,54,625,delivered,none,0
OI-008748,ORD-005570,PROD-00251,1,8499,679,7820,delivered,none,0
OI-008749,ORD-005571,PROD-00021,1,3999,199,3800,delivered,none,0
OI-008750,ORD-005572,PROD-00062,1,499,24,475,delivered,none,0
OI-008751,ORD-005573,PROD-00102,1,1399,69,1330,delivered,none,0
OI-008752,ORD-005574,PROD-00068,1,13999,1679,12320,delivered,none,0
OI-008753,ORD-005574,PROD-00169,1,2899,347,2552,delivered,none,0
OI-008754,ORD-005575,PROD-00227,1,51999,0,51999,delivered,none,0
OI-008755,ORD-005575,PROD-00265,1,10499,0,10499,delivered,none,0
OI-008756,ORD-005576,PROD-00072,1,6799,815,5984,delivered,none,0
OI-008757,ORD-005577,PROD-00212,1,5499,0,5499,delivered,none,0
OI-008758,ORD-005578,PROD-00168,2,739,0,1478,delivered,none,0
OI-008759,ORD-005579,PROD-00057,1,2499,0,2499,delivered,rejected,0
OI-008760,ORD-005580,PROD-00025,1,739,0,739,delivered,none,0
OI-008761,ORD-005581,PROD-00174,1,8299,995,7304,delivered,none,0
OI-008762,ORD-005582,PROD-00002,1,3199,0,3199,delivered,none,0
OI-008763,ORD-005582,PROD-00072,1,6799,0,6799,delivered,none,0
OI-008764,ORD-005583,PROD-00010,1,5999,0,5999,delivered,none,0
OI-008765,ORD-005583,PROD-00239,1,69499,0,69499,delivered,none,0
OI-008766,ORD-005584,PROD-00021,1,3999,319,3680,delivered,none,0
OI-008767,ORD-005584,PROD-00068,1,13999,1119,12880,delivered,none,0
OI-008768,ORD-005584,PROD-00053,1,5799,463,5336,delivered,none,0
OI-008769,ORD-005585,PROD-00161,1,6599,791,5808,delivered,none,0
OI-008770,ORD-005586,PROD-00168,2,709,0,1418,delivered,none,0
OI-008771,ORD-005587,PROD-00072,1,6799,0,6799,delivered,none,0
OI-008772,ORD-005588,PROD-00251,1,9199,0,9199,delivered,none,0
OI-008773,ORD-005588,PROD-00017,1,149,0,149,delivered,none,0
OI-008774,ORD-005589,PROD-00013,1,4999,499,4500,delivered,none,0
OI-008775,ORD-005590,PROD-00270,1,699,83,616,cancelled,none,727
OI-008776,ORD-005591,PROD-00171,1,7199,0,7199,returned,refunded,8495
OI-008777,ORD-005591,PROD-00158,1,109999,0,109999,returned,refunded,129799
OI-008778,ORD-005592,PROD-00176,1,7399,0,7399,delivered,none,0
OI-008779,ORD-005592,PROD-00031,1,229,0,229,delivered,none,0
OI-008780,ORD-005593,PROD-00168,1,709,85,624,delivered,none,0
OI-008781,ORD-005593,PROD-00257,1,7099,851,6248,returned,refunded,7373
OI-008782,ORD-005594,PROD-00172,1,1099,0,1099,delivered,none,0
OI-008783,ORD-005595,PROD-00227,2,51999,0,103998,delivered,none,0
OI-008784,ORD-005595,PROD-00032,1,149,0,149,delivered,none,0
OI-008785,ORD-005596,PROD-00269,1,2499,0,2499,delivered,none,0
OI-008786,ORD-005597,PROD-00158,1,109999,10999,99000,delivered,none,0
OI-008787,ORD-005598,PROD-00163,2,479,0,958,delivered,none,0
OI-008788,ORD-005599,PROD-00248,1,4599,0,4599,cancelled,none,0
OI-008789,ORD-005599,PROD-00168,1,759,0,759,cancelled,none,0
OI-008790,ORD-005600,PROD-00011,2,329,0,658,delivered,none,0
OI-008791,ORD-005600,PROD-00174,1,7699,0,7699,delivered,none,0
OI-008792,ORD-005601,PROD-00032,1,149,0,149,delivered,none,0
OI-008793,ORD-005601,PROD-00191,1,39999,0,39999,delivered,none,0
OI-008794,ORD-005602,PROD-00174,1,8299,995,7304,delivered,none,0
OI-008795,ORD-005602,PROD-00029,1,149,17,132,delivered,none,0
OI-008796,ORD-005603,PROD-00052,1,5899,589,5310,delivered,none,0
OI-008797,ORD-005603,PROD-00017,1,149,14,135,delivered,none,0
OI-008798,ORD-005604,PROD-00270,1,729,36,693,delivered,none,0
OI-008799,ORD-005605,PROD-00174,1,7899,789,7110,delivered,none,0
OI-008800,ORD-005606,PROD-00013,1,4699,0,4699,delivered,rejected,0
OI-008801,ORD-005607,PROD-00005,1,5999,0,5999,delivered,none,0
OI-008802,ORD-005608,PROD-00161,1,6899,0,6899,delivered,none,0
OI-008803,ORD-005609,PROD-00248,1,4799,479,4320,delivered,none,0
OI-008804,ORD-005610,PROD-00072,1,7299,364,6935,returned,refunded,8183
OI-008805,ORD-005611,PROD-00281,1,3899,0,3899,delivered,none,0
OI-008806,ORD-005611,PROD-00011,1,329,0,329,delivered,none,0
OI-008807,ORD-005612,PROD-00065,1,3699,184,3515,cancelled,none,4148
OI-008808,ORD-005612,PROD-00161,2,6599,659,12539,cancelled,none,14796
OI-008809,ORD-005613,PROD-00293,1,67499,3374,64125,delivered,none,0
OI-008810,ORD-005614,PROD-00017,1,149,17,132,delivered,none,0
OI-008811,ORD-005614,PROD-00029,3,149,53,394,delivered,none,0
OI-008812,ORD-005615,PROD-00019,1,2999,0,2999,delivered,none,0
OI-008813,ORD-005615,PROD-00227,1,49499,0,49499,delivered,none,0
OI-008814,ORD-005615,PROD-00023,1,189,0,189,delivered,none,0
OI-008815,ORD-005615,PROD-00247,1,12999,0,12999,delivered,none,0
OI-008816,ORD-005616,PROD-00027,1,149,0,149,delivered,none,0
OI-008817,ORD-005617,PROD-00024,1,1199,95,1104,delivered,none,0
OI-008818,ORD-005618,PROD-00167,1,2699,0,2699,delivered,none,0
OI-008819,ORD-005619,PROD-00055,1,16499,1319,15180,delivered,none,0
OI-008820,ORD-005620,PROD-00024,2,1299,259,2339,delivered,none,0
OI-008821,ORD-005621,PROD-00176,1,7099,0,7099,delivered,none,0
OI-008822,ORD-005622,PROD-00203,1,24999,2499,22500,delivered,none,0
OI-008823,ORD-005623,PROD-00267,1,15499,0,15499,delivered,none,0
OI-008824,ORD-005624,PROD-00275,1,33499,0,33499,delivered,none,0
OI-008825,ORD-005624,PROD-00029,1,159,0,159,delivered,none,0
OI-008826,ORD-005625,PROD-00264,1,22999,1149,21850,delivered,none,0
OI-008827,ORD-005626,PROD-00127,1,2999,0,2999,delivered,none,0
OI-008828,ORD-005627,PROD-00132,1,649,64,585,delivered,none,0
OI-008829,ORD-005628,PROD-00269,1,2499,0,2499,delivered,none,0
OI-008830,ORD-005629,PROD-00161,1,6899,551,6348,delivered,none,0
OI-008831,ORD-005630,PROD-00002,1,3199,255,2944,delivered,none,0
OI-008832,ORD-005630,PROD-00174,1,7699,615,7084,delivered,none,0
OI-008833,ORD-005630,PROD-00070,3,469,112,1295,delivered,none,0
OI-008834,ORD-005630,PROD-00029,1,139,11,128,delivered,none,0
OI-008835,ORD-005631,PROD-00053,1,5799,0,5799,returned,refunded,6843
OI-008836,ORD-005631,PROD-00017,1,149,0,149,delivered,rejected,0
OI-008837,ORD-005631,PROD-00174,1,7699,0,7699,returned,refunded,9085
OI-008838,ORD-005631,PROD-00127,1,3199,0,3199,returned,refunded,3775
OI-008839,ORD-005631,PROD-00300,1,9199,0,9199,delivered,rejected,0
OI-008840,ORD-005632,PROD-00009,1,2599,311,2288,delivered,none,0
OI-008841,ORD-005633,PROD-00174,1,7699,769,6930,delivered,none,0
OI-008842,ORD-005633,PROD-00161,1,6899,689,6210,delivered,none,0
OI-008843,ORD-005634,PROD-00017,1,149,11,138,delivered,none,0
OI-008844,ORD-005635,PROD-00127,1,3299,0,3299,delivered,none,0
OI-008845,ORD-005636,PROD-00126,1,13999,0,13999,delivered,none,0
OI-008846,ORD-005637,PROD-00003,2,1299,0,2598,delivered,none,0
OI-008847,ORD-005638,PROD-00033,1,6099,0,6099,delivered,none,0
OI-008848,ORD-005639,PROD-00052,1,5899,0,5899,delivered,none,0
OI-008849,ORD-005640,PROD-00020,1,159,19,140,returned,refunded,165
OI-008850,ORD-005641,PROD-00029,1,149,17,132,delivered,none,0
OI-008851,ORD-005641,PROD-00264,1,22999,2759,20240,delivered,none,0
OI-008852,ORD-005642,PROD-00102,2,1499,0,2998,delivered,none,0
OI-008853,ORD-005642,PROD-00266,1,25499,0,25499,delivered,none,0
OI-008854,ORD-005643,PROD-00193,1,38999,3899,35100,delivered,none,0
OI-008855,ORD-005644,PROD-00174,1,7999,0,7999,delivered,none,0
OI-008856,ORD-005644,PROD-00061,1,3999,0,3999,delivered,none,0
OI-008857,ORD-005644,PROD-00272,1,20999,0,20999,delivered,none,0
OI-008858,ORD-005644,PROD-00003,1,1499,0,1499,delivered,none,0
OI-008859,ORD-005645,PROD-00269,1,2499,0,2499,delivered,none,0
OI-008860,ORD-005646,PROD-00249,1,8899,711,8188,cancelled,none,9662
OI-008861,ORD-005646,PROD-00052,1,6099,487,5612,cancelled,none,6622
OI-008862,ORD-005647,PROD-00174,2,7999,1599,14399,delivered,none,0
OI-008863,ORD-005647,PROD-00017,1,149,14,135,delivered,none,0
OI-008864,ORD-005647,PROD-00029,1,159,15,144,delivered,none,0
OI-008865,ORD-005648,PROD-00069,1,1399,0,1399,delivered,rejected,0
OI-008866,ORD-005649,PROD-00197,1,6699,0,6699,cancelled,none,0
OI-008867,ORD-005649,PROD-00077,1,37999,0,37999,cancelled,none,0
OI-008868,ORD-005649,PROD-00009,1,2599,0,2599,cancelled,none,0
OI-008869,ORD-005649,PROD-00286,1,25499,0,25499,cancelled,none,0
OI-008870,ORD-005650,PROD-00069,3,1499,0,4497,delivered,none,0
OI-008871,ORD-005650,PROD-00029,2,149,0,298,delivered,none,0
OI-008872,ORD-005651,PROD-00108,1,7399,0,7399,delivered,none,0
OI-008873,ORD-005652,PROD-00127,1,2999,149,2850,returned,refunded,3363
OI-008874,ORD-005653,PROD-00117,2,1799,0,3598,delivered,none,0
OI-008875,ORD-005654,PROD-00053,1,5799,0,5799,delivered,none,0
OI-008876,ORD-005654,PROD-00087,1,7099,0,7099,delivered,none,0
OI-008877,ORD-005655,PROD-00119,1,9899,0,9899,delivered,none,0
OI-008878,ORD-005656,PROD-00230,1,7499,749,6750,delivered,none,0
OI-008879,ORD-005657,PROD-00161,2,6899,0,13798,delivered,rejected,0
OI-008880,ORD-005657,PROD-00052,1,5899,0,5899,returned,refunded,6961
OI-008881,ORD-005658,PROD-00018,1,289,0,289,delivered,none,0
OI-008882,ORD-005658,PROD-00052,1,5899,0,5899,delivered,none,0
OI-008883,ORD-005659,PROD-00003,1,1399,167,1232,delivered,none,0
OI-008884,ORD-005660,PROD-00111,1,949,94,855,returned,refunded,1009
OI-008885,ORD-005661,PROD-00114,1,999,99,900,delivered,none,0
OI-008886,ORD-005662,PROD-00008,1,4299,343,3956,delivered,none,0
OI-008887,ORD-005663,PROD-00124,1,1499,119,1380,delivered,none,0
OI-008888,ORD-005663,PROD-00017,3,149,35,412,delivered,none,0
OI-008889,ORD-005664,PROD-00007,1,179,0,179,delivered,none,0
OI-008890,ORD-005665,PROD-00127,1,3199,319,2880,returned,refunded,3398
OI-008891,ORD-005665,PROD-00052,1,5599,559,5040,delivered,none,0
OI-008892,ORD-005666,PROD-00169,1,2799,279,2520,delivered,none,0
OI-008893,ORD-005667,PROD-00174,1,7999,799,7200,delivered,none,0
OI-008894,ORD-005667,PROD-00168,1,709,70,639,delivered,none,0
OI-008895,ORD-005668,PROD-00174,1,7699,923,6776,delivered,none,0
OI-008896,ORD-005669,PROD-00102,1,1499,0,1499,delivered,none,0
OI-008897,ORD-005670,PROD-00265,1,9999,0,9999,delivered,none,0
OI-008898,ORD-005671,PROD-00077,1,34999,0,34999,delivered,none,0
OI-008899,ORD-005671,PROD-00101,1,3399,0,3399,delivered,none,0
OI-008900,ORD-005671,PROD-00174,1,7699,0,7699,delivered,none,0
OI-008901,ORD-005672,PROD-00127,1,3299,0,3299,delivered,none,0
OI-008902,ORD-005672,PROD-00264,1,22999,0,22999,delivered,none,0
OI-008903,ORD-005673,PROD-00270,1,719,86,633,cancelled,none,747
OI-008904,ORD-005674,PROD-00264,1,24999,2499,22500,delivered,none,0
OI-008905,ORD-005674,PROD-00071,1,3399,339,3060,delivered,none,0
OI-008906,ORD-005674,PROD-00266,1,25499,2549,22950,delivered,none,0
OI-008907,ORD-005675,PROD-00104,1,12499,0,12499,delivered,none,0
OI-008908,ORD-005675,PROD-00264,1,23499,0,23499,delivered,none,0
OI-008909,ORD-005676,PROD-00036,1,24999,0,24999,delivered,none,0
OI-008910,ORD-005676,PROD-00271,1,13499,0,13499,delivered,none,0
OI-008911,ORD-005677,PROD-00052,1,6099,487,5612,delivered,none,0
OI-008912,ORD-005677,PROD-00125,1,539,43,496,delivered,none,0
OI-008913,ORD-005678,PROD-00259,1,8999,449,8550,delivered,none,0
OI-008914,ORD-005678,PROD-00174,1,7699,384,7315,delivered,none,0
OI-008915,ORD-005679,PROD-00174,1,7299,0,7299,delivered,none,0
OI-008916,ORD-005680,PROD-00020,1,149,7,142,delivered,none,0
OI-008917,ORD-005681,PROD-00052,1,6099,609,5490,delivered,none,0
OI-008918,ORD-005682,PROD-00025,3,679,244,1793,delivered,none,0
OI-008919,ORD-005682,PROD-00079,1,52499,6299,46200,delivered,none,0
OI-008920,ORD-005683,PROD-00060,1,9999,0,9999,delivered,none,0
OI-008921,ORD-005683,PROD-00161,1,6899,0,6899,delivered,none,0
OI-008922,ORD-005684,PROD-00174,1,7299,583,6716,delivered,none,0
OI-008923,ORD-005685,PROD-00069,1,1399,0,1399,cancelled,none,1651
OI-008924,ORD-005685,PROD-00172,1,1099,0,1099,cancelled,none,1297
OI-008925,ORD-005685,PROD-00118,2,579,0,1158,cancelled,none,1366
OI-008926,ORD-005686,PROD-00005,1,5799,695,5104,returned,refunded,6023
OI-008927,ORD-005687,PROD-00044,1,2999,0,2999,delivered,none,0
OI-008928,ORD-005687,PROD-00284,1,2999,0,2999,delivered,none,0
OI-008929,ORD-005688,PROD-00254,1,1899,94,1805,delivered,none,0
OI-008930,ORD-005689,PROD-00266,1,25499,1274,24225,delivered,none,0
OI-008931,ORD-005689,PROD-00118,1,579,28,551,delivered,none,0
OI-008932,ORD-005690,PROD-00248,1,5199,623,4576,delivered,none,0
OI-008933,ORD-005691,PROD-00004,2,2399,479,4319,delivered,none,0
OI-008934,ORD-005691,PROD-00101,1,3399,339,3060,delivered,none,0
OI-008935,ORD-005692,PROD-00114,1,999,0,999,delivered,none,0
OI-008936,ORD-005692,PROD-00017,1,149,0,149,delivered,none,0
OI-008937,ORD-005693,PROD-00127,1,3199,383,2816,returned,refunded,3323
OI-008938,ORD-005693,PROD-00069,1,1299,155,1144,returned,refunded,1350
OI-008939,ORD-005693,PROD-00062,1,499,59,440,delivered,none,0
OI-008940,ORD-005694,PROD-00152,1,214999,0,214999,delivered,none,0
OI-008941,ORD-005695,PROD-00010,1,5999,0,5999,delivered,none,0
OI-008942,ORD-005695,PROD-00017,1,139,0,139,delivered,none,0
OI-008943,ORD-005695,PROD-00269,1,2499,0,2499,delivered,none,0
OI-008944,ORD-005695,PROD-00161,1,6899,0,6899,delivered,none,0
OI-008945,ORD-005696,PROD-00127,1,3199,0,3199,delivered,none,0
OI-008946,ORD-005697,PROD-00259,1,8699,869,7830,delivered,none,0
OI-008947,ORD-005697,PROD-00174,1,7699,769,6930,delivered,none,0
OI-008948,ORD-005698,PROD-00115,1,2099,0,2099,delivered,none,0
OI-008949,ORD-005699,PROD-00202,1,6999,0,6999,delivered,none,0
OI-008950,ORD-005700,PROD-00127,1,3199,255,2944,returned,refunded,3474
OI-008951,ORD-005700,PROD-00023,1,199,15,184,returned,refunded,217
OI-008952,ORD-005701,PROD-00169,1,2799,0,2799,delivered,none,0
OI-008953,ORD-005701,PROD-00064,1,1899,0,1899,delivered,none,0
OI-008954,ORD-005702,PROD-00164,1,5799,289,5510,delivered,none,0
OI-008955,ORD-005703,PROD-00174,1,7899,631,7268,delivered,none,0
OI-008956,ORD-005704,PROD-00101,1,3299,164,3135,delivered,none,0
OI-008957,ORD-005705,PROD-00101,1,2999,0,2999,delivered,none,0
OI-008958,ORD-005706,PROD-00034,1,139,11,128,delivered,none,0
OI-008959,ORD-005707,PROD-00055,1,15999,0,15999,delivered,none,0
OI-008960,ORD-005708,PROD-00282,1,22499,2249,20250,delivered,none,0
OI-008961,ORD-005708,PROD-00017,1,139,13,126,delivered,none,0
OI-008962,ORD-005709,PROD-00169,1,2799,0,2799,delivered,none,0
OI-008963,ORD-005710,PROD-00161,1,6599,659,5940,delivered,none,0
OI-008964,ORD-005711,PROD-00029,1,139,16,123,delivered,none,0
OI-008965,ORD-005712,PROD-00017,1,149,11,138,delivered,none,0
OI-008966,ORD-005713,PROD-00251,1,8499,0,8499,delivered,none,0
OI-008967,ORD-005714,PROD-00004,1,2499,199,2300,returned,refunded,2714
OI-008968,ORD-005715,PROD-00128,1,989,0,989,delivered,none,0
OI-008969,ORD-005715,PROD-00057,2,2399,0,4798,delivered,none,0
OI-008970,ORD-005716,PROD-00017,1,149,0,149,delivered,none,0
OI-008971,ORD-005716,PROD-00002,2,2999,0,5998,delivered,none,0
OI-008972,ORD-005717,PROD-00127,1,3199,0,3199,delivered,none,0
OI-008973,ORD-005718,PROD-00106,1,29499,1474,28025,delivered,none,0
OI-008974,ORD-005719,PROD-00057,1,2499,0,2499,delivered,none,0
OI-008975,ORD-005719,PROD-00020,1,149,0,149,delivered,none,0
OI-008976,ORD-005720,PROD-00005,1,6299,0,6299,delivered,none,0
OI-008977,ORD-005720,PROD-00277,1,1199,0,1199,delivered,none,0
OI-008978,ORD-005721,PROD-00017,1,149,7,142,delivered,none,0
OI-008979,ORD-005721,PROD-00204,1,27499,1374,26125,delivered,none,0
OI-008980,ORD-005722,PROD-00169,1,2799,279,2520,delivered,none,0
OI-008981,ORD-005722,PROD-00161,1,6899,689,6210,delivered,none,0
OI-008982,ORD-005723,PROD-00114,1,919,0,919,delivered,none,0
OI-008983,ORD-005724,PROD-00264,1,20999,2519,18480,delivered,none,0
OI-008984,ORD-005725,PROD-00023,1,199,23,176,delivered,none,0
OI-008985,ORD-005726,PROD-00017,3,149,44,403,delivered,none,0
OI-008986,ORD-005727,PROD-00026,1,4299,0,4299,delivered,none,0
OI-008987,ORD-005728,PROD-00077,1,35999,0,35999,delivered,none,0
OI-008988,ORD-005729,PROD-00197,1,6699,0,6699,delivered,none,0
OI-008989,ORD-005729,PROD-00032,1,149,0,149,delivered,none,0
OI-008990,ORD-005730,PROD-00132,1,669,0,669,delivered,none,0
OI-008991,ORD-005731,PROD-00133,1,499,24,475,delivered,none,0
OI-008992,ORD-005732,PROD-00127,1,3199,0,3199,delivered,none,0
OI-008993,ORD-005733,PROD-00251,1,8499,1019,7480,delivered,none,0
OI-008994,ORD-005734,PROD-00127,1,3199,319,2880,delivered,none,0
OI-008995,ORD-005734,PROD-00029,3,149,44,403,delivered,none,0
OI-008996,ORD-005735,PROD-00068,1,13999,0,13999,delivered,none,0
OI-008997,ORD-005736,PROD-00217,1,11499,0,11499,delivered,none,0
OI-008998,ORD-005737,PROD-00007,1,179,0,179,cancelled,none,211
OI-008999,ORD-005738,PROD-00104,1,12499,1249,11250,delivered,none,0
OI-009000,ORD-005739,PROD-00218,1,42999,0,42999,delivered,none,0
OI-009001,ORD-005739,PROD-00096,1,8899,0,8899,delivered,none,0
OI-009002,ORD-005740,PROD-00066,1,879,0,879,delivered,none,0
OI-009003,ORD-005740,PROD-00271,1,12499,0,12499,delivered,none,0
OI-009004,ORD-005741,PROD-00238,1,33499,0,33499,delivered,none,0
OI-009005,ORD-005741,PROD-00003,1,1399,0,1399,delivered,none,0
OI-009006,ORD-005741,PROD-00245,1,19499,0,19499,delivered,none,0
OI-009007,ORD-005742,PROD-00251,1,8099,404,7695,delivered,none,0
OI-009008,ORD-005743,PROD-00012,1,149,11,138,delivered,none,0
OI-009009,ORD-005744,PROD-00013,1,4999,399,4600,delivered,none,0
OI-009010,ORD-005745,PROD-00066,1,999,0,999,delivered,none,0
OI-009011,ORD-005746,PROD-00269,1,2499,124,2375,delivered,none,0
OI-009012,ORD-005747,PROD-00242,1,140499,0,140499,returned,refunded,165789
OI-009013,ORD-005748,PROD-00111,1,999,79,920,delivered,none,0
OI-009014,ORD-005748,PROD-00013,1,4999,399,4600,delivered,none,0
OI-009015,ORD-005749,PROD-00164,1,5999,719,5280,delivered,none,0
OI-009016,ORD-005749,PROD-00185,1,7299,875,6424,delivered,none,0
OI-009017,ORD-005749,PROD-00277,1,1099,131,968,delivered,none,0
OI-009018,ORD-005750,PROD-00017,2,139,27,251,delivered,none,0
OI-009019,ORD-005751,PROD-00017,1,149,0,149,delivered,none,0
OI-009020,ORD-005752,PROD-00032,1,149,0,149,delivered,none,0
OI-009021,ORD-005753,PROD-00131,1,5899,0,5899,delivered,received,0
OI-009022,ORD-005754,PROD-00098,1,20499,2049,18450,delivered,none,0
OI-009023,ORD-005755,PROD-00289,1,45999,0,45999,delivered,none,0
OI-009024,ORD-005755,PROD-00007,1,179,0,179,delivered,none,0
OI-009025,ORD-005756,PROD-00017,1,149,7,142,delivered,none,0
OI-009026,ORD-005757,PROD-00020,1,149,7,142,delivered,none,0
OI-009027,ORD-005758,PROD-00127,1,3499,0,3499,cancelled,none,0
OI-009028,ORD-005759,PROD-00127,1,3199,255,2944,delivered,none,0
OI-009029,ORD-005759,PROD-00159,1,1999,159,1840,delivered,none,0
OI-009030,ORD-005760,PROD-00232,1,121499,12149,109350,delivered,none,0
OI-009031,ORD-005760,PROD-00021,1,3999,399,3600,delivered,none,0
OI-009032,ORD-005761,PROD-00027,1,149,0,149,delivered,none,0
OI-009033,ORD-005762,PROD-00176,1,7699,0,7699,delivered,none,0
OI-009034,ORD-005763,PROD-00166,1,6199,0,6199,delivered,none,0
OI-009035,ORD-005764,PROD-00052,1,5899,0,5899,delivered,none,0
OI-009036,ORD-005765,PROD-00095,1,15499,0,15499,delivered,none,0
OI-009037,ORD-005766,PROD-00014,1,909,45,864,delivered,none,0
OI-009038,ORD-005766,PROD-00174,1,7999,399,7600,delivered,none,0
OI-009039,ORD-005767,PROD-00033,1,6099,487,5612,delivered,none,0
OI-009040,ORD-005767,PROD-00017,1,149,11,138,delivered,none,0
OI-009041,ORD-005767,PROD-00204,1,27499,2199,25300,delivered,none,0
OI-009042,ORD-005767,PROD-00061,1,4499,359,4140,delivered,none,0
OI-009043,ORD-005767,PROD-00032,1,149,11,138,delivered,none,0
OI-009044,ORD-005768,PROD-00269,1,2499,0,2499,delivered,none,0
OI-009045,ORD-005769,PROD-00269,1,2599,207,2392,delivered,none,0
OI-009046,ORD-005770,PROD-00025,1,739,0,739,cancelled,none,872
OI-009047,ORD-005771,PROD-00281,1,4099,327,3772,returned,refunded,4451
OI-009048,ORD-005772,PROD-00161,1,6299,0,6299,delivered,none,0
OI-009049,ORD-005772,PROD-00132,1,669,0,669,delivered,none,0
OI-009050,ORD-005773,PROD-00057,1,2499,0,2499,returned,refunded,2949
OI-009051,ORD-005773,PROD-00175,1,699,0,699,delivered,none,0
OI-009052,ORD-005774,PROD-00084,1,18499,0,18499,delivered,none,0
OI-009053,ORD-005775,PROD-00174,1,7899,394,7505,delivered,none,0
OI-009054,ORD-005775,PROD-00168,1,709,35,674,delivered,none,0
OI-009055,ORD-005776,PROD-00174,1,7699,769,6930,delivered,none,0
OI-009056,ORD-005776,PROD-00029,2,139,27,251,delivered,none,0
OI-009057,ORD-005776,PROD-00152,1,214999,21499,193500,delivered,none,0
OI-009058,ORD-005777,PROD-00202,1,6999,349,6650,cancelled,none,0
OI-009059,ORD-005778,PROD-00023,1,199,0,199,cancelled,none,235
OI-009060,ORD-005778,PROD-00012,1,149,0,149,cancelled,none,176
OI-009061,ORD-005778,PROD-00052,1,5899,0,5899,cancelled,none,6961
OI-009062,ORD-005778,PROD-00174,1,8299,0,8299,cancelled,none,9793
OI-009063,ORD-005778,PROD-00171,1,6699,0,6699,cancelled,none,7905
OI-009064,ORD-005779,PROD-00009,1,2699,215,2484,delivered,none,0
OI-009065,ORD-005780,PROD-00051,1,6099,731,5368,shipped,none,0
OI-009066,ORD-005780,PROD-00120,1,6999,839,6160,shipped,none,0
OI-009067,ORD-005781,PROD-00017,2,149,23,275,returned,refunded,325
OI-009068,ORD-005781,PROD-00111,1,919,73,846,delivered,none,0
OI-009069,ORD-005782,PROD-00251,1,8499,1019,7480,returned,refunded,8826
OI-009070,ORD-005783,PROD-00275,1,36499,3649,32850,delivered,none,0
OI-009071,ORD-005783,PROD-00269,1,2499,249,2250,delivered,none,0
OI-009072,ORD-005784,PROD-00132,1,649,64,585,returned,refunded,690
OI-009073,ORD-005785,PROD-00174,1,7999,639,7360,shipped,none,0
OI-009074,ORD-005785,PROD-00130,1,12999,1039,11960,shipped,none,0
OI-009075,ORD-005786,PROD-00017,2,139,0,278,cancelled,none,328
OI-009076,ORD-005786,PROD-00020,1,149,0,149,cancelled,none,176
OI-009077,ORD-005787,PROD-00002,1,2999,0,2999,returned,refunded,3539
OI-009078,ORD-005788,PROD-00161,1,7399,0,7399,returned,refunded,8731
OI-009079,ORD-005789,PROD-00226,1,7499,0,7499,delivered,none,0
OI-009080,ORD-005790,PROD-00003,1,1299,0,1299,delivered,none,0
OI-009081,ORD-005791,PROD-00077,1,35999,3599,32400,delivered,none,0
OI-009082,ORD-005791,PROD-00069,2,1399,279,2519,delivered,none,0
OI-009083,ORD-005792,PROD-00268,1,44999,0,44999,cancelled,none,53099
OI-009084,ORD-005793,PROD-00127,1,3199,0,3199,delivered,none,0
OI-009085,ORD-005794,PROD-00127,1,2999,0,2999,delivered,none,0
OI-009086,ORD-005794,PROD-00029,1,149,0,149,delivered,none,0
OI-009087,ORD-005794,PROD-00232,1,116999,0,116999,delivered,none,0
OI-009088,ORD-005794,PROD-00080,1,4699,0,4699,delivered,none,0
OI-009089,ORD-005795,PROD-00174,1,7999,0,7999,delivered,none,0
OI-009090,ORD-005795,PROD-00001,1,5399,0,5399,delivered,none,0
OI-009091,ORD-005796,PROD-00120,1,6799,679,6120,delivered,none,0
OI-009092,ORD-005797,PROD-00174,1,7699,0,7699,delivered,none,0
OI-009093,ORD-005798,PROD-00262,1,11999,599,11400,cancelled,none,0
OI-009094,ORD-005799,PROD-00168,1,709,0,709,delivered,none,0
OI-009095,ORD-005800,PROD-00275,1,36499,2919,33580,delivered,none,0
OI-009096,ORD-005801,PROD-00159,1,1999,159,1840,delivered,none,0
OI-009097,ORD-005802,PROD-00161,1,7399,0,7399,delivered,none,0
OI-009098,ORD-005802,PROD-00174,1,7899,0,7899,delivered,none,0
OI-009099,ORD-005803,PROD-00020,2,139,0,278,delivered,none,0
OI-009100,ORD-005804,PROD-00105,1,31999,1599,30400,returned,refunded,35872
OI-009101,ORD-005804,PROD-00127,1,3499,174,3325,returned,refunded,3924
OI-009102,ORD-005805,PROD-00017,1,149,0,149,delivered,none,0
OI-009103,ORD-005805,PROD-00241,1,26499,0,26499,delivered,none,0
OI-009104,ORD-005806,PROD-00187,1,7699,615,7084,delivered,none,0
OI-009105,ORD-005807,PROD-00052,1,5899,471,5428,delivered,none,0
OI-009106,ORD-005808,PROD-00029,1,149,0,149,delivered,none,0
OI-009107,ORD-005808,PROD-00263,1,9999,0,9999,delivered,none,0
OI-009108,ORD-005809,PROD-00102,1,1499,0,1499,delivered,none,0
OI-009109,ORD-005809,PROD-00099,1,999,0,999,delivered,none,0
OI-009110,ORD-005810,PROD-00114,1,999,0,999,delivered,none,0
OI-009111,ORD-005811,PROD-00183,1,31499,0,31499,cancelled,none,37169
OI-009112,ORD-005812,PROD-00174,1,7299,583,6716,delivered,none,0
OI-009113,ORD-005813,PROD-00120,1,6499,324,6175,delivered,none,0
OI-009114,ORD-005814,PROD-00080,1,4899,587,4312,returned,refunded,5088
OI-009115,ORD-005815,PROD-00163,1,469,0,469,cancelled,none,0
OI-009116,ORD-005816,PROD-00174,1,7699,615,7084,delivered,none,0
OI-009117,ORD-005816,PROD-00096,1,8899,711,8188,delivered,none,0
OI-009118,ORD-005817,PROD-00161,1,6899,0,6899,delivered,none,0
OI-009119,ORD-005818,PROD-00124,2,1399,279,2519,delivered,none,0
OI-009120,ORD-005819,PROD-00114,1,999,119,880,delivered,none,0
OI-009121,ORD-005819,PROD-00174,1,7899,947,6952,delivered,none,0
OI-009122,ORD-005820,PROD-00002,1,3199,255,2944,returned,refunded,3474
OI-009123,ORD-005820,PROD-00017,1,149,11,138,delivered,none,0
OI-009124,ORD-005820,PROD-00057,1,2499,199,2300,delivered,none,0
OI-009125,ORD-005821,PROD-00253,1,7099,0,7099,delivered,none,0
OI-009126,ORD-005821,PROD-00121,1,4999,0,4999,delivered,none,0
OI-009127,ORD-005822,PROD-00165,1,3899,0,3899,returned,refunded,4601
OI-009128,ORD-005823,PROD-00233,1,65999,3299,62700,delivered,none,0
OI-009129,ORD-005823,PROD-00008,1,4299,214,4085,delivered,none,0
OI-009130,ORD-005824,PROD-00168,2,649,0,1298,delivered,none,0
OI-009131,ORD-005825,PROD-00123,1,17499,1399,16100,delivered,none,0
OI-009132,ORD-005826,PROD-00127,1,3199,255,2944,delivered,none,0
OI-009133,ORD-005826,PROD-00028,1,4999,399,4600,delivered,none,0
OI-009134,ORD-005826,PROD-00014,3,959,230,2647,delivered,none,0
OI-009135,ORD-005827,PROD-00142,1,174999,8749,166250,delivered,none,0
OI-009136,ORD-005827,PROD-00017,3,149,22,425,delivered,none,0
OI-009137,ORD-005827,PROD-00264,1,21999,1099,20900,delivered,none,0
OI-009138,ORD-005828,PROD-00052,1,5899,589,5310,delivered,none,0
OI-009139,ORD-005828,PROD-00161,1,6899,689,6210,delivered,none,0
OI-009140,ORD-005829,PROD-00132,1,699,0,699,delivered,none,0
OI-009141,ORD-005830,PROD-00170,1,3199,0,3199,cancelled,none,3775
OI-009142,ORD-005831,PROD-00269,1,2499,0,2499,delivered,none,0
OI-009143,ORD-005832,PROD-00167,1,2699,0,2699,delivered,none,0
OI-009144,ORD-005833,PROD-00174,1,7699,0,7699,delivered,none,0
OI-009145,ORD-005834,PROD-00006,1,149,0,149,delivered,none,0
OI-009146,ORD-005835,PROD-00250,1,1999,0,1999,delivered,none,0
OI-009147,ORD-005836,PROD-00277,1,1099,87,1012,delivered,none,0
OI-009148,ORD-005836,PROD-00158,1,101999,8159,93840,delivered,none,0
OI-009149,ORD-005837,PROD-00168,2,759,0,1518,delivered,none,0
OI-009150,ORD-005837,PROD-00024,1,1299,0,1299,delivered,none,0
OI-009151,ORD-005838,PROD-00033,1,6099,0,6099,delivered,none,0
OI-009152,ORD-005838,PROD-00269,1,2299,0,2299,delivered,none,0
OI-009153,ORD-005838,PROD-00052,1,5899,0,5899,delivered,none,0
OI-009154,ORD-005839,PROD-00132,1,669,0,669,delivered,none,0
OI-009155,ORD-005840,PROD-00102,1,1499,179,1320,delivered,none,0
OI-009156,ORD-005840,PROD-00169,2,2599,623,4575,delivered,none,0
OI-009157,ORD-005841,PROD-00024,1,1199,59,1140,delivered,none,0
OI-009158,ORD-005841,PROD-00017,1,149,7,142,delivered,none,0
OI-009159,ORD-005842,PROD-00022,1,1499,149,1350,delivered,none,0
OI-009160,ORD-005843,PROD-00264,1,22999,1149,21850,delivered,none,0
OI-009161,ORD-005844,PROD-00007,1,169,16,153,delivered,none,0
OI-009162,ORD-005845,PROD-00020,1,149,17,132,cancelled,none,156
OI-009163,ORD-005845,PROD-00120,1,6999,839,6160,cancelled,none,7269
OI-009164,ORD-005845,PROD-00131,1,5899,707,5192,cancelled,none,6127
OI-009165,ORD-005845,PROD-00011,1,309,37,272,cancelled,none,321
OI-009166,ORD-005846,PROD-00130,1,11499,0,11499,delivered,none,0
OI-009167,ORD-005847,PROD-00236,1,44499,0,44499,returned,refunded,52509
OI-009168,ORD-005847,PROD-00014,2,959,0,1918,returned,refunded,2263
OI-009169,ORD-005847,PROD-00034,1,139,0,139,delivered,none,0
OI-009170,ORD-005848,PROD-00013,1,5199,0,5199,delivered,none,0
OI-009171,ORD-005848,PROD-00262,1,12499,0,12499,delivered,none,0
OI-009172,ORD-005849,PROD-00168,1,709,0,709,delivered,none,0
OI-009173,ORD-005849,PROD-00021,1,3999,0,3999,delivered,none,0
OI-009174,ORD-005849,PROD-00111,1,999,0,999,delivered,none,0
OI-009175,ORD-005850,PROD-00168,1,709,35,674,delivered,none,0
OI-009176,ORD-005850,PROD-00197,1,6199,309,5890,delivered,none,0
OI-009177,ORD-005851,PROD-00265,1,10499,0,10499,delivered,none,0
OI-009178,ORD-005851,PROD-00236,1,44499,0,44499,delivered,none,0
OI-009179,ORD-005852,PROD-00087,1,7699,0,7699,cancelled,none,9085
OI-009180,ORD-005853,PROD-00222,1,113999,0,113999,cancelled,none,134519
OI-009181,ORD-005854,PROD-00264,1,22999,1839,21160,delivered,none,0
OI-009182,ORD-005855,PROD-00168,1,709,56,653,delivered,none,0
OI-009183,ORD-005856,PROD-00174,1,7699,769,6930,delivered,none,0
OI-009184,ORD-005856,PROD-00017,1,149,14,135,delivered,none,0
OI-009185,ORD-005857,PROD-00012,1,149,0,149,delivered,none,0
OI-009186,ORD-005858,PROD-00069,2,1399,0,2798,delivered,none,0
OI-009187,ORD-005859,PROD-00268,1,44999,0,44999,delivered,none,0
OI-009188,ORD-005860,PROD-00077,1,37999,3039,34960,delivered,none,0
OI-009189,ORD-005860,PROD-00174,1,7699,615,7084,delivered,none,0
OI-009190,ORD-005860,PROD-00172,1,999,79,920,delivered,none,0
OI-009191,ORD-005861,PROD-00266,1,27499,0,27499,delivered,none,0
OI-009192,ORD-005862,PROD-00017,1,149,7,142,delivered,none,0
OI-009193,ORD-005863,PROD-00171,1,6699,669,6030,delivered,none,0
OI-009194,ORD-005864,PROD-00227,1,51999,2599,49400,delivered,none,0
OI-009195,ORD-005864,PROD-00017,1,149,7,142,delivered,none,0
OI-009196,ORD-005865,PROD-00008,1,4099,0,4099,delivered,none,0
OI-009197,ORD-005866,PROD-00034,2,149,0,298,delivered,none,0
OI-009198,ORD-005867,PROD-00025,1,739,0,739,delivered,none,0
OI-009199,ORD-005868,PROD-00161,1,6899,344,6555,cancelled,none,7735
OI-009200,ORD-005869,PROD-00017,3,149,53,394,delivered,rejected,0
OI-009201,ORD-005870,PROD-00066,1,959,115,844,delivered,none,0
OI-009202,ORD-005871,PROD-00168,2,709,0,1418,delivered,none,0
OI-009203,ORD-005872,PROD-00050,1,939,46,893,delivered,none,0
OI-009204,ORD-005873,PROD-00284,1,2799,139,2660,delivered,none,0
OI-009205,ORD-005873,PROD-00118,1,579,28,551,delivered,none,0
OI-009206,ORD-005873,PROD-00209,1,19499,974,18525,delivered,none,0
OI-009207,ORD-005874,PROD-00174,1,8299,0,8299,cancelled,none,9793
OI-009208,ORD-005875,PROD-00053,1,5799,0,5799,delivered,none,0
OI-009209,ORD-005876,PROD-00102,1,1499,74,1425,delivered,none,0
OI-009210,ORD-005877,PROD-00025,1,739,59,680,delivered,none,0
OI-009211,ORD-005878,PROD-00024,2,1399,139,2659,delivered,none,0
OI-009212,ORD-005879,PROD-00029,1,149,14,135,delivered,none,0
OI-009213,ORD-005880,PROD-00174,1,7699,0,7699,delivered,none,0
OI-009214,ORD-005881,PROD-00161,1,6899,0,6899,delivered,none,0
OI-009215,ORD-005881,PROD-00017,2,149,0,298,delivered,none,0
OI-009216,ORD-005882,PROD-00159,1,1999,0,1999,delivered,none,0
OI-009217,ORD-005883,PROD-00010,1,5499,549,4950,cancelled,none,5841
OI-009218,ORD-005884,PROD-00161,1,7099,709,6390,delivered,none,0
OI-009219,ORD-005884,PROD-00029,1,149,14,135,delivered,none,0
OI-009220,ORD-005884,PROD-00118,3,529,158,1429,delivered,none,0
OI-009221,ORD-005885,PROD-00021,1,4099,0,4099,delivered,none,0
OI-009222,ORD-005886,PROD-00069,1,1499,74,1425,delivered,none,0
OI-009223,ORD-005886,PROD-00270,1,749,37,712,delivered,none,0
OI-009224,ORD-005887,PROD-00127,1,3199,0,3199,delivered,none,0
OI-009225,ORD-005888,PROD-00029,1,149,7,142,delivered,rejected,0
OI-009226,ORD-005889,PROD-00161,1,6899,689,6210,delivered,none,0
OI-009227,ORD-005890,PROD-00033,1,6399,767,5632,delivered,none,0
OI-009228,ORD-005891,PROD-00174,1,7699,923,6776,delivered,none,0
OI-009229,ORD-005892,PROD-00008,1,3999,0,3999,delivered,none,0
OI-009230,ORD-005893,PROD-00156,1,77499,0,77499,delivered,none,0
OI-009231,ORD-005894,PROD-00286,1,25499,0,25499,delivered,none,0
OI-009232,ORD-005894,PROD-00227,1,51999,0,51999,delivered,none,0
OI-009233,ORD-005894,PROD-00127,1,3499,0,3499,delivered,none,0
OI-009234,ORD-005894,PROD-00024,1,1399,0,1399,delivered,none,0
OI-009235,ORD-005895,PROD-00026,1,4299,214,4085,delivered,none,0
OI-009236,ORD-005896,PROD-00017,1,149,0,149,delivered,none,0
OI-009237,ORD-005897,PROD-00033,1,5899,0,5899,delivered,none,0
OI-009238,ORD-005898,PROD-00133,1,499,49,450,cancelled,none,0
OI-009239,ORD-005898,PROD-00017,3,149,44,403,cancelled,none,0
OI-009240,ORD-005899,PROD-00140,1,35499,0,35499,delivered,none,0
OI-009241,ORD-005900,PROD-00029,1,149,14,135,delivered,none,0
OI-009242,ORD-005901,PROD-00041,1,2999,149,2850,delivered,none,0
OI-009243,ORD-005902,PROD-00007,1,179,0,179,delivered,none,0
OI-009244,ORD-005903,PROD-00267,1,14499,1739,12760,delivered,none,0
OI-009245,ORD-005903,PROD-00148,1,71999,8639,63360,delivered,none,0
OI-009246,ORD-005903,PROD-00056,1,3399,407,2992,delivered,none,0
OI-009247,ORD-005904,PROD-00096,1,9199,0,9199,delivered,none,0
OI-009248,ORD-005905,PROD-00290,1,46999,0,46999,delivered,none,0
OI-009249,ORD-005905,PROD-00115,1,2199,0,2199,delivered,none,0
OI-009250,ORD-005906,PROD-00154,1,39999,4799,35200,delivered,rejected,0
OI-009251,ORD-005907,PROD-00174,1,7999,0,7999,delivered,none,0
OI-009252,ORD-005908,PROD-00168,2,709,70,1348,delivered,rejected,0
OI-009253,ORD-005909,PROD-00029,1,139,13,126,delivered,none,0
OI-009254,ORD-005910,PROD-00131,1,6099,731,5368,delivered,none,0
OI-009255,ORD-005911,PROD-00025,1,759,0,759,delivered,none,0
OI-009256,ORD-005912,PROD-00020,1,149,11,138,delivered,none,0
OI-009257,ORD-005913,PROD-00168,2,709,0,1418,delivered,none,0
OI-009258,ORD-005914,PROD-00003,1,1499,0,1499,delivered,none,0
OI-009259,ORD-005915,PROD-00125,2,499,79,919,delivered,none,0
OI-009260,ORD-005916,PROD-00026,1,4599,0,4599,cancelled,none,0
OI-009261,ORD-005917,PROD-00132,1,669,0,669,delivered,none,0
OI-009262,ORD-005918,PROD-00029,1,149,7,142,returned,refunded,168
OI-009263,ORD-005918,PROD-00017,1,149,7,142,delivered,rejected,0
OI-009264,ORD-005918,PROD-00085,1,64999,3249,61750,returned,refunded,72865
OI-009265,ORD-005919,PROD-00251,1,8099,971,7128,delivered,none,0
OI-009266,ORD-005919,PROD-00053,1,5799,695,5104,delivered,none,0
OI-009267,ORD-005919,PROD-00264,1,22999,2759,20240,delivered,none,0
OI-009268,ORD-005920,PROD-00174,1,7699,0,7699,delivered,none,0
OI-009269,ORD-005920,PROD-00251,2,9199,0,18398,delivered,none,0
OI-009270,ORD-005921,PROD-00014,2,999,99,1899,delivered,none,0
OI-009271,ORD-005921,PROD-00264,1,22999,1149,21850,delivered,none,0
OI-009272,ORD-005922,PROD-00161,1,6899,0,6899,delivered,none,0
OI-009273,ORD-005923,PROD-00132,1,649,0,649,cancelled,none,766
OI-009274,ORD-005924,PROD-00127,1,3199,0,3199,delivered,none,0
OI-009275,ORD-005924,PROD-00055,1,15999,0,15999,delivered,none,0
OI-009276,ORD-005924,PROD-00174,1,7699,0,7699,delivered,none,0
OI-009277,ORD-005925,PROD-00270,1,639,0,639,delivered,none,0
OI-009278,ORD-005925,PROD-00111,1,999,0,999,delivered,none,0
OI-009279,ORD-005926,PROD-00017,1,159,0,159,delivered,none,0
OI-009280,ORD-005927,PROD-00297,1,78499,0,78499,delivered,none,0
OI-009281,ORD-005928,PROD-00127,1,3199,0,3199,returned,refunded,3775
OI-009282,ORD-005929,PROD-00127,2,3199,0,6398,delivered,none,0
OI-009283,ORD-005929,PROD-00017,1,149,0,149,delivered,none,0
OI-009284,ORD-005929,PROD-00020,2,149,0,298,delivered,none,0
OI-009285,ORD-005930,PROD-00133,1,499,49,450,cancelled,none,531
OI-009286,ORD-005930,PROD-00032,1,149,14,135,cancelled,none,159
OI-009287,ORD-005931,PROD-00017,1,159,0,159,delivered,none,0
OI-009288,ORD-005932,PROD-00256,1,16499,1319,15180,delivered,none,0
OI-009289,ORD-005933,PROD-00029,1,149,14,135,delivered,none,0
OI-009290,ORD-005934,PROD-00097,1,1399,0,1399,delivered,none,0
OI-009291,ORD-005935,PROD-00275,1,36499,0,36499,delivered,none,0
OI-009292,ORD-005936,PROD-00017,1,149,0,149,delivered,none,0
OI-009293,ORD-005937,PROD-00034,1,159,7,152,delivered,none,0
OI-009294,ORD-005938,PROD-00068,1,13999,1679,12320,cancelled,none,0
OI-009295,ORD-005938,PROD-00112,1,5699,683,5016,cancelled,none,0
OI-009296,ORD-005939,PROD-00203,1,24999,1249,23750,delivered,none,0
OI-009297,ORD-005940,PROD-00260,1,4699,469,4230,cancelled,none,4991
OI-009298,ORD-005940,PROD-00239,1,65999,6599,59400,cancelled,none,70092
OI-009299,ORD-005940,PROD-00111,1,999,99,900,cancelled,none,1062
OI-009300,ORD-005941,PROD-00296,1,11499,0,11499,delivered,none,0
OI-009301,ORD-005941,PROD-00032,1,149,0,149,delivered,none,0
OI-009302,ORD-005941,PROD-00017,1,149,0,149,delivered,none,0
OI-009303,ORD-005942,PROD-00024,1,1299,0,1299,delivered,none,0
OI-009304,ORD-005942,PROD-00168,1,709,0,709,delivered,none,0
OI-009305,ORD-005943,PROD-00226,1,7499,0,7499,delivered,none,0
OI-009306,ORD-005944,PROD-00142,1,174999,13999,161000,delivered,none,0
OI-009307,ORD-005945,PROD-00056,1,3599,359,3240,delivered,none,0
OI-009308,ORD-005946,PROD-00221,1,7599,0,7599,delivered,none,0
OI-009309,ORD-005946,PROD-00057,1,2499,0,2499,delivered,none,0
OI-009310,ORD-005947,PROD-00174,1,7699,384,7315,delivered,none,0
OI-009311,ORD-005947,PROD-00264,1,22999,1149,21850,delivered,none,0
OI-009312,ORD-005948,PROD-00072,1,7299,875,6424,delivered,none,0
OI-009313,ORD-005948,PROD-00263,1,9999,1199,8800,delivered,none,0
OI-009314,ORD-005949,PROD-00007,1,169,8,161,delivered,none,0
OI-009315,ORD-005950,PROD-00174,1,7299,583,6716,delivered,none,0
OI-009316,ORD-005950,PROD-00017,1,149,11,138,delivered,none,0
OI-009317,ORD-005950,PROD-00109,1,3599,287,3312,delivered,none,0
OI-009318,ORD-005950,PROD-00044,1,3099,247,2852,delivered,none,0
OI-009319,ORD-005951,PROD-00014,1,959,115,844,returned,refunded,996
OI-009320,ORD-005952,PROD-00109,1,3299,0,3299,delivered,none,0
OI-009321,ORD-005953,PROD-00266,1,25499,1274,24225,delivered,none,0
OI-009322,ORD-005953,PROD-00124,1,1499,74,1425,delivered,none,0
OI-009323,ORD-005954,PROD-00275,1,36499,4379,32120,delivered,none,0
OI-009324,ORD-005955,PROD-00072,1,6499,0,6499,cancelled,none,0
OI-009325,ORD-005955,PROD-00093,1,52499,0,52499,cancelled,none,0
OI-009326,ORD-005956,PROD-00174,1,7699,0,7699,delivered,none,0
OI-009327,ORD-005957,PROD-00101,1,3299,263,3036,delivered,none,0
OI-009328,ORD-005958,PROD-00144,1,31499,0,31499,delivered,none,0
OI-009329,ORD-005958,PROD-00026,1,4299,0,4299,delivered,none,0
OI-009330,ORD-005958,PROD-00032,2,149,0,298,delivered,none,0
OI-009331,ORD-005959,PROD-00025,1,739,0,739,delivered,none,0
OI-009332,ORD-005960,PROD-00018,2,299,0,598,delivered,none,0
OI-009333,ORD-005960,PROD-00300,1,10999,0,10999,delivered,none,0
OI-009334,ORD-005960,PROD-00029,1,149,0,149,delivered,none,0
OI-009335,ORD-005960,PROD-00114,1,999,0,999,delivered,none,0
OI-009336,ORD-005961,PROD-00042,1,39999,0,39999,delivered,none,0
OI-009337,ORD-005962,PROD-00198,1,719,57,662,delivered,none,0
OI-009338,ORD-005963,PROD-00168,1,649,0,649,delivered,none,0
OI-009339,ORD-005964,PROD-00174,1,7699,0,7699,delivered,none,0
OI-009340,ORD-005965,PROD-00251,1,9199,0,9199,returned,refunded,10855
OI-009341,ORD-005966,PROD-00168,1,709,70,639,cancelled,none,754
OI-009342,ORD-005966,PROD-00097,1,1399,139,1260,cancelled,none,1487
OI-009343,ORD-005967,PROD-00017,1,149,0,149,delivered,none,0
OI-009344,ORD-005968,PROD-00112,1,5299,529,4770,delivered,none,0
OI-009345,ORD-005969,PROD-00223,1,76499,3824,72675,returned,refunded,85757
OI-009346,ORD-005969,PROD-00069,1,1499,74,1425,delivered,rejected,0
OI-009347,ORD-005970,PROD-00174,1,7999,399,7600,delivered,none,0
OI-009348,ORD-005971,PROD-00154,1,39999,0,39999,delivered,none,0
OI-009349,ORD-005972,PROD-00259,1,8999,449,8550,delivered,none,0
OI-009350,ORD-005972,PROD-00198,1,659,32,627,delivered,none,0
OI-009351,ORD-005973,PROD-00070,1,539,0,539,delivered,none,0
OI-009352,ORD-005973,PROD-00167,1,2699,0,2699,delivered,none,0
OI-009353,ORD-005973,PROD-00120,2,6499,0,12998,delivered,none,0
OI-009354,ORD-005974,PROD-00163,1,469,0,469,delivered,none,0
OI-009355,ORD-005974,PROD-00018,1,289,0,289,delivered,none,0
OI-009356,ORD-005975,PROD-00016,2,2099,0,4198,delivered,none,0
OI-009357,ORD-005975,PROD-00268,1,44999,0,44999,delivered,none,0
OI-009358,ORD-005975,PROD-00101,1,3399,0,3399,delivered,none,0
OI-009359,ORD-005976,PROD-00127,1,3199,0,3199,delivered,none,0
OI-009360,ORD-005977,PROD-00055,1,14499,0,14499,delivered,none,0
OI-009361,ORD-005977,PROD-00071,1,3399,0,3399,delivered,none,0
OI-009362,ORD-005978,PROD-00174,2,7699,1231,14167,delivered,none,0
OI-009363,ORD-005979,PROD-00002,1,3199,0,3199,delivered,none,0
OI-009364,ORD-005980,PROD-00111,1,999,0,999,delivered,none,0
OI-009365,ORD-005981,PROD-00029,1,149,14,135,delivered,none,0
OI-009366,ORD-005981,PROD-00174,1,7099,709,6390,delivered,none,0
OI-009367,ORD-005981,PROD-00269,1,2499,249,2250,delivered,none,0
OI-009368,ORD-005982,PROD-00017,1,149,7,142,delivered,none,0
OI-009369,ORD-005982,PROD-00119,1,9899,494,9405,delivered,none,0
OI-009370,ORD-005983,PROD-00030,1,999,0,999,delivered,none,0
OI-009371,ORD-005984,PROD-00032,1,149,7,142,delivered,none,0
OI-009372,ORD-005984,PROD-00114,1,999,49,950,delivered,none,0
OI-009373,ORD-005985,PROD-00174,1,7699,0,7699,delivered,none,0
OI-009374,ORD-005985,PROD-00059,1,539,0,539,delivered,none,0
OI-009375,ORD-005985,PROD-00262,1,11999,0,11999,delivered,none,0
OI-009376,ORD-005986,PROD-00029,1,149,14,135,delivered,none,0
OI-009377,ORD-005986,PROD-00262,1,12499,1249,11250,delivered,none,0
OI-009378,ORD-005986,PROD-00168,1,709,70,639,delivered,none,0
OI-009379,ORD-005986,PROD-00127,1,2899,289,2610,delivered,none,0
OI-009380,ORD-005987,PROD-00001,1,5199,259,4940,delivered,none,0
OI-009381,ORD-005987,PROD-00017,1,149,7,142,delivered,none,0
OI-009382,ORD-005988,PROD-00161,1,6899,0,6899,delivered,none,0
OI-009383,ORD-005988,PROD-00031,1,239,0,239,delivered,none,0
OI-009384,ORD-005988,PROD-00072,1,6299,0,6299,delivered,none,0
OI-009385,ORD-005989,PROD-00072,1,6799,543,6256,delivered,none,0
OI-009386,ORD-005989,PROD-00038,1,161999,12959,149040,delivered,none,0
OI-009387,ORD-005990,PROD-00072,1,6799,0,6799,delivered,none,0
OI-009388,ORD-005991,PROD-00017,1,149,0,149,delivered,none,0
OI-009389,ORD-005992,PROD-00017,1,149,0,149,delivered,none,0
OI-009390,ORD-005993,PROD-00102,1,1499,119,1380,delivered,none,0
OI-009391,ORD-005994,PROD-00051,1,6099,0,6099,delivered,none,0
OI-009392,ORD-005994,PROD-00170,1,3199,0,3199,delivered,none,0
OI-009393,ORD-005994,PROD-00017,1,149,0,149,delivered,none,0
OI-009394,ORD-005995,PROD-00081,1,19499,0,19499,delivered,none,0
OI-009395,ORD-005996,PROD-00265,1,10999,879,10120,delivered,none,0
OI-009396,ORD-005997,PROD-00029,1,149,17,132,delivered,rejected,0
OI-009397,ORD-005998,PROD-00168,1,709,0,709,delivered,none,0
OI-009398,ORD-005999,PROD-00025,1,739,0,739,delivered,none,0
OI-009399,ORD-005999,PROD-00009,3,2599,0,7797,delivered,none,0
OI-009400,ORD-006000,PROD-00059,1,469,0,469,delivered,none,0
OI-009401,ORD-006001,PROD-00174,1,7699,384,7315,delivered,none,0
OI-009402,ORD-006002,PROD-00269,1,2599,311,2288,delivered,none,0
OI-009403,ORD-006002,PROD-00021,2,3999,959,7039,delivered,none,0
OI-009404,ORD-006002,PROD-00168,1,709,85,624,delivered,none,0
OI-009405,ORD-006003,PROD-00019,1,3099,0,3099,delivered,none,0
OI-009406,ORD-006003,PROD-00021,1,4099,0,4099,delivered,none,0
OI-009407,ORD-006004,PROD-00275,1,36499,0,36499,cancelled,none,43069
OI-009408,ORD-006004,PROD-00029,1,149,0,149,cancelled,none,176
OI-009409,ORD-006005,PROD-00245,1,20499,0,20499,delivered,none,0
OI-009410,ORD-006006,PROD-00166,1,6199,0,6199,delivered,none,0
OI-009411,ORD-006007,PROD-00203,1,24999,2499,22500,delivered,none,0
OI-009412,ORD-006008,PROD-00013,1,4999,249,4750,delivered,none,0
OI-009413,ORD-006008,PROD-00026,1,4299,214,4085,delivered,none,0
OI-009414,ORD-006008,PROD-00168,1,709,35,674,delivered,none,0
OI-009415,ORD-006009,PROD-00159,1,2099,0,2099,returned,refunded,2477
OI-009416,ORD-006010,PROD-00025,1,739,0,739,delivered,none,0
OI-009417,ORD-006011,PROD-00174,1,7999,0,7999,delivered,none,0
OI-009418,ORD-006011,PROD-00197,1,7199,0,7199,delivered,none,0
OI-009419,ORD-006012,PROD-00174,1,7699,384,7315,delivered,none,0
OI-009420,ORD-006013,PROD-00161,1,6899,551,6348,delivered,none,0
OI-009421,ORD-006014,PROD-00006,1,149,17,132,delivered,none,0
OI-009422,ORD-006015,PROD-00161,1,6899,551,6348,delivered,none,0
OI-009423,ORD-006016,PROD-00033,1,6399,0,6399,delivered,none,0
OI-009424,ORD-006016,PROD-00168,1,729,0,729,delivered,none,0
OI-009425,ORD-006017,PROD-00032,1,139,0,139,cancelled,none,0
OI-009426,ORD-006018,PROD-00264,1,22999,1839,21160,delivered,none,0
OI-009427,ORD-006018,PROD-00017,1,149,11,138,delivered,none,0
OI-009428,ORD-006019,PROD-00032,1,149,0,149,returned,refunded,176
OI-009429,ORD-006019,PROD-00174,1,7299,0,7299,returned,refunded,8613
OI-009430,ORD-006019,PROD-00161,1,6299,0,6299,delivered,rejected,0
OI-009431,ORD-006020,PROD-00057,2,2499,249,4749,delivered,none,0
OI-009432,ORD-006020,PROD-00248,1,5199,259,4940,delivered,none,0
OI-009433,ORD-006021,PROD-00104,1,12499,624,11875,delivered,none,0
OI-009434,ORD-006021,PROD-00033,1,6399,319,6080,delivered,none,0
OI-009435,ORD-006021,PROD-00265,1,10499,524,9975,delivered,none,0
OI-009436,ORD-006022,PROD-00013,1,4699,0,4699,delivered,none,0
OI-009437,ORD-006023,PROD-00116,1,32999,0,32999,delivered,rejected,0
OI-009438,ORD-006024,PROD-00267,2,15499,0,30998,cancelled,none,36578
OI-009439,ORD-006025,PROD-00020,1,149,17,132,delivered,none,0
OI-009440,ORD-006026,PROD-00079,1,52499,0,52499,delivered,none,0
OI-009441,ORD-006027,PROD-00029,2,139,0,278,delivered,none,0
OI-009442,ORD-006028,PROD-00017,1,139,0,139,delivered,none,0
OI-009443,ORD-006029,PROD-00025,1,759,0,759,delivered,none,0
OI-009444,ORD-006030,PROD-00067,1,5399,539,4860,returned,refunded,5735
OI-009445,ORD-006031,PROD-00238,1,29499,0,29499,delivered,none,0
OI-009446,ORD-006031,PROD-00017,1,159,0,159,delivered,none,0
OI-009447,ORD-006031,PROD-00269,1,2699,0,2699,delivered,none,0
OI-009448,ORD-006032,PROD-00017,1,149,0,149,delivered,none,0
OI-009449,ORD-006033,PROD-00055,1,15499,1239,14260,delivered,none,0
OI-009450,ORD-006033,PROD-00174,1,7099,567,6532,delivered,none,0
OI-009451,ORD-006034,PROD-00296,1,11499,0,11499,delivered,none,0
OI-009452,ORD-006035,PROD-00111,1,999,0,999,delivered,none,0
OI-009453,ORD-006035,PROD-00147,1,29999,0,29999,delivered,none,0
OI-009454,ORD-006035,PROD-00024,1,1199,0,1199,delivered,none,0
OI-009455,ORD-006036,PROD-00269,1,2499,0,2499,delivered,none,0
OI-009456,ORD-006037,PROD-00127,1,3199,159,3040,delivered,none,0
OI-009457,ORD-006037,PROD-00116,1,30499,1524,28975,delivered,none,0
OI-009458,ORD-006038,PROD-00060,2,9999,2399,17599,delivered,none,0
OI-009459,ORD-006039,PROD-00034,2,149,0,298,delivered,none,0
OI-009460,ORD-006040,PROD-00257,1,7099,0,7099,cancelled,none,0
OI-009461,ORD-006041,PROD-00127,1,2899,0,2899,delivered,none,0
OI-009462,ORD-006042,PROD-00174,1,7099,0,7099,delivered,none,0
OI-009463,ORD-006042,PROD-00099,1,1099,0,1099,delivered,none,0
OI-009464,ORD-006043,PROD-00077,1,35999,1799,34200,delivered,none,0
OI-009465,ORD-006043,PROD-00025,1,769,38,731,delivered,none,0
OI-009466,ORD-006044,PROD-00103,1,13999,1399,12600,delivered,none,0
OI-009467,ORD-006045,PROD-00257,1,7099,851,6248,cancelled,none,0
OI-009468,ORD-006046,PROD-00174,1,7699,0,7699,delivered,none,0
OI-009469,ORD-006047,PROD-00152,1,203999,24479,179520,delivered,none,0
OI-009470,ORD-006047,PROD-00131,1,5899,707,5192,delivered,none,0
OI-009471,ORD-006047,PROD-00127,1,3199,383,2816,delivered,none,0
OI-009472,ORD-006048,PROD-00272,1,21499,2579,18920,delivered,none,0
OI-009473,ORD-006048,PROD-00161,1,7099,851,6248,delivered,none,0
OI-009474,ORD-006048,PROD-00002,1,3199,383,2816,delivered,none,0
OI-009475,ORD-006049,PROD-00127,1,3199,383,2816,delivered,none,0
OI-009476,ORD-006049,PROD-00069,1,1499,179,1320,delivered,none,0
OI-009477,ORD-006050,PROD-00174,1,7699,384,7315,delivered,none,0
OI-009478,ORD-006051,PROD-00161,1,6899,551,6348,returned,refunded,7491
OI-009479,ORD-006052,PROD-00124,1,1499,0,1499,delivered,none,0
OI-009480,ORD-006053,PROD-00159,1,1999,99,1900,delivered,none,0
OI-009481,ORD-006054,PROD-00029,1,139,0,139,delivered,none,0
OI-009482,ORD-006055,PROD-00165,1,3899,0,3899,delivered,none,0
OI-009483,ORD-006055,PROD-00002,1,3199,0,3199,delivered,none,0
OI-009484,ORD-006056,PROD-00101,2,3299,659,5939,delivered,none,0
OI-009485,ORD-006057,PROD-00174,1,8299,0,8299,delivered,none,0
OI-009486,ORD-006058,PROD-00033,1,6399,0,6399,delivered,none,0
OI-009487,ORD-006058,PROD-00213,1,9199,0,9199,delivered,none,0
OI-009488,ORD-006059,PROD-00065,1,3599,431,3168,cancelled,none,0
OI-009489,ORD-006060,PROD-00087,1,7099,354,6745,returned,refunded,7959
OI-009490,ORD-006060,PROD-00174,1,7299,364,6935,returned,refunded,8183
OI-009491,ORD-006061,PROD-00174,1,7099,0,7099,delivered,none,0
OI-009492,ORD-006061,PROD-00005,1,5999,0,5999,returned,refunded,7079
OI-009493,ORD-006061,PROD-00020,1,159,0,159,returned,refunded,188
OI-009494,ORD-006062,PROD-00269,1,2499,199,2300,delivered,none,0
OI-009495,ORD-006063,PROD-00142,1,165999,16599,149400,delivered,none,0
OI-009496,ORD-006063,PROD-00169,1,2799,279,2520,delivered,none,0
OI-009497,ORD-006063,PROD-00069,2,1499,299,2699,delivered,none,0
OI-009498,ORD-006063,PROD-00286,1,25499,2549,22950,delivered,none,0
OI-009499,ORD-006064,PROD-00111,1,999,99,900,delivered,none,0
OI-009500,ORD-006065,PROD-00017,1,159,12,147,delivered,none,0
OI-009501,ORD-006065,PROD-00114,1,999,79,920,delivered,none,0
OI-009502,ORD-006065,PROD-00028,1,4799,383,4416,delivered,none,0
OI-009503,ORD-006066,PROD-00152,1,197999,19799,178200,delivered,none,0
OI-009504,ORD-006066,PROD-00029,1,149,14,135,delivered,none,0
OI-009505,ORD-006067,PROD-00017,1,149,0,149,delivered,none,0
OI-009506,ORD-006068,PROD-00029,1,149,11,138,cancelled,none,163
OI-009507,ORD-006069,PROD-00052,1,5899,589,5310,delivered,none,0
OI-009508,ORD-006070,PROD-00029,1,149,17,132,returned,refunded,156
OI-009509,ORD-006071,PROD-00223,1,76499,9179,67320,delivered,none,0
OI-009510,ORD-006072,PROD-00008,1,3999,199,3800,delivered,none,0
OI-009511,ORD-006072,PROD-00168,1,709,35,674,delivered,none,0
OI-009512,ORD-006073,PROD-00269,1,2499,0,2499,delivered,none,0
OI-009513,ORD-006074,PROD-00251,1,8499,0,8499,delivered,none,0
OI-009514,ORD-006075,PROD-00127,1,3199,0,3199,delivered,rejected,0
OI-009515,ORD-006076,PROD-00251,1,8499,0,8499,delivered,none,0
OI-009516,ORD-006077,PROD-00061,1,4399,0,4399,delivered,none,0
OI-009517,ORD-006078,PROD-00111,1,999,49,950,delivered,none,0
OI-009518,ORD-006079,PROD-00021,1,4099,204,3895,delivered,none,0
OI-009519,ORD-006080,PROD-00174,1,7999,0,7999,delivered,none,0
OI-009520,ORD-006081,PROD-00174,1,7699,384,7315,delivered,none,0
OI-009521,ORD-006082,PROD-00069,1,1399,69,1330,delivered,none,0
OI-009522,ORD-006083,PROD-00127,1,3199,0,3199,cancelled,none,3775
OI-009523,ORD-006084,PROD-00284,1,2799,279,2520,delivered,none,0
OI-009524,ORD-006084,PROD-00050,1,969,96,873,delivered,none,0
OI-009525,ORD-006085,PROD-00224,1,119499,0,119499,delivered,none,0
OI-009526,ORD-006086,PROD-00008,1,4299,0,4299,delivered,none,0
OI-009527,ORD-006087,PROD-00171,1,6899,0,6899,cancelled,none,8141
OI-009528,ORD-006088,PROD-00080,1,4899,244,4655,shipped,none,0
OI-009529,ORD-006088,PROD-00114,1,999,49,950,shipped,none,0
OI-009530,ORD-006089,PROD-00269,1,2499,199,2300,delivered,none,0
OI-009531,ORD-006090,PROD-00174,1,7699,0,7699,delivered,none,0
OI-009532,ORD-006090,PROD-00072,1,6799,0,6799,delivered,none,0
OI-009533,ORD-006090,PROD-00231,1,77499,0,77499,delivered,none,0
OI-009534,ORD-006091,PROD-00060,1,9999,1199,8800,delivered,none,0
OI-009535,ORD-006091,PROD-00269,1,2399,287,2112,delivered,none,0
OI-009536,ORD-006091,PROD-00224,1,129999,15599,114400,delivered,none,0
OI-009537,ORD-006092,PROD-00019,1,2899,289,2610,delivered,none,0
OI-009538,ORD-006093,PROD-00024,2,1399,0,2798,delivered,none,0
OI-009539,ORD-006093,PROD-00275,1,37499,0,37499,delivered,none,0
OI-009540,ORD-006094,PROD-00174,1,8299,0,8299,cancelled,none,0
OI-009541,ORD-006095,PROD-00023,1,199,0,199,delivered,none,0
OI-009542,ORD-006096,PROD-00116,1,30499,0,30499,delivered,none,0
OI-009543,ORD-006097,PROD-00161,1,6899,0,6899,delivered,none,0
OI-009544,ORD-006097,PROD-00024,1,1299,0,1299,delivered,none,0
OI-009545,ORD-006097,PROD-00077,1,39499,0,39499,delivered,none,0
OI-009546,ORD-006097,PROD-00001,1,5199,0,5199,delivered,none,0
OI-009547,ORD-006098,PROD-00102,1,1599,0,1599,delivered,none,0
OI-009548,ORD-006099,PROD-00012,1,149,0,149,delivered,none,0
OI-009549,ORD-006100,PROD-00112,1,5299,0,5299,delivered,none,0
OI-009550,ORD-006101,PROD-00264,1,24999,0,24999,delivered,none,0
OI-009551,ORD-006102,PROD-00020,1,149,0,149,delivered,none,0
OI-009552,ORD-006103,PROD-00077,1,38999,1949,37050,delivered,none,0
OI-009553,ORD-006104,PROD-00174,1,7699,769,6930,delivered,none,0
OI-009554,ORD-006105,PROD-00123,1,15999,1919,14080,delivered,none,0
OI-009555,ORD-006105,PROD-00120,1,6499,779,5720,delivered,none,0
OI-009556,ORD-006106,PROD-00029,1,139,6,133,delivered,none,0
OI-009557,ORD-006107,PROD-00032,1,149,0,149,returned,refunded,176
OI-009558,ORD-006108,PROD-00161,1,7399,0,7399,delivered,none,0
OI-009559,ORD-006108,PROD-00127,1,3199,0,3199,delivered,none,0
OI-009560,ORD-006109,PROD-00029,1,149,0,149,delivered,none,0
OI-009561,ORD-006110,PROD-00116,1,30499,0,30499,delivered,none,0
OI-009562,ORD-006110,PROD-00017,1,149,0,149,delivered,none,0
OI-009563,ORD-006111,PROD-00151,1,28999,3479,25520,delivered,none,0
OI-009564,ORD-006112,PROD-00096,1,9599,0,9599,delivered,none,0
OI-009565,ORD-006112,PROD-00138,1,143999,0,143999,delivered,none,0
OI-009566,ORD-006112,PROD-00174,1,7999,0,7999,delivered,none,0
OI-009567,ORD-006112,PROD-00132,1,649,0,649,delivered,none,0
OI-009568,ORD-006113,PROD-00080,1,4499,539,3960,delivered,none,0
OI-009569,ORD-006113,PROD-00020,1,149,17,132,delivered,none,0
OI-009570,ORD-006113,PROD-00017,1,149,17,132,delivered,none,0
OI-009571,ORD-006113,PROD-00251,1,8799,1055,7744,delivered,none,0
OI-009572,ORD-006114,PROD-00127,1,3199,255,2944,delivered,none,0
OI-009573,ORD-006114,PROD-00130,1,12499,999,11500,delivered,none,0
OI-009574,ORD-006115,PROD-00286,1,25499,1274,24225,delivered,none,0
OI-009575,ORD-006115,PROD-00174,1,7699,384,7315,delivered,none,0
OI-009576,ORD-006115,PROD-00020,1,149,7,142,delivered,none,0
OI-009577,ORD-006116,PROD-00120,1,6499,649,5850,delivered,none,0
OI-009578,ORD-006117,PROD-00172,1,1099,0,1099,delivered,none,0
OI-009579,ORD-006118,PROD-00269,1,2499,249,2250,delivered,none,0
OI-009580,ORD-006119,PROD-00210,1,13499,0,13499,delivered,none,0
OI-009581,ORD-006120,PROD-00268,1,44999,2249,42750,delivered,none,0
OI-009582,ORD-006121,PROD-00055,1,15499,0,15499,delivered,none,0
OI-009583,ORD-006122,PROD-00269,1,2599,0,2599,delivered,none,0
OI-009584,ORD-006122,PROD-00127,1,3199,0,3199,delivered,none,0
OI-009585,ORD-006122,PROD-00055,1,15499,0,15499,delivered,none,0
OI-009586,ORD-006123,PROD-00059,1,499,59,440,delivered,none,0
OI-009587,ORD-006124,PROD-00223,1,79499,0,79499,delivered,none,0
OI-009588,ORD-006124,PROD-00055,1,15999,0,15999,delivered,none,0
OI-009589,ORD-006125,PROD-00029,1,139,6,133,delivered,none,0
OI-009590,ORD-006126,PROD-00262,1,11499,0,11499,delivered,none,0
OI-009591,ORD-006127,PROD-00066,1,959,47,912,delivered,none,0
OI-009592,ORD-006128,PROD-00030,1,999,0,999,delivered,none,0
OI-009593,ORD-006128,PROD-00249,1,8599,0,8599,delivered,none,0
OI-009594,ORD-006128,PROD-00068,1,13999,0,13999,delivered,none,0
OI-009595,ORD-006128,PROD-00003,1,1399,0,1399,delivered,none,0
OI-009596,ORD-006128,PROD-00114,1,1099,0,1099,delivered,none,0
OI-009597,ORD-006129,PROD-00020,1,139,13,126,delivered,none,0
OI-009598,ORD-006130,PROD-00028,1,4899,0,4899,delivered,none,0
OI-009599,ORD-006131,PROD-00211,1,5299,0,5299,delivered,none,0
OI-009600,ORD-006132,PROD-00098,1,21499,0,21499,delivered,none,0
OI-009601,ORD-006133,PROD-00174,1,7699,0,7699,delivered,none,0
OI-009602,ORD-006133,PROD-00066,1,999,0,999,delivered,none,0
OI-009603,ORD-006134,PROD-00174,1,7999,0,7999,delivered,none,0
OI-009604,ORD-006135,PROD-00163,1,469,23,446,cancelled,none,526
OI-009605,ORD-006136,PROD-00265,1,9699,0,9699,delivered,none,0
OI-009606,ORD-006137,PROD-00025,1,739,0,739,delivered,none,0
OI-009607,ORD-006137,PROD-00245,1,19499,0,19499,delivered,none,0
OI-009608,ORD-006138,PROD-00029,1,139,0,139,delivered,none,0
OI-009609,ORD-006138,PROD-00171,1,6899,0,6899,delivered,none,0
OI-009610,ORD-006138,PROD-00069,1,1399,0,1399,delivered,none,0
OI-009611,ORD-006138,PROD-00241,1,26499,0,26499,delivered,none,0
OI-009612,ORD-006139,PROD-00013,1,4999,249,4750,delivered,none,0
OI-009613,ORD-006140,PROD-00017,1,159,7,152,delivered,none,0
OI-009614,ORD-006140,PROD-00025,1,739,36,703,delivered,none,0
OI-009615,ORD-006141,PROD-00030,1,1099,109,990,delivered,none,0
OI-009616,ORD-006142,PROD-00017,1,149,14,135,delivered,none,0
OI-009617,ORD-006142,PROD-00002,1,3199,319,2880,delivered,none,0
OI-009618,ORD-006143,PROD-00271,1,11499,1149,10350,delivered,none,0
OI-009619,ORD-006144,PROD-00110,1,28999,2319,26680,delivered,none,0
OI-009620,ORD-006145,PROD-00257,1,7099,0,7099,delivered,none,0
OI-009621,ORD-006146,PROD-00017,2,149,0,298,delivered,none,0
OI-009622,ORD-006147,PROD-00161,1,6299,0,6299,delivered,none,0
OI-009623,ORD-006148,PROD-00081,1,19499,0,19499,delivered,none,0
OI-009624,ORD-006149,PROD-00013,1,4999,249,4750,delivered,none,0
OI-009625,ORD-006150,PROD-00006,1,149,0,149,delivered,none,0
OI-009626,ORD-006150,PROD-00169,1,2999,0,2999,delivered,none,0
OI-009627,ORD-006151,PROD-00112,1,5299,0,5299,delivered,none,0
OI-009628,ORD-006152,PROD-00002,1,3299,395,2904,delivered,none,0
OI-009629,ORD-006153,PROD-00080,1,4499,449,4050,delivered,none,0
OI-009630,ORD-006154,PROD-00011,1,329,0,329,returned,refunded,388
OI-009631,ORD-006155,PROD-00104,1,12499,0,12499,delivered,none,0
OI-009632,ORD-006156,PROD-00174,1,7999,0,7999,returned,refunded,9439
OI-009633,ORD-006157,PROD-00057,1,2299,0,2299,delivered,none,0
OI-009634,ORD-006157,PROD-00022,1,1499,0,1499,delivered,none,0
OI-009635,ORD-006158,PROD-00001,1,5199,0,5199,delivered,none,0
OI-009636,ORD-006159,PROD-00126,1,14499,0,14499,delivered,none,0
OI-009637,ORD-006159,PROD-00268,1,44999,0,44999,delivered,none,0
OI-009638,ORD-006160,PROD-00099,1,999,0,999,delivered,none,0
OI-009639,ORD-006161,PROD-00168,1,709,0,709,delivered,none,0
OI-009640,ORD-006162,PROD-00029,2,159,0,318,delivered,none,0
OI-009641,ORD-006163,PROD-00127,1,3499,279,3220,returned,refunded,3800
OI-009642,ORD-006164,PROD-00118,1,529,26,503,delivered,none,0
OI-009643,ORD-006164,PROD-00161,2,6899,689,13109,delivered,none,0
OI-009644,ORD-006164,PROD-00002,1,2899,144,2755,delivered,none,0
OI-009645,ORD-006165,PROD-00017,1,149,0,149,delivered,none,0
OI-009646,ORD-006166,PROD-00195,1,1099,87,1012,delivered,none,0
OI-009647,ORD-006167,PROD-00264,1,21999,0,21999,delivered,none,0
OI-009648,ORD-006168,PROD-00120,1,6699,334,6365,returned,refunded,7511
OI-009649,ORD-006169,PROD-00070,3,469,0,1407,delivered,none,0
OI-009650,ORD-006170,PROD-00017,1,149,7,142,delivered,none,0
OI-009651,ORD-006171,PROD-00251,1,8799,0,8799,delivered,none,0
OI-009652,ORD-006172,PROD-00029,1,159,0,159,delivered,none,0
OI-009653,ORD-006173,PROD-00024,1,1299,155,1144,delivered,none,0
OI-009654,ORD-006174,PROD-00170,1,3199,0,3199,delivered,none,0
OI-009655,ORD-006175,PROD-00033,1,6399,0,6399,delivered,none,0
OI-009656,ORD-006175,PROD-00023,1,209,0,209,delivered,none,0
OI-009657,ORD-006176,PROD-00036,1,24999,1249,23750,delivered,none,0
OI-009658,ORD-006176,PROD-00004,1,2299,114,2185,delivered,none,0
OI-009659,ORD-006176,PROD-00017,2,149,14,284,delivered,none,0
OI-009660,ORD-006177,PROD-00172,1,1099,87,1012,returned,refunded,1194
OI-009661,ORD-006178,PROD-00225,1,18999,0,18999,delivered,none,0
OI-009662,ORD-006179,PROD-00132,2,649,0,1298,delivered,none,0
OI-009663,ORD-006180,PROD-00054,1,7599,607,6992,delivered,none,0
OI-009664,ORD-006181,PROD-00030,1,1099,109,990,delivered,none,0
OI-009665,ORD-006182,PROD-00017,1,149,17,132,cancelled,none,156
OI-009666,ORD-006183,PROD-00233,1,62499,3124,59375,delivered,none,0
OI-009667,ORD-006184,PROD-00029,1,149,14,135,delivered,none,0
OI-009668,ORD-006185,PROD-00017,3,149,0,447,delivered,none,0
OI-009669,ORD-006186,PROD-00244,1,9099,454,8645,delivered,none,0
OI-009670,ORD-006186,PROD-00028,2,4799,479,9119,delivered,none,0
OI-009671,ORD-006186,PROD-00063,1,8999,449,8550,delivered,none,0
OI-009672,ORD-006187,PROD-00269,1,2599,207,2392,delivered,none,0
OI-009673,ORD-006188,PROD-00021,1,3999,199,3800,cancelled,none,4484
OI-009674,ORD-006189,PROD-00161,1,6899,827,6072,delivered,none,0
OI-009675,ORD-006190,PROD-00115,1,1999,199,1800,delivered,none,0
OI-009676,ORD-006191,PROD-00030,1,1099,0,1099,delivered,none,0
OI-009677,ORD-006191,PROD-00078,1,1199,0,1199,delivered,none,0
OI-009678,ORD-006191,PROD-00026,1,4599,0,4599,delivered,none,0
OI-009679,ORD-006191,PROD-00014,1,989,0,989,delivered,none,0
OI-009680,ORD-006191,PROD-00017,1,149,0,149,delivered,none,0
OI-009681,ORD-006192,PROD-00161,1,7099,0,7099,delivered,none,0
OI-009682,ORD-006192,PROD-00057,1,2399,0,2399,delivered,none,0
OI-009683,ORD-006192,PROD-00012,1,149,0,149,delivered,none,0
OI-009684,ORD-006193,PROD-00017,1,149,17,132,delivered,none,0
OI-009685,ORD-006194,PROD-00008,1,4399,527,3872,delivered,none,0
OI-009686,ORD-006195,PROD-00067,1,5799,579,5220,delivered,none,0
OI-009687,ORD-006195,PROD-00132,1,619,61,558,delivered,none,0
OI-009688,ORD-006196,PROD-00159,1,1999,0,1999,delivered,none,0
OI-009689,ORD-006197,PROD-00161,1,6899,344,6555,delivered,none,0
OI-009690,ORD-006197,PROD-00001,1,5199,259,4940,delivered,none,0
OI-009691,ORD-006198,PROD-00174,1,7899,631,7268,delivered,none,0
OI-009692,ORD-006198,PROD-00212,1,5499,439,5060,delivered,none,0
OI-009693,ORD-006199,PROD-00170,1,3199,319,2880,delivered,none,0
OI-009694,ORD-006200,PROD-00195,1,1099,109,990,delivered,none,0
OI-009695,ORD-006201,PROD-00197,1,6699,535,6164,delivered,none,0
OI-009696,ORD-006202,PROD-00269,1,2399,0,2399,delivered,none,0
OI-009697,ORD-006203,PROD-00238,1,30999,0,30999,cancelled,none,0
OI-009698,ORD-006204,PROD-00168,1,759,37,722,delivered,none,0
OI-009699,ORD-006205,PROD-00050,1,999,0,999,delivered,none,0
OI-009700,ORD-006205,PROD-00159,1,2099,0,2099,delivered,none,0
OI-009701,ORD-006206,PROD-00017,1,159,15,144,delivered,none,0
OI-009702,ORD-006207,PROD-00229,1,129999,0,129999,delivered,none,0
OI-009703,ORD-006208,PROD-00031,1,249,19,230,returned,refunded,271
OI-009704,ORD-006208,PROD-00032,1,149,11,138,returned,refunded,163
OI-009705,ORD-006209,PROD-00001,1,5199,519,4680,cancelled,none,5522
OI-009706,ORD-006210,PROD-00251,1,8499,0,8499,delivered,none,0
OI-009707,ORD-006211,PROD-00050,1,939,112,827,returned,refunded,976
OI-009708,ORD-006212,PROD-00052,1,5899,0,5899,delivered,none,0
OI-009709,ORD-006213,PROD-00032,1,139,6,133,delivered,none,0
OI-009710,ORD-006213,PROD-00030,1,1099,54,1045,delivered,none,0
OI-009711,ORD-006214,PROD-00171,1,6699,0,6699,delivered,none,0
OI-009712,ORD-006215,PROD-00174,1,7699,615,7084,delivered,none,0
OI-009713,ORD-006215,PROD-00032,1,149,11,138,delivered,none,0
OI-009714,ORD-006215,PROD-00168,1,709,56,653,delivered,none,0
OI-009715,ORD-006215,PROD-00051,1,6099,487,5612,delivered,none,0
OI-009716,ORD-006216,PROD-00025,1,759,60,699,delivered,none,0
OI-009717,ORD-006217,PROD-00205,1,28999,0,28999,delivered,none,0
OI-009718,ORD-006218,PROD-00264,1,22999,0,22999,delivered,none,0
OI-009719,ORD-006219,PROD-00174,1,7999,399,7600,delivered,none,0
OI-009720,ORD-006220,PROD-00127,2,2999,719,5279,delivered,rejected,0
OI-009721,ORD-006221,PROD-00002,1,3299,164,3135,delivered,none,0
OI-009722,ORD-006222,PROD-00174,1,7699,0,7699,delivered,none,0
OI-009723,ORD-006223,PROD-00005,1,5799,463,5336,delivered,none,0
OI-009724,ORD-006224,PROD-00017,2,139,0,278,delivered,none,0
OI-009725,ORD-006225,PROD-00052,1,5899,0,5899,delivered,none,0
OI-009726,ORD-006225,PROD-00252,1,14499,0,14499,delivered,none,0
OI-009727,ORD-006225,PROD-00264,1,23499,0,23499,delivered,none,0
OI-009728,ORD-006226,PROD-00169,3,2899,0,8697,delivered,none,0
OI-009729,ORD-006227,PROD-00029,1,159,19,140,cancelled,none,0
OI-009730,ORD-006228,PROD-00079,1,56499,0,56499,delivered,none,0
OI-009731,ORD-006229,PROD-00022,1,1399,167,1232,delivered,none,0
OI-009732,ORD-006230,PROD-00096,1,9599,0,9599,shipped,none,0
OI-009733,ORD-006231,PROD-00030,3,1099,329,2968,delivered,none,0
OI-009734,ORD-006232,PROD-00025,1,739,88,651,delivered,none,0
OI-009735,ORD-006232,PROD-00127,1,2899,347,2552,delivered,none,0
OI-009736,ORD-006233,PROD-00017,1,149,17,132,delivered,none,0
OI-009737,ORD-006234,PROD-00257,1,7099,0,7099,delivered,none,0
OI-009738,ORD-006235,PROD-00168,1,709,0,709,delivered,none,0
OI-009739,ORD-006235,PROD-00057,1,2599,0,2599,delivered,none,0
OI-009740,ORD-006236,PROD-00127,1,3299,329,2970,delivered,none,0
OI-009741,ORD-006236,PROD-00025,2,739,147,1331,delivered,none,0
OI-009742,ORD-006237,PROD-00025,2,739,0,1478,delivered,none,0
OI-009743,ORD-006238,PROD-00031,1,239,28,211,delivered,none,0
OI-009744,ORD-006239,PROD-00127,1,3199,0,3199,delivered,none,0
OI-009745,ORD-006240,PROD-00270,1,639,0,639,delivered,none,0
OI-009746,ORD-006241,PROD-00280,1,9999,999,9000,cancelled,none,10620
OI-009747,ORD-006242,PROD-00071,1,3399,0,3399,delivered,none,0
OI-009748,ORD-006243,PROD-00170,1,2999,0,2999,delivered,none,0
OI-009749,ORD-006244,PROD-00061,1,4299,0,4299,returned,refunded,5073
OI-009750,ORD-006244,PROD-00006,1,159,0,159,returned,refunded,188
OI-009751,ORD-006245,PROD-00253,1,7399,0,7399,delivered,none,0
OI-009752,ORD-006246,PROD-00072,1,6799,0,6799,delivered,none,0
OI-009753,ORD-006247,PROD-00017,1,139,0,139,delivered,none,0
OI-009754,ORD-006248,PROD-00072,1,6499,0,6499,delivered,none,0
OI-009755,ORD-006249,PROD-00002,1,2899,144,2755,delivered,none,0
OI-009756,ORD-006250,PROD-00127,1,3499,349,3150,delivered,none,0
OI-009757,ORD-006251,PROD-00221,1,7799,623,7176,delivered,none,0
OI-009758,ORD-006252,PROD-00168,3,709,0,2127,delivered,none,0
OI-009759,ORD-006252,PROD-00017,1,149,0,149,delivered,none,0
OI-009760,ORD-006253,PROD-00270,1,729,87,642,delivered,none,0
OI-009761,ORD-006254,PROD-00025,1,679,0,679,delivered,none,0
OI-009762,ORD-006255,PROD-00264,1,22999,0,22999,delivered,none,0
OI-009763,ORD-006255,PROD-00017,1,139,0,139,delivered,none,0
OI-009764,ORD-006256,PROD-00161,1,6899,0,6899,delivered,none,0
OI-009765,ORD-006257,PROD-00269,1,2499,124,2375,delivered,none,0
OI-009766,ORD-006258,PROD-00080,1,4499,0,4499,delivered,none,0
OI-009767,ORD-006259,PROD-00269,1,2599,0,2599,delivered,none,0
OI-009768,ORD-006259,PROD-00029,1,139,0,139,delivered,none,0
OI-009769,ORD-006260,PROD-00212,1,5499,0,5499,delivered,none,0
OI-009770,ORD-006261,PROD-00163,1,469,23,446,delivered,none,0
OI-009771,ORD-006262,PROD-00029,1,149,0,149,cancelled,none,176
OI-009772,ORD-006262,PROD-00269,1,2499,0,2499,cancelled,none,2949
OI-009773,ORD-006263,PROD-00174,1,7099,0,7099,cancelled,none,8377
OI-009774,ORD-006264,PROD-00042,1,36999,0,36999,delivered,none,0
OI-009775,ORD-006265,PROD-00018,1,289,34,255,delivered,none,0
OI-009776,ORD-006266,PROD-00270,1,699,0,699,delivered,none,0
OI-009777,ORD-006267,PROD-00031,2,239,0,478,delivered,none,0
OI-009778,ORD-006268,PROD-00008,1,4299,0,4299,delivered,none,0
OI-009779,ORD-006269,PROD-00127,1,3299,395,2904,delivered,none,0
OI-009780,ORD-006270,PROD-00132,1,649,0,649,delivered,none,0
OI-009781,ORD-006270,PROD-00263,1,9999,0,9999,delivered,none,0
OI-009782,ORD-006271,PROD-00017,1,149,0,149,delivered,none,0
OI-009783,ORD-006272,PROD-00017,1,159,19,140,delivered,none,0
OI-009784,ORD-006273,PROD-00270,1,699,0,699,delivered,none,0
OI-009785,ORD-006274,PROD-00017,1,149,7,142,delivered,none,0
OI-009786,ORD-006275,PROD-00281,1,4099,0,4099,delivered,none,0
OI-009787,ORD-006276,PROD-00057,1,2499,249,2250,delivered,none,0
OI-009788,ORD-006277,PROD-00017,1,149,7,142,delivered,none,0
OI-009789,ORD-006277,PROD-00072,1,7099,354,6745,delivered,none,0
OI-009790,ORD-006278,PROD-00061,1,4299,214,4085,delivered,none,0
OI-009791,ORD-006279,PROD-00172,1,1099,0,1099,delivered,none,0
OI-009792,ORD-006280,PROD-00014,1,989,118,871,returned,refunded,1028
OI-009793,ORD-006281,PROD-00005,1,5999,299,5700,delivered,none,0
OI-009794,ORD-006281,PROD-00007,1,179,8,171,delivered,none,0
OI-009795,ORD-006282,PROD-00022,1,1299,64,1235,delivered,none,0
OI-009796,ORD-006282,PROD-00008,1,4299,214,4085,delivered,none,0
OI-009797,ORD-006283,PROD-00017,1,159,0,159,delivered,none,0
OI-009798,ORD-006283,PROD-00269,1,2499,0,2499,delivered,none,0
OI-009799,ORD-006283,PROD-00055,1,15499,0,15499,delivered,none,0
OI-009800,ORD-006284,PROD-00161,1,6899,551,6348,returned,refunded,7491
OI-009801,ORD-006284,PROD-00127,1,3299,263,3036,returned,refunded,3582
OI-009802,ORD-006285,PROD-00029,1,149,0,149,returned,refunded,176
OI-009803,ORD-006286,PROD-00272,1,20499,0,20499,delivered,none,0
OI-009804,ORD-006287,PROD-00050,1,999,0,999,delivered,none,0
OI-009805,ORD-006288,PROD-00103,1,13499,0,13499,returned,refunded,15929
OI-009806,ORD-006288,PROD-00009,1,2599,0,2599,returned,refunded,3067
OI-009807,ORD-006289,PROD-00017,2,159,0,318,cancelled,none,0
OI-009808,ORD-006289,PROD-00118,1,579,0,579,cancelled,none,0
OI-009809,ORD-006290,PROD-00264,1,24999,0,24999,delivered,none,0
OI-009810,ORD-006291,PROD-00111,1,999,99,900,delivered,none,0
OI-009811,ORD-006292,PROD-00171,1,6999,699,6300,delivered,none,0
OI-009812,ORD-006293,PROD-00269,1,2599,129,2470,delivered,none,0
OI-009813,ORD-006294,PROD-00118,1,549,0,549,delivered,none,0
OI-009814,ORD-006295,PROD-00070,1,499,0,499,delivered,none,0
OI-009815,ORD-006296,PROD-00185,1,6299,0,6299,delivered,none,0
OI-009816,ORD-006296,PROD-00007,2,169,0,338,delivered,none,0
OI-009817,ORD-006296,PROD-00270,1,659,0,659,delivered,none,0
OI-009818,ORD-006296,PROD-00013,1,4999,0,4999,delivered,none,0
OI-009819,ORD-006297,PROD-00104,1,12499,624,11875,delivered,none,0
OI-009820,ORD-006297,PROD-00163,1,489,24,465,delivered,none,0
OI-009821,ORD-006298,PROD-00266,1,23999,0,23999,delivered,none,0
OI-009822,ORD-006299,PROD-00006,2,149,35,263,delivered,none,0
OI-009823,ORD-006300,PROD-00200,1,26499,2119,24380,delivered,none,0
OI-009824,ORD-006300,PROD-00030,1,1099,87,1012,delivered,none,0
OI-009825,ORD-006301,PROD-00174,1,8299,995,7304,delivered,none,0
OI-009826,ORD-006302,PROD-00001,1,4899,391,4508,delivered,none,0
OI-009827,ORD-006303,PROD-00174,1,7699,0,7699,delivered,none,0
OI-009828,ORD-006304,PROD-00120,1,6699,0,6699,delivered,none,0
OI-009829,ORD-006305,PROD-00002,1,3299,263,3036,delivered,none,0
OI-009830,ORD-006306,PROD-00127,1,3199,319,2880,delivered,none,0
OI-009831,ORD-006307,PROD-00285,1,23499,0,23499,delivered,none,0
OI-009832,ORD-006307,PROD-00020,1,149,0,149,returned,refunded,176
OI-009833,ORD-006307,PROD-00017,3,149,0,447,returned,refunded,527
OI-009834,ORD-006307,PROD-00104,1,12499,0,12499,delivered,none,0
OI-009835,ORD-006308,PROD-00025,1,739,36,703,delivered,none,0
OI-009836,ORD-006309,PROD-00269,1,2699,0,2699,cancelled,none,3185
OI-009837,ORD-006310,PROD-00021,1,3999,199,3800,delivered,none,0
OI-009838,ORD-006311,PROD-00032,1,139,0,139,returned,refunded,164
OI-009839,ORD-006312,PROD-00017,1,149,0,149,delivered,none,0
OI-009840,ORD-006312,PROD-00165,1,3899,0,3899,delivered,none,0
OI-009841,ORD-006313,PROD-00111,1,999,0,999,delivered,none,0
OI-009842,ORD-006314,PROD-00077,1,37999,3799,34200,cancelled,none,40356
OI-009843,ORD-006315,PROD-00077,1,37999,0,37999,delivered,none,0
OI-009844,ORD-006315,PROD-00017,1,139,0,139,delivered,none,0
OI-009845,ORD-006316,PROD-00101,1,3299,263,3036,delivered,none,0
OI-009846,ORD-006317,PROD-00108,1,7999,399,7600,delivered,none,0
OI-009847,ORD-006317,PROD-00017,1,139,6,133,delivered,none,0
OI-009848,ORD-006318,PROD-00161,1,6899,0,6899,delivered,none,0
OI-009849,ORD-006319,PROD-00217,1,11499,0,11499,delivered,none,0
OI-009850,ORD-006320,PROD-00055,1,15499,1239,14260,delivered,none,0
OI-009851,ORD-006321,PROD-00127,1,3199,159,3040,delivered,none,0
OI-009852,ORD-006321,PROD-00161,1,6899,344,6555,delivered,none,0
OI-009853,ORD-006322,PROD-00026,2,4299,859,7739,delivered,none,0
OI-009854,ORD-006323,PROD-00017,1,149,0,149,returned,refunded,176
OI-009855,ORD-006324,PROD-00099,1,999,79,920,delivered,none,0
OI-009856,ORD-006325,PROD-00114,1,1099,0,1099,cancelled,none,0
OI-009857,ORD-006326,PROD-00269,1,2699,0,2699,delivered,none,0
OI-009858,ORD-006327,PROD-00099,1,999,0,999,delivered,none,0
OI-009859,ORD-006328,PROD-00269,1,2599,311,2288,delivered,none,0
OI-009860,ORD-006329,PROD-00080,1,4499,539,3960,delivered,rejected,0
OI-009861,ORD-006330,PROD-00017,1,149,0,149,delivered,none,0
OI-009862,ORD-006330,PROD-00174,1,7699,0,7699,delivered,none,0
OI-009863,ORD-006330,PROD-00044,1,2999,0,2999,delivered,none,0
OI-009864,ORD-006331,PROD-00264,1,23499,2349,21150,delivered,none,0
OI-009865,ORD-006332,PROD-00127,1,3199,383,2816,delivered,none,0
OI-009866,ORD-006333,PROD-00154,1,37999,3799,34200,delivered,none,0
OI-009867,ORD-006334,PROD-00159,1,1999,159,1840,delivered,none,0
OI-009868,ORD-006335,PROD-00118,2,579,115,1043,delivered,none,0
OI-009869,ORD-006336,PROD-00168,1,649,64,585,delivered,none,0
OI-009870,ORD-006337,PROD-00019,1,2999,0,2999,returned,refunded,3539
OI-009871,ORD-006338,PROD-00069,1,1399,0,1399,delivered,none,0
OI-009872,ORD-006338,PROD-00264,1,23499,0,23499,delivered,none,0
OI-009873,ORD-006338,PROD-00029,1,149,0,149,delivered,none,0
OI-009874,ORD-006338,PROD-00161,1,7099,0,7099,delivered,none,0
OI-009875,ORD-006339,PROD-00017,1,149,0,149,cancelled,none,176
OI-009876,ORD-006340,PROD-00264,1,22999,1839,21160,delivered,none,0
OI-009877,ORD-006341,PROD-00068,2,14499,0,28998,delivered,none,0
OI-009878,ORD-006341,PROD-00101,1,3599,0,3599,delivered,none,0
OI-009879,ORD-006342,PROD-00068,1,13999,1119,12880,delivered,none,0
OI-009880,ORD-006343,PROD-00072,1,7299,729,6570,delivered,none,0
OI-009881,ORD-006344,PROD-00131,1,5899,0,5899,delivered,none,0
OI-009882,ORD-006344,PROD-00127,1,3199,0,3199,delivered,none,0
OI-009883,ORD-006345,PROD-00034,1,149,17,132,delivered,none,0
OI-009884,ORD-006346,PROD-00099,1,999,49,950,delivered,none,0
OI-009885,ORD-006346,PROD-00215,1,76499,3824,72675,delivered,none,0
OI-009886,ORD-006346,PROD-00034,3,149,22,425,delivered,none,0
OI-009887,ORD-006346,PROD-00025,1,779,38,741,delivered,none,0
OI-009888,ORD-006346,PROD-00053,1,5999,299,5700,delivered,none,0
OI-009889,ORD-006347,PROD-00168,1,709,35,674,delivered,none,0
OI-009890,ORD-006348,PROD-00070,1,499,59,440,delivered,none,0
OI-009891,ORD-006348,PROD-00169,1,2799,335,2464,delivered,none,0
OI-009892,ORD-006348,PROD-00065,1,3599,431,3168,delivered,none,0
OI-009893,ORD-006349,PROD-00050,2,969,0,1938,delivered,none,0
OI-009894,ORD-006350,PROD-00025,1,739,0,739,delivered,none,0
OI-009895,ORD-006350,PROD-00257,1,7099,0,7099,delivered,none,0
OI-009896,ORD-006351,PROD-00174,1,7699,769,6930,delivered,none,0
OI-009897,ORD-006352,PROD-00137,1,93999,0,93999,delivered,none,0
OI-009898,ORD-006352,PROD-00003,1,1399,0,1399,delivered,none,0
OI-009899,ORD-006352,PROD-00174,1,7299,0,7299,delivered,none,0
OI-009900,ORD-006352,PROD-00111,1,999,0,999,delivered,none,0
OI-009901,ORD-006353,PROD-00161,1,6899,0,6899,delivered,none,0
OI-009902,ORD-006353,PROD-00174,1,7299,0,7299,delivered,none,0
OI-009903,ORD-006354,PROD-00161,1,6899,0,6899,delivered,none,0
OI-009904,ORD-006354,PROD-00030,1,1099,0,1099,delivered,rejected,0
OI-009905,ORD-006355,PROD-00099,1,999,0,999,delivered,none,0
OI-009906,ORD-006356,PROD-00010,1,5499,0,5499,cancelled,none,0
OI-009907,ORD-006357,PROD-00267,1,16499,1979,14520,delivered,none,0
OI-009908,ORD-006358,PROD-00128,1,899,107,792,delivered,none,0
OI-009909,ORD-006358,PROD-00159,2,1999,479,3519,delivered,none,0
OI-009910,ORD-006359,PROD-00011,1,309,0,309,delivered,none,0
OI-009911,ORD-006360,PROD-00081,1,19499,0,19499,delivered,none,0
OI-009912,ORD-006360,PROD-00017,1,149,0,149,delivered,none,0
OI-009913,ORD-006361,PROD-00017,1,149,0,149,delivered,none,0
OI-009914,ORD-006362,PROD-00266,1,27499,0,27499,delivered,none,0
OI-009915,ORD-006362,PROD-00104,1,12499,0,12499,delivered,none,0
OI-009916,ORD-006362,PROD-00028,1,4799,0,4799,delivered,none,0
OI-009917,ORD-006363,PROD-00277,1,1099,0,1099,delivered,none,0
OI-009918,ORD-006364,PROD-00001,1,5199,0,5199,delivered,none,0
OI-009919,ORD-006365,PROD-00133,2,499,79,919,returned,refunded,1084
OI-009920,ORD-006366,PROD-00161,1,6899,689,6210,delivered,none,0
OI-009921,ORD-006367,PROD-00025,1,739,88,651,delivered,none,0
OI-009922,ORD-006368,PROD-00174,1,7699,923,6776,delivered,none,0
OI-009923,ORD-006369,PROD-00127,1,3199,383,2816,cancelled,none,0
OI-009924,ORD-006370,PROD-00022,1,1399,167,1232,delivered,none,0
OI-009925,ORD-006370,PROD-00025,1,759,91,668,delivered,none,0
OI-009926,ORD-006370,PROD-00120,1,5999,719,5280,delivered,none,0
OI-009927,ORD-006370,PROD-00164,1,5299,635,4664,delivered,none,0
OI-009928,ORD-006370,PROD-00113,1,3199,383,2816,delivered,none,0
OI-009929,ORD-006371,PROD-00270,1,659,0,659,delivered,none,0
OI-009930,ORD-006372,PROD-00127,1,3299,164,3135,returned,refunded,3699
OI-009931,ORD-006373,PROD-00032,2,149,0,298,delivered,none,0
OI-009932,ORD-006373,PROD-00111,1,999,0,999,delivered,none,0
OI-009933,ORD-006373,PROD-00127,1,2899,0,2899,delivered,none,0
OI-009934,ORD-006373,PROD-00161,1,7199,0,7199,delivered,none,0
OI-009935,ORD-006374,PROD-00270,1,719,0,719,delivered,rejected,0
OI-009936,ORD-006375,PROD-00111,1,999,0,999,delivered,none,0
OI-009937,ORD-006376,PROD-00030,1,1099,131,968,delivered,none,0
OI-009938,ORD-006376,PROD-00099,1,919,110,809,delivered,none,0
OI-009939,ORD-006377,PROD-00245,1,19499,974,18525,delivered,none,0
OI-009940,ORD-006377,PROD-00269,1,2499,124,2375,delivered,none,0
OI-009941,ORD-006378,PROD-00130,1,12499,1499,11000,cancelled,none,12980
OI-009942,ORD-006379,PROD-00131,1,5399,431,4968,delivered,none,0
OI-009943,ORD-006379,PROD-00222,1,109499,8759,100740,delivered,none,0
OI-009944,ORD-006380,PROD-00104,1,11999,1199,10800,delivered,none,0
OI-009945,ORD-006381,PROD-00174,1,7699,0,7699,delivered,none,0
OI-009946,ORD-006382,PROD-00291,1,10999,0,10999,delivered,rejected,0
OI-009947,ORD-006382,PROD-00174,1,7699,0,7699,returned,refunded,9085
OI-009948,ORD-006383,PROD-00174,1,7299,0,7299,delivered,none,0
OI-009949,ORD-006384,PROD-00245,1,17999,2159,15840,delivered,none,0
OI-009950,ORD-006384,PROD-00127,1,3199,383,2816,delivered,none,0
OI-009951,ORD-006384,PROD-00024,1,1299,155,1144,delivered,none,0
OI-009952,ORD-006385,PROD-00296,1,11499,1379,10120,delivered,none,0
OI-009953,ORD-006386,PROD-00128,1,949,0,949,delivered,none,0
OI-009954,ORD-006386,PROD-00029,1,149,0,149,delivered,none,0
OI-009955,ORD-006386,PROD-00072,1,6499,0,6499,delivered,none,0
OI-009956,ORD-006387,PROD-00270,1,699,83,616,delivered,none,0
OI-009957,ORD-006388,PROD-00011,1,309,24,285,delivered,none,0
OI-009958,ORD-006388,PROD-00265,1,9699,775,8924,delivered,none,0
OI-009959,ORD-006388,PROD-00127,1,3199,255,2944,delivered,none,0
OI-009960,ORD-006389,PROD-00161,1,6299,503,5796,delivered,none,0
OI-009961,ORD-006390,PROD-00267,1,15499,0,15499,delivered,none,0
OI-009962,ORD-006390,PROD-00029,1,149,0,149,delivered,none,0
OI-009963,ORD-006390,PROD-00070,1,519,0,519,delivered,none,0
OI-009964,ORD-006390,PROD-00013,1,4999,0,4999,delivered,none,0
OI-009965,ORD-006390,PROD-00225,1,18999,0,18999,delivered,none,0
OI-009966,ORD-006391,PROD-00071,1,3499,0,3499,delivered,none,0
OI-009967,ORD-006392,PROD-00161,1,6899,0,6899,delivered,none,0
OI-009968,ORD-006393,PROD-00005,1,5799,0,5799,delivered,none,0
OI-009969,ORD-006394,PROD-00111,1,919,0,919,delivered,none,0
OI-009970,ORD-006395,PROD-00269,1,2599,129,2470,delivered,none,0
OI-009971,ORD-006396,PROD-00111,1,999,99,900,delivered,none,0
OI-009972,ORD-006397,PROD-00032,2,149,23,275,delivered,none,0
OI-009973,ORD-006398,PROD-00142,1,179999,0,179999,delivered,none,0
OI-009974,ORD-006399,PROD-00161,1,7099,354,6745,delivered,none,0
OI-009975,ORD-006400,PROD-00270,1,699,83,616,delivered,none,0
OI-009976,ORD-006401,PROD-00127,1,3199,255,2944,delivered,none,0
OI-009977,ORD-006402,PROD-00251,1,8499,424,8075,delivered,none,0
OI-009978,ORD-006403,PROD-00168,1,709,0,709,delivered,none,0
OI-009979,ORD-006404,PROD-00099,1,1099,54,1045,delivered,none,0
OI-009980,ORD-006404,PROD-00111,1,999,49,950,delivered,none,0
OI-009981,ORD-006404,PROD-00024,3,1299,194,3703,delivered,none,0
OI-009982,ORD-006405,PROD-00174,1,7099,851,6248,delivered,none,0
OI-009983,ORD-006406,PROD-00161,1,6599,0,6599,cancelled,none,7787
OI-009984,ORD-006406,PROD-00241,1,26499,0,26499,cancelled,none,31269
OI-009985,ORD-006406,PROD-00238,1,30999,0,30999,cancelled,none,36579
OI-009986,ORD-006407,PROD-00270,1,729,0,729,delivered,none,0
OI-009987,ORD-006408,PROD-00284,1,2999,239,2760,delivered,none,0
OI-009988,ORD-006408,PROD-00017,1,149,11,138,delivered,none,0
OI-009989,ORD-006409,PROD-00005,1,5799,0,5799,delivered,none,0
OI-009990,ORD-006410,PROD-00055,1,16499,0,16499,delivered,none,0
OI-009991,ORD-006411,PROD-00017,1,149,17,132,delivered,none,0
OI-009992,ORD-006412,PROD-00080,1,4899,0,4899,delivered,none,0
OI-009993,ORD-006413,PROD-00174,1,7999,639,7360,cancelled,none,8685
OI-009994,ORD-006413,PROD-00089,1,18999,1519,17480,cancelled,none,20626
OI-009995,ORD-006413,PROD-00104,1,12499,999,11500,cancelled,none,13570
OI-009996,ORD-006414,PROD-00020,1,149,14,135,delivered,none,0
OI-009997,ORD-006414,PROD-00270,1,699,69,630,delivered,none,0
OI-009998,ORD-006415,PROD-00017,1,159,19,140,returned,refunded,165
OI-009999,ORD-006416,PROD-00242,1,129999,0,129999,delivered,none,0
OI-010000,ORD-006416,PROD-00029,1,149,0,149,delivered,none,0
OI-010001,ORD-006417,PROD-00017,1,149,14,135,delivered,none,0
OI-010002,ORD-006417,PROD-00111,1,999,99,900,delivered,none,0
OI-010003,ORD-006417,PROD-00087,1,7499,749,6750,delivered,none,0
OI-010004,ORD-006418,PROD-00111,1,999,79,920,delivered,none,0
OI-010005,ORD-006419,PROD-00127,1,3299,0,3299,delivered,none,0
OI-010006,ORD-006419,PROD-00262,1,12999,0,12999,delivered,none,0
OI-010007,ORD-006419,PROD-00078,1,1199,0,1199,delivered,none,0
OI-010008,ORD-006420,PROD-00062,1,499,0,499,delivered,none,0
OI-010009,ORD-006420,PROD-00032,2,149,0,298,delivered,none,0
OI-010010,ORD-006421,PROD-00138,1,148499,7424,141075,delivered,none,0
OI-010011,ORD-006422,PROD-00003,2,1399,0,2798,delivered,none,0
OI-010012,ORD-006422,PROD-00099,1,999,0,999,delivered,none,0
OI-010013,ORD-006422,PROD-00032,1,159,0,159,delivered,none,0
OI-010014,ORD-006423,PROD-00028,1,4999,499,4500,delivered,none,0
OI-010015,ORD-006423,PROD-00068,1,14499,1449,13050,delivered,none,0
OI-010016,ORD-006424,PROD-00113,1,3499,0,3499,delivered,none,0
OI-010017,ORD-006424,PROD-00269,1,2699,0,2699,delivered,none,0
OI-010018,ORD-006424,PROD-00003,1,1399,0,1399,delivered,none,0
OI-010019,ORD-006425,PROD-00056,1,3599,0,3599,delivered,none,0
OI-010020,ORD-006426,PROD-00020,2,149,29,269,delivered,none,0
OI-010021,ORD-006427,PROD-00297,1,78499,6279,72220,delivered,none,0
OI-010022,ORD-006428,PROD-00013,1,5299,423,4876,delivered,none,0
OI-010023,ORD-006429,PROD-00017,1,149,7,142,returned,refunded,168
OI-010024,ORD-006429,PROD-00056,1,3899,194,3705,delivered,none,0
OI-010025,ORD-006430,PROD-00120,1,6499,779,5720,delivered,none,0
OI-010026,ORD-006431,PROD-00124,1,1599,191,1408,delivered,none,0
OI-010027,ORD-006432,PROD-00127,1,3299,164,3135,delivered,none,0
OI-010028,ORD-006433,PROD-00131,2,6099,0,12198,delivered,none,0
OI-010029,ORD-006434,PROD-00114,1,999,49,950,delivered,none,0
OI-010030,ORD-006434,PROD-00057,1,2499,124,2375,delivered,none,0
OI-010031,ORD-006435,PROD-00127,1,3499,349,3150,delivered,none,0
OI-010032,ORD-006436,PROD-00052,1,5599,447,5152,delivered,none,0
OI-010033,ORD-006436,PROD-00084,1,18499,1479,17020,delivered,none,0
OI-010034,ORD-006436,PROD-00238,1,28499,2279,26220,delivered,none,0
OI-010035,ORD-006437,PROD-00025,1,739,0,739,delivered,none,0
OI-010036,ORD-006438,PROD-00017,1,139,0,139,delivered,none,0
OI-010037,ORD-006439,PROD-00017,1,139,6,133,delivered,none,0
OI-010038,ORD-006440,PROD-00101,1,3299,0,3299,delivered,none,0
OI-010039,ORD-006441,PROD-00068,1,13999,1679,12320,delivered,none,0
OI-010040,ORD-006442,PROD-00165,2,3699,0,7398,delivered,none,0
OI-010041,ORD-006442,PROD-00123,1,15999,0,15999,delivered,none,0
OI-010042,ORD-006443,PROD-00174,1,7699,384,7315,delivered,none,0
OI-010043,ORD-006443,PROD-00127,1,3199,159,3040,delivered,none,0
OI-010044,ORD-006443,PROD-00165,1,3899,194,3705,delivered,none,0
OI-010045,ORD-006444,PROD-00169,1,2799,0,2799,delivered,none,0
OI-010046,ORD-006444,PROD-00032,1,139,0,139,delivered,none,0
OI-010047,ORD-006444,PROD-00029,1,149,0,149,delivered,none,0
OI-010048,ORD-006444,PROD-00017,3,159,0,477,delivered,none,0
OI-010049,ORD-006445,PROD-00059,3,509,0,1527,cancelled,none,1802
OI-010050,ORD-006446,PROD-00264,1,22999,0,22999,delivered,none,0
OI-010051,ORD-006447,PROD-00124,3,1499,0,4497,delivered,none,0
OI-010052,ORD-006447,PROD-00132,1,649,0,649,delivered,none,0
OI-010053,ORD-006448,PROD-00168,2,729,0,1458,delivered,none,0
OI-010054,ORD-006449,PROD-00022,2,1399,0,2798,delivered,none,0
OI-010055,ORD-006450,PROD-00174,1,8299,0,8299,delivered,none,0
OI-010056,ORD-006451,PROD-00264,1,22999,2759,20240,delivered,none,0
OI-010057,ORD-006452,PROD-00111,2,919,91,1747,returned,refunded,2061
OI-010058,ORD-006453,PROD-00017,1,149,0,149,delivered,none,0
OI-010059,ORD-006454,PROD-00115,1,1999,0,1999,delivered,none,0
OI-010060,ORD-006454,PROD-00210,1,13499,0,13499,delivered,none,0
OI-010061,ORD-006455,PROD-00057,1,2599,0,2599,delivered,none,0
OI-010062,ORD-006456,PROD-00161,1,6899,0,6899,delivered,none,0
OI-010063,ORD-006456,PROD-00264,1,24999,0,24999,delivered,none,0
OI-010064,ORD-006457,PROD-00059,1,519,0,519,delivered,none,0
OI-010065,ORD-006457,PROD-00171,1,6699,0,6699,delivered,none,0
OI-010066,ORD-006458,PROD-00245,1,19999,1599,18400,delivered,none,0
OI-010067,ORD-006458,PROD-00057,1,2599,207,2392,delivered,none,0
OI-010068,ORD-006458,PROD-00017,1,139,11,128,delivered,none,0
OI-010069,ORD-006458,PROD-00251,1,8499,679,7820,delivered,none,0
OI-010070,ORD-006458,PROD-00120,1,6199,495,5704,delivered,none,0
OI-010071,ORD-006459,PROD-00174,1,8299,0,8299,delivered,none,0
OI-010072,ORD-006460,PROD-00087,1,7499,0,7499,cancelled,none,8849
OI-010073,ORD-006461,PROD-00032,1,149,0,149,delivered,none,0
OI-010074,ORD-006462,PROD-00017,1,139,11,128,delivered,none,0
OI-010075,ORD-006463,PROD-00222,1,112999,0,112999,delivered,none,0
OI-010076,ORD-006464,PROD-00080,1,4499,0,4499,delivered,none,0
OI-010077,ORD-006465,PROD-00174,1,7899,789,7110,delivered,none,0
OI-010078,ORD-006466,PROD-00226,1,7799,779,7020,delivered,none,0
OI-010079,ORD-006467,PROD-00251,1,9199,919,8280,delivered,none,0
OI-010080,ORD-006468,PROD-00269,2,2499,0,4998,returned,refunded,5898
OI-010081,ORD-006469,PROD-00017,1,149,17,132,returned,refunded,156
OI-010082,ORD-006470,PROD-00105,1,34999,4199,30800,delivered,none,0
OI-010083,ORD-006470,PROD-00161,1,6899,827,6072,delivered,none,0
OI-010084,ORD-006470,PROD-00114,1,1099,131,968,delivered,none,0
OI-010085,ORD-006471,PROD-00276,1,28999,0,28999,delivered,none,0
OI-010086,ORD-006472,PROD-00069,1,1399,167,1232,delivered,none,0
OI-010087,ORD-006472,PROD-00252,1,13499,1619,11880,delivered,none,0
OI-010088,ORD-006472,PROD-00174,1,7299,875,6424,delivered,none,0
OI-010089,ORD-006473,PROD-00030,1,1099,87,1012,delivered,none,0
OI-010090,ORD-006474,PROD-00171,1,6699,334,6365,delivered,none,0
OI-010091,ORD-006475,PROD-00017,1,159,0,159,returned,refunded,188
OI-010092,ORD-006476,PROD-00246,1,15499,0,15499,delivered,none,0
OI-010093,ORD-006477,PROD-00168,1,709,85,624,delivered,none,0
OI-010094,ORD-006478,PROD-00007,1,169,0,169,returned,refunded,199
OI-010095,ORD-006478,PROD-00020,1,149,0,149,delivered,none,0
OI-010096,ORD-006479,PROD-00099,1,999,0,999,delivered,none,0
OI-010097,ORD-006480,PROD-00055,1,15499,774,14725,delivered,none,0
OI-010098,ORD-006480,PROD-00161,1,6899,344,6555,delivered,none,0
OI-010099,ORD-006480,PROD-00071,1,3399,169,3230,delivered,none,0
OI-010100,ORD-006481,PROD-00238,1,30999,0,30999,delivered,none,0
OI-010101,ORD-006482,PROD-00018,1,289,0,289,delivered,none,0
OI-010102,ORD-006482,PROD-00013,1,5199,0,5199,delivered,none,0
OI-010103,ORD-006483,PROD-00269,1,2499,0,2499,delivered,none,0
OI-010104,ORD-006483,PROD-00023,1,189,0,189,delivered,none,0
OI-010105,ORD-006484,PROD-00161,1,7199,719,6480,delivered,none,0
OI-010106,ORD-006485,PROD-00252,1,13999,0,13999,delivered,none,0
OI-010107,ORD-006486,PROD-00018,1,299,0,299,delivered,none,0
OI-010108,ORD-006487,PROD-00031,1,239,0,239,delivered,none,0
OI-010109,ORD-006488,PROD-00163,2,469,0,938,delivered,none,0
OI-010110,ORD-006488,PROD-00053,1,5499,0,5499,delivered,none,0
OI-010111,ORD-006488,PROD-00026,1,4099,0,4099,delivered,none,0
OI-010112,ORD-006489,PROD-00010,1,5999,479,5520,delivered,none,0
OI-010113,ORD-006490,PROD-00012,1,149,0,149,delivered,none,0
OI-010114,ORD-006490,PROD-00028,1,4899,0,4899,delivered,none,0
OI-010115,ORD-006491,PROD-00029,1,149,11,138,delivered,none,0
OI-010116,ORD-006492,PROD-00072,1,6499,0,6499,delivered,none,0
OI-010117,ORD-006493,PROD-00127,1,3299,0,3299,delivered,none,0
OI-010118,ORD-006494,PROD-00068,1,14999,0,14999,delivered,none,0
OI-010119,ORD-006494,PROD-00072,1,6799,0,6799,delivered,none,0
OI-010120,ORD-006495,PROD-00109,1,3299,164,3135,delivered,none,0
OI-010121,ORD-006495,PROD-00055,1,15499,774,14725,delivered,none,0
OI-010122,ORD-006495,PROD-00013,1,4699,234,4465,delivered,none,0
OI-010123,ORD-006496,PROD-00030,1,1099,0,1099,delivered,none,0
OI-010124,ORD-006496,PROD-00025,1,759,0,759,delivered,none,0
OI-010125,ORD-006497,PROD-00273,1,1199,95,1104,returned,refunded,1303
OI-010126,ORD-006498,PROD-00008,1,4599,229,4370,delivered,none,0
OI-010127,ORD-006499,PROD-00017,1,149,11,138,delivered,none,0
OI-010128,ORD-006500,PROD-00298,1,22999,1839,21160,delivered,none,0
OI-010129,ORD-006501,PROD-00017,1,149,14,135,delivered,none,0
OI-010130,ORD-006501,PROD-00029,1,149,14,135,delivered,none,0
OI-010131,ORD-006502,PROD-00096,1,8899,889,8010,delivered,none,0
OI-010132,ORD-006503,PROD-00127,1,3499,0,3499,delivered,none,0
OI-010133,ORD-006504,PROD-00029,1,149,0,149,returned,refunded,176
OI-010134,ORD-006505,PROD-00124,1,1599,0,1599,delivered,none,0
OI-010135,ORD-006505,PROD-00127,1,3199,0,3199,delivered,none,0
OI-010136,ORD-006506,PROD-00217,1,11499,919,10580,delivered,none,0
OI-010137,ORD-006507,PROD-00030,1,1099,0,1099,delivered,none,0
OI-010138,ORD-006508,PROD-00127,1,3199,0,3199,delivered,none,0
OI-010139,ORD-006508,PROD-00010,1,6199,0,6199,delivered,none,0
OI-010140,ORD-006509,PROD-00030,1,1099,131,968,delivered,none,0
OI-010141,ORD-006509,PROD-00161,1,6899,827,6072,delivered,none,0
OI-010142,ORD-006510,PROD-00171,1,7199,863,6336,delivered,none,0
OI-010143,ORD-006510,PROD-00008,1,3999,479,3520,delivered,rejected,0
OI-010144,ORD-006511,PROD-00174,1,7699,923,6776,delivered,none,0
OI-010145,ORD-006512,PROD-00174,1,8299,0,8299,delivered,none,0
OI-010146,ORD-006513,PROD-00057,1,2499,0,2499,delivered,none,0
OI-010147,ORD-006514,PROD-00089,1,20499,2459,18040,delivered,none,0
OI-010148,ORD-006514,PROD-00032,2,159,38,280,delivered,none,0
OI-010149,ORD-006515,PROD-00024,1,1299,129,1170,delivered,none,0
OI-010150,ORD-006515,PROD-00001,1,5199,519,4680,delivered,none,0
OI-010151,ORD-006516,PROD-00161,1,6899,344,6555,delivered,none,0
OI-010152,ORD-006516,PROD-00174,1,7699,384,7315,delivered,none,0
OI-010153,ORD-006517,PROD-00120,1,6499,779,5720,delivered,none,0
OI-010154,ORD-006517,PROD-00155,2,148499,35639,261359,delivered,none,0
OI-010155,ORD-006518,PROD-00270,1,699,34,665,delivered,none,0
OI-010156,ORD-006518,PROD-00248,1,4399,219,4180,delivered,none,0
OI-010157,ORD-006519,PROD-00174,1,7699,0,7699,cancelled,none,0
OI-010158,ORD-006520,PROD-00067,1,5399,431,4968,cancelled,none,5862
OI-010159,ORD-006520,PROD-00247,1,13499,1079,12420,cancelled,none,14656
OI-010160,ORD-006521,PROD-00132,1,599,59,540,delivered,none,0
OI-010161,ORD-006522,PROD-00068,1,13999,0,13999,delivered,rejected,0
OI-010162,ORD-006523,PROD-00223,1,82499,0,82499,delivered,none,0
OI-010163,ORD-006523,PROD-00010,1,6199,0,6199,delivered,none,0
OI-010164,ORD-006524,PROD-00218,1,40999,4099,36900,delivered,none,0
OI-010165,ORD-006524,PROD-00053,1,5799,579,5220,delivered,none,0
OI-010166,ORD-006525,PROD-00098,1,18999,949,18050,delivered,none,0
OI-010167,ORD-006526,PROD-00099,1,949,0,949,delivered,none,0
OI-010168,ORD-006527,PROD-00013,1,4999,0,4999,cancelled,none,5899
OI-010169,ORD-006528,PROD-00024,2,1199,239,2159,delivered,none,0
OI-010170,ORD-006529,PROD-00168,1,709,56,653,delivered,none,0
OI-010171,ORD-006530,PROD-00127,1,3199,159,3040,delivered,none,0
OI-010172,ORD-006531,PROD-00161,1,6899,0,6899,delivered,none,0
OI-010173,ORD-006531,PROD-00111,1,999,0,999,delivered,none,0
OI-010174,ORD-006532,PROD-00209,1,19499,0,19499,delivered,none,0
OI-010175,ORD-006533,PROD-00197,1,6699,0,6699,delivered,none,0
OI-010176,ORD-006533,PROD-00174,1,7999,0,7999,delivered,none,0
OI-010177,ORD-006534,PROD-00025,2,739,73,1405,delivered,none,0
OI-010178,ORD-006535,PROD-00148,1,75999,0,75999,delivered,none,0
OI-010179,ORD-006536,PROD-00268,1,44999,3599,41400,delivered,none,0
OI-010180,ORD-006536,PROD-00296,1,10499,839,9660,delivered,none,0
OI-010181,ORD-006536,PROD-00104,1,11499,919,10580,delivered,none,0
OI-010182,ORD-006537,PROD-00174,1,7299,583,6716,delivered,none,0
OI-010183,ORD-006538,PROD-00262,1,11999,0,11999,delivered,none,0
OI-010184,ORD-006539,PROD-00106,1,29499,0,29499,delivered,none,0
OI-010185,ORD-006539,PROD-00072,1,6999,0,6999,delivered,none,0
OI-010186,ORD-006539,PROD-00080,1,4499,0,4499,delivered,none,0
OI-010187,ORD-006540,PROD-00299,1,26999,0,26999,delivered,none,0
OI-010188,ORD-006541,PROD-00017,1,159,15,144,cancelled,none,170
OI-010189,ORD-006542,PROD-00017,2,149,0,298,delivered,none,0
OI-010190,ORD-006543,PROD-00270,1,639,51,588,delivered,none,0
OI-010191,ORD-006544,PROD-00051,1,6099,0,6099,delivered,none,0
OI-010192,ORD-006545,PROD-00017,1,139,6,133,delivered,none,0
OI-010193,ORD-006546,PROD-00023,1,179,21,158,cancelled,none,0
OI-010194,ORD-006547,PROD-00092,1,759,91,668,delivered,none,0
OI-010195,ORD-006547,PROD-00174,1,7699,923,6776,delivered,none,0
OI-010196,ORD-006548,PROD-00201,1,16999,0,16999,cancelled,none,20059
OI-010197,ORD-006549,PROD-00127,1,2899,347,2552,returned,refunded,3011
OI-010198,ORD-006550,PROD-00014,1,959,115,844,delivered,none,0
OI-010199,ORD-006551,PROD-00072,1,6799,0,6799,delivered,none,0
OI-010200,ORD-006552,PROD-00017,2,149,0,298,delivered,none,0
OI-010201,ORD-006552,PROD-00258,1,2199,0,2199,delivered,none,0
OI-010202,ORD-006553,PROD-00264,1,23999,0,23999,delivered,none,0
OI-010203,ORD-006554,PROD-00007,1,169,0,169,delivered,none,0
OI-010204,ORD-006554,PROD-00298,1,22999,0,22999,delivered,none,0
OI-010205,ORD-006555,PROD-00030,1,1099,0,1099,delivered,none,0
OI-010206,ORD-006555,PROD-00025,1,769,0,769,delivered,none,0
OI-010207,ORD-006555,PROD-00020,1,139,0,139,delivered,none,0
OI-010208,ORD-006556,PROD-00168,1,729,0,729,delivered,none,0
OI-010209,ORD-006557,PROD-00017,1,149,0,149,delivered,none,0
OI-010210,ORD-006558,PROD-00017,1,149,0,149,delivered,none,0
OI-010211,ORD-006558,PROD-00264,2,22999,0,45998,delivered,none,0
OI-010212,ORD-006559,PROD-00029,2,149,14,284,delivered,none,0
OI-010213,ORD-006560,PROD-00203,1,23499,0,23499,delivered,none,0
OI-010214,ORD-006561,PROD-00101,1,3299,0,3299,cancelled,none,3893
OI-010215,ORD-006562,PROD-00017,1,149,7,142,returned,refunded,168
OI-010216,ORD-006563,PROD-00097,1,1299,0,1299,delivered,none,0
OI-010217,ORD-006564,PROD-00029,1,149,0,149,delivered,none,0
OI-010218,ORD-006565,PROD-00032,1,139,13,126,delivered,none,0
OI-010219,ORD-006565,PROD-00021,1,4299,429,3870,delivered,none,0
OI-010220,ORD-006566,PROD-00132,1,649,77,572,delivered,none,0
OI-010221,ORD-006567,PROD-00114,1,999,0,999,delivered,none,0
OI-010222,ORD-006568,PROD-00118,2,579,0,1158,delivered,none,0
OI-010223,ORD-006568,PROD-00215,1,79499,0,79499,delivered,none,0
OI-010224,ORD-006569,PROD-00022,1,1399,111,1288,delivered,none,0
OI-010225,ORD-006570,PROD-00021,1,3999,0,3999,delivered,none,0
OI-010226,ORD-006570,PROD-00174,1,7299,0,7299,delivered,none,0
OI-010227,ORD-006570,PROD-00053,1,5799,0,5799,delivered,none,0
OI-010228,ORD-006570,PROD-00127,1,3199,0,3199,delivered,none,0
OI-010229,ORD-006571,PROD-00161,1,7399,887,6512,delivered,none,0
OI-010230,ORD-006572,PROD-00001,1,4899,0,4899,delivered,none,0
OI-010231,ORD-006572,PROD-00284,1,2999,0,2999,delivered,none,0
OI-010232,ORD-006573,PROD-00174,1,7899,789,7110,delivered,none,0
OI-010233,ORD-006574,PROD-00270,1,719,0,719,delivered,none,0
OI-010234,ORD-006575,PROD-00025,1,739,88,651,delivered,none,0
OI-010235,ORD-006576,PROD-00161,1,6599,0,6599,delivered,none,0
OI-010236,ORD-006577,PROD-00017,2,149,23,275,delivered,none,0
OI-010237,ORD-006578,PROD-00161,1,7399,887,6512,delivered,none,0
OI-010238,ORD-006578,PROD-00174,1,7699,923,6776,delivered,none,0
OI-010239,ORD-006579,PROD-00072,1,6799,815,5984,delivered,none,0
OI-010240,ORD-006579,PROD-00004,1,2399,287,2112,delivered,none,0
OI-010241,ORD-006580,PROD-00062,1,519,62,457,delivered,none,0
OI-010242,ORD-006581,PROD-00267,1,15999,799,15200,delivered,none,0
OI-010243,ORD-006581,PROD-00017,1,149,7,142,delivered,none,0
OI-010244,ORD-006582,PROD-00264,1,22999,0,22999,delivered,none,0
OI-010245,ORD-006583,PROD-00017,1,139,0,139,delivered,none,0
OI-010246,ORD-006584,PROD-00014,1,959,115,844,returned,refunded,996
OI-010247,ORD-006585,PROD-00017,1,149,17,132,delivered,none,0
OI-010248,ORD-006586,PROD-00226,1,7499,0,7499,delivered,none,0
OI-010249,ORD-006587,PROD-00002,1,3199,0,3199,delivered,none,0
OI-010250,ORD-006588,PROD-00161,1,7099,0,7099,delivered,none,0
OI-010251,ORD-006588,PROD-00232,1,116999,0,116999,delivered,none,0
OI-010252,ORD-006588,PROD-00114,1,999,0,999,delivered,none,0
OI-010253,ORD-006589,PROD-00176,1,7099,0,7099,delivered,none,0
OI-010254,ORD-006589,PROD-00017,1,149,0,149,delivered,none,0
OI-010255,ORD-006590,PROD-00174,1,7699,0,7699,delivered,none,0
OI-010256,ORD-006591,PROD-00032,2,149,29,269,delivered,none,0
OI-010257,ORD-006592,PROD-00179,1,23499,0,23499,delivered,none,0
OI-010258,ORD-006592,PROD-00072,2,6799,0,13598,delivered,none,0
OI-010259,ORD-006593,PROD-00025,1,779,77,702,delivered,none,0
OI-010260,ORD-006594,PROD-00066,1,959,0,959,returned,refunded,1132
OI-010261,ORD-006595,PROD-00017,2,149,0,298,delivered,none,0
OI-010262,ORD-006596,PROD-00269,1,2499,249,2250,delivered,none,0
OI-010263,ORD-006597,PROD-00127,1,3199,255,2944,delivered,none,0
OI-010264,ORD-006597,PROD-00264,1,22999,1839,21160,delivered,none,0
OI-010265,ORD-006598,PROD-00161,1,6899,0,6899,delivered,none,0
OI-010266,ORD-006599,PROD-00165,1,3599,0,3599,delivered,none,0
OI-010267,ORD-006600,PROD-00128,1,949,0,949,delivered,none,0
OI-010268,ORD-006600,PROD-00200,1,24499,0,24499,delivered,none,0
OI-010269,ORD-006600,PROD-00121,1,4999,0,4999,delivered,none,0
OI-010270,ORD-006601,PROD-00025,1,739,73,666,delivered,none,0
OI-010271,ORD-006601,PROD-00127,1,3199,319,2880,delivered,none,0
OI-010272,ORD-006602,PROD-00226,1,7499,374,7125,delivered,none,0
OI-010273,ORD-006603,PROD-00174,1,7699,923,6776,delivered,none,0
OI-010274,ORD-006604,PROD-00270,1,699,83,616,delivered,none,0
OI-010275,ORD-006605,PROD-00170,1,3199,0,3199,delivered,none,0
OI-010276,ORD-006606,PROD-00256,1,15499,1549,13950,delivered,none,0
OI-010277,ORD-006607,PROD-00194,1,15999,0,15999,delivered,none,0
OI-010278,ORD-006607,PROD-00013,1,4999,0,4999,delivered,none,0
OI-010279,ORD-006607,PROD-00165,1,4099,0,4099,delivered,none,0
OI-010280,ORD-006608,PROD-00034,1,149,0,149,cancelled,none,0
OI-010281,ORD-006609,PROD-00250,1,1999,0,1999,delivered,none,0
OI-010282,ORD-006609,PROD-00270,2,749,0,1498,delivered,none,0
OI-010283,ORD-006610,PROD-00174,1,7099,354,6745,delivered,none,0
OI-010284,ORD-006611,PROD-00074,1,35499,2839,32660,delivered,none,0
OI-010285,ORD-006612,PROD-00171,1,6199,0,6199,delivered,none,0
OI-010286,ORD-006612,PROD-00111,1,999,0,999,delivered,none,0
OI-010287,ORD-006612,PROD-00174,1,7699,0,7699,delivered,none,0
OI-010288,ORD-006612,PROD-00017,1,159,0,159,delivered,none,0
OI-010289,ORD-006613,PROD-00168,1,709,35,674,delivered,none,0
OI-010290,ORD-006614,PROD-00251,1,8499,849,7650,delivered,none,0
OI-010291,ORD-006615,PROD-00229,1,129999,0,129999,delivered,none,0
OI-010292,ORD-006616,PROD-00144,1,34999,0,34999,delivered,none,0
OI-010293,ORD-006616,PROD-00214,1,24999,0,24999,delivered,none,0
OI-010294,ORD-006617,PROD-00269,1,2499,199,2300,delivered,none,0
OI-010295,ORD-006617,PROD-00168,2,709,113,1305,delivered,none,0
OI-010296,ORD-006617,PROD-00161,1,7399,591,6808,delivered,none,0
OI-010297,ORD-006618,PROD-00020,1,149,0,149,cancelled,none,176
OI-010298,ORD-006618,PROD-00165,1,3899,0,3899,cancelled,none,4601
OI-010299,ORD-006619,PROD-00008,1,4299,0,4299,delivered,none,0
OI-010300,ORD-006620,PROD-00184,1,57999,0,57999,delivered,none,0
OI-010301,ORD-006621,PROD-00243,1,133999,10719,123280,delivered,none,0
OI-010302,ORD-006622,PROD-00191,1,39999,0,39999,delivered,rejected,0
OI-010303,ORD-006623,PROD-00296,1,12499,0,12499,delivered,none,0
OI-010304,ORD-006623,PROD-00020,2,149,0,298,delivered,none,0
OI-010305,ORD-006623,PROD-00274,1,36999,0,36999,delivered,none,0
OI-010306,ORD-006624,PROD-00275,1,36499,3649,32850,delivered,none,0
OI-010307,ORD-006625,PROD-00212,1,5499,0,5499,delivered,none,0
OI-010308,ORD-006626,PROD-00077,1,34999,0,34999,delivered,none,0
OI-010309,ORD-006627,PROD-00028,1,4799,479,4320,delivered,none,0
OI-010310,ORD-006628,PROD-00123,1,16499,0,16499,delivered,none,0
OI-010311,ORD-006629,PROD-00132,1,699,0,699,delivered,none,0
OI-010312,ORD-006629,PROD-00165,1,4199,0,4199,delivered,none,0
OI-010313,ORD-006629,PROD-00203,1,24999,0,24999,delivered,none,0
OI-010314,ORD-006630,PROD-00174,1,7999,799,7200,delivered,none,0
OI-010315,ORD-006630,PROD-00270,1,699,69,630,delivered,none,0
OI-010316,ORD-006630,PROD-00099,1,949,94,855,delivered,none,0
OI-010317,ORD-006631,PROD-00174,1,7699,615,7084,delivered,none,0
OI-010318,ORD-006631,PROD-00017,1,149,11,138,delivered,none,0
OI-010319,ORD-006632,PROD-00111,1,999,119,880,cancelled,none,1038
OI-010320,ORD-006632,PROD-00262,1,11999,1439,10560,cancelled,none,12461
OI-010321,ORD-006633,PROD-00017,1,139,0,139,delivered,none,0
OI-010322,ORD-006634,PROD-00009,1,2499,0,2499,delivered,none,0
OI-010323,ORD-006634,PROD-00104,1,12499,0,12499,delivered,none,0
OI-010324,ORD-006634,PROD-00269,1,2699,0,2699,delivered,none,0
OI-010325,ORD-006635,PROD-00068,1,14499,0,14499,delivered,none,0
OI-010326,ORD-006636,PROD-00029,2,149,35,263,delivered,none,0
OI-010327,ORD-006637,PROD-00018,1,289,0,289,delivered,none,0
OI-010328,ORD-006638,PROD-00174,1,7099,354,6745,delivered,none,0
OI-010329,ORD-006639,PROD-00176,1,7099,709,6390,delivered,none,0
OI-010330,ORD-006640,PROD-00258,1,2099,104,1995,delivered,none,0
OI-010331,ORD-006641,PROD-00184,1,53499,6419,47080,returned,refunded,55554
OI-010332,ORD-006642,PROD-00017,3,149,44,403,delivered,rejected,0
OI-010333,ORD-006643,PROD-00052,1,5399,0,5399,delivered,none,0
OI-010334,ORD-006643,PROD-00166,1,6199,0,6199,delivered,none,0
OI-010335,ORD-006643,PROD-00009,1,2799,0,2799,delivered,none,0
OI-010336,ORD-006644,PROD-00029,1,149,11,138,delivered,none,0
OI-010337,ORD-006644,PROD-00161,1,6899,551,6348,delivered,none,0
OI-010338,ORD-006645,PROD-00029,1,159,0,159,delivered,none,0
OI-010339,ORD-006646,PROD-00052,1,5899,589,5310,cancelled,none,0
OI-010340,ORD-006647,PROD-00057,1,2299,0,2299,delivered,none,0
OI-010341,ORD-006648,PROD-00018,1,299,0,299,delivered,none,0
OI-010342,ORD-006649,PROD-00061,1,4299,515,3784,delivered,none,0
OI-010343,ORD-006650,PROD-00069,1,1299,0,1299,delivered,none,0
OI-010344,ORD-006651,PROD-00017,1,149,0,149,delivered,none,0
OI-010345,ORD-006652,PROD-00017,1,149,17,132,delivered,none,0
OI-010346,ORD-006652,PROD-00052,1,5599,671,4928,delivered,none,0
OI-010347,ORD-006653,PROD-00127,1,3199,0,3199,cancelled,none,3775
OI-010348,ORD-006653,PROD-00252,1,13999,0,13999,cancelled,none,16519
OI-010349,ORD-006654,PROD-00053,1,5799,0,5799,delivered,none,0
OI-010350,ORD-006654,PROD-00132,3,649,0,1947,delivered,none,0
OI-010351,ORD-006654,PROD-00052,1,5899,0,5899,delivered,none,0
OI-010352,ORD-006655,PROD-00300,1,9499,0,9499,delivered,none,0
OI-010353,ORD-006656,PROD-00264,1,22999,0,22999,delivered,none,0
OI-010354,ORD-006656,PROD-00017,1,139,0,139,delivered,none,0
OI-010355,ORD-006656,PROD-00123,1,15999,0,15999,delivered,none,0
OI-010356,ORD-006657,PROD-00174,1,8299,0,8299,delivered,none,0
OI-010357,ORD-006658,PROD-00017,1,139,16,123,delivered,none,0
OI-010358,ORD-006659,PROD-00174,1,7999,0,7999,delivered,none,0
OI-010359,ORD-006660,PROD-00251,1,8499,0,8499,delivered,none,0
OI-010360,ORD-006661,PROD-00032,1,149,11,138,delivered,none,0
OI-010361,ORD-006662,PROD-00053,1,5799,0,5799,delivered,none,0
OI-010362,ORD-006663,PROD-00203,1,25499,3059,22440,delivered,none,0
OI-010363,ORD-006664,PROD-00017,1,149,7,142,delivered,none,0
OI-010364,ORD-006664,PROD-00002,1,3499,174,3325,delivered,none,0
OI-010365,ORD-006665,PROD-00017,1,149,0,149,returned,refunded,176
OI-010366,ORD-006666,PROD-00270,1,749,0,749,delivered,none,0
OI-010367,ORD-006666,PROD-00002,1,3499,0,3499,delivered,none,0
OI-010368,ORD-006667,PROD-00174,1,7999,639,7360,delivered,none,0
OI-010369,ORD-006668,PROD-00197,1,6399,511,5888,returned,refunded,6948
OI-010370,ORD-006669,PROD-00080,1,4299,214,4085,delivered,rejected,0
OI-010371,ORD-006670,PROD-00232,1,126499,0,126499,delivered,none,0
OI-010372,ORD-006671,PROD-00001,1,5199,0,5199,delivered,none,0
OI-010373,ORD-006672,PROD-00161,1,7099,851,6248,returned,refunded,7373
OI-010374,ORD-006672,PROD-00169,1,2799,335,2464,delivered,none,0
OI-010375,ORD-006673,PROD-00020,1,149,0,149,delivered,none,0
OI-010376,ORD-006673,PROD-00003,1,1499,0,1499,delivered,none,0
OI-010377,ORD-006674,PROD-00132,1,649,0,649,delivered,none,0
OI-010378,ORD-006675,PROD-00034,1,159,0,159,returned,refunded,188
OI-010379,ORD-006676,PROD-00251,1,8499,0,8499,delivered,none,0
OI-010380,ORD-006676,PROD-00061,1,4299,0,4299,delivered,none,0
OI-010381,ORD-006677,PROD-00251,1,8499,1019,7480,delivered,none,0
OI-010382,ORD-006678,PROD-00224,1,140499,0,140499,delivered,none,0
OI-010383,ORD-006679,PROD-00161,1,6899,0,6899,delivered,none,0
OI-010384,ORD-006680,PROD-00264,1,22999,2759,20240,delivered,none,0
OI-010385,ORD-006681,PROD-00077,1,37999,3799,34200,delivered,none,0
OI-010386,ORD-006682,PROD-00167,1,2699,0,2699,delivered,none,0
OI-010387,ORD-006683,PROD-00076,1,17499,0,17499,delivered,none,0
OI-010388,ORD-006684,PROD-00072,1,6799,0,6799,delivered,none,0
OI-010389,ORD-006684,PROD-00174,1,7099,0,7099,delivered,none,0
OI-010390,ORD-006685,PROD-00017,1,149,17,132,delivered,none,0
OI-010391,ORD-006686,PROD-00007,1,169,16,153,delivered,none,0
OI-010392,ORD-006687,PROD-00161,1,6899,0,6899,delivered,none,0
OI-010393,ORD-006687,PROD-00057,1,2399,0,2399,delivered,none,0
OI-010394,ORD-006687,PROD-00099,1,999,0,999,delivered,none,0
OI-010395,ORD-006688,PROD-00215,1,76499,0,76499,delivered,none,0
OI-010396,ORD-006689,PROD-00007,1,169,8,161,delivered,none,0
OI-010397,ORD-006690,PROD-00169,3,2799,0,8397,returned,refunded,9908
OI-010398,ORD-006691,PROD-00127,1,3199,255,2944,delivered,none,0
OI-010399,ORD-006692,PROD-00031,2,239,0,478,delivered,none,0
OI-010400,ORD-006693,PROD-00176,1,7399,887,6512,delivered,none,0
OI-010401,ORD-006693,PROD-00013,1,4999,599,4400,delivered,none,0
OI-010402,ORD-006693,PROD-00127,1,3199,383,2816,delivered,none,0
OI-010403,ORD-006693,PROD-00005,1,5799,695,5104,delivered,none,0
OI-010404,ORD-006694,PROD-00168,1,709,0,709,delivered,none,0
OI-010405,ORD-006695,PROD-00108,1,8199,819,7380,delivered,none,0
OI-010406,ORD-006696,PROD-00017,1,149,14,135,delivered,none,0
OI-010407,ORD-006696,PROD-00013,1,4699,469,4230,delivered,none,0
OI-010408,ORD-006696,PROD-00127,1,3199,319,2880,delivered,none,0
OI-010409,ORD-006697,PROD-00115,1,1999,0,1999,delivered,none,0
OI-010410,ORD-006697,PROD-00052,1,6099,0,6099,delivered,none,0
OI-010411,ORD-006698,PROD-00017,1,149,0,149,shipped,none,0
OI-010412,ORD-006698,PROD-00057,1,2599,0,2599,shipped,none,0
OI-010413,ORD-006699,PROD-00127,1,3299,0,3299,delivered,none,0
OI-010414,ORD-006700,PROD-00029,2,149,0,298,delivered,none,0
OI-010415,ORD-006701,PROD-00127,2,2999,599,5399,delivered,none,0
OI-010416,ORD-006701,PROD-00199,1,1099,109,990,delivered,none,0
OI-010417,ORD-006701,PROD-00117,1,1999,199,1800,delivered,none,0
OI-010418,ORD-006702,PROD-00174,1,7699,923,6776,delivered,none,0
OI-010419,ORD-006702,PROD-00055,1,15499,1859,13640,delivered,none,0
OI-010420,ORD-006703,PROD-00174,1,7699,615,7084,delivered,none,0
OI-010421,ORD-006703,PROD-00142,1,174999,13999,161000,delivered,none,0
OI-010422,ORD-006704,PROD-00017,1,159,0,159,delivered,none,0
OI-010423,ORD-006705,PROD-00024,1,1199,119,1080,delivered,none,0
OI-010424,ORD-006706,PROD-00017,2,159,0,318,delivered,none,0
OI-010425,ORD-006707,PROD-00174,1,8299,0,8299,delivered,none,0
OI-010426,ORD-006708,PROD-00269,1,2499,0,2499,delivered,none,0
OI-010427,ORD-006708,PROD-00254,1,1799,0,1799,delivered,none,0
OI-010428,ORD-006709,PROD-00161,1,6899,689,6210,delivered,none,0
OI-010429,ORD-006709,PROD-00262,1,11999,1199,10800,delivered,none,0
OI-010430,ORD-006709,PROD-00054,1,6999,699,6300,delivered,none,0
OI-010431,ORD-006710,PROD-00170,1,3199,383,2816,delivered,none,0
OI-010432,ORD-006711,PROD-00170,1,3199,0,3199,delivered,none,0
OI-010433,ORD-006712,PROD-00054,1,7199,0,7199,delivered,none,0
OI-010434,ORD-006713,PROD-00008,1,4099,0,4099,delivered,none,0
OI-010435,ORD-006713,PROD-00174,1,7299,0,7299,delivered,none,0
OI-010436,ORD-006714,PROD-00265,1,10999,0,10999,returned,refunded,12979
OI-010437,ORD-006714,PROD-00017,1,149,0,149,returned,refunded,176
OI-010438,ORD-006715,PROD-00174,1,7899,0,7899,delivered,none,0
OI-010439,ORD-006715,PROD-00126,1,13499,0,13499,delivered,none,0
OI-010440,ORD-006716,PROD-00161,1,7199,0,7199,returned,refunded,8495
OI-010441,ORD-006717,PROD-00132,2,649,103,1195,delivered,none,0
OI-010442,ORD-006718,PROD-00017,1,149,11,138,delivered,none,0
OI-010443,ORD-006719,PROD-00025,1,739,0,739,delivered,none,0
OI-010444,ORD-006719,PROD-00168,1,709,0,709,delivered,none,0
OI-010445,ORD-006720,PROD-00250,1,1999,199,1800,delivered,none,0
OI-010446,ORD-006720,PROD-00112,1,4899,489,4410,delivered,none,0
OI-010447,ORD-006720,PROD-00168,1,709,70,639,delivered,none,0
OI-010448,ORD-006721,PROD-00028,1,4799,0,4799,delivered,none,0
OI-010449,ORD-006722,PROD-00017,1,149,17,132,delivered,none,0
OI-010450,ORD-006722,PROD-00270,1,729,87,642,delivered,none,0
OI-010451,ORD-006723,PROD-00248,1,4799,575,4224,delivered,none,0
OI-010452,ORD-006724,PROD-00053,1,5799,289,5510,delivered,none,0
OI-010453,ORD-006725,PROD-00206,1,26499,0,26499,delivered,none,0
OI-010454,ORD-006726,PROD-00275,1,36499,1824,34675,delivered,none,0
OI-010455,ORD-006727,PROD-00171,1,6199,0,6199,delivered,none,0
OI-010456,ORD-006728,PROD-00077,1,34999,4199,30800,delivered,none,0
OI-010457,ORD-006728,PROD-00174,1,7699,923,6776,delivered,none,0
OI-010458,ORD-006729,PROD-00264,1,23499,2349,21150,delivered,none,0
OI-010459,ORD-006729,PROD-00034,1,139,13,126,delivered,none,0
OI-010460,ORD-006730,PROD-00029,2,149,0,298,delivered,none,0
OI-010461,ORD-006730,PROD-00159,1,2099,0,2099,delivered,none,0
OI-010462,ORD-006731,PROD-00161,2,6299,0,12598,delivered,none,0
OI-010463,ORD-006731,PROD-00087,1,8099,0,8099,delivered,none,0
OI-010464,ORD-006732,PROD-00168,1,709,0,709,delivered,none,0
OI-010465,ORD-006733,PROD-00276,2,26499,2649,50349,returned,refunded,59412
OI-010466,ORD-006733,PROD-00001,1,5199,259,4940,delivered,none,0
OI-010467,ORD-006734,PROD-00188,1,74999,3749,71250,delivered,none,0
OI-010468,ORD-006734,PROD-00174,1,7999,399,7600,delivered,none,0
OI-010469,ORD-006734,PROD-00025,1,769,38,731,delivered,none,0
OI-010470,ORD-006735,PROD-00168,1,649,0,649,delivered,none,0
OI-010471,ORD-006736,PROD-00020,1,159,19,140,delivered,none,0
OI-010472,ORD-006737,PROD-00250,1,2099,104,1995,delivered,none,0
OI-010473,ORD-006737,PROD-00161,1,7199,359,6840,delivered,none,0
OI-010474,ORD-006738,PROD-00116,1,30499,1524,28975,delivered,none,0
OI-010475,ORD-006739,PROD-00174,1,7899,0,7899,delivered,none,0
OI-010476,ORD-006740,PROD-00070,1,499,24,475,delivered,none,0
OI-010477,ORD-006741,PROD-00127,1,3499,0,3499,delivered,none,0
OI-010478,ORD-006741,PROD-00174,1,7699,0,7699,delivered,none,0
OI-010479,ORD-006741,PROD-00052,1,6399,0,6399,delivered,none,0
OI-010480,ORD-006742,PROD-00174,1,7699,923,6776,delivered,none,0
OI-010481,ORD-006742,PROD-00127,1,3199,383,2816,delivered,none,0
OI-010482,ORD-006743,PROD-00104,1,13499,0,13499,cancelled,none,15929
OI-010483,ORD-006743,PROD-00120,1,6499,0,6499,cancelled,none,7669
OI-010484,ORD-006744,PROD-00087,1,7499,0,7499,delivered,none,0
OI-010485,ORD-006745,PROD-00254,1,1899,227,1672,delivered,none,0
OI-010486,ORD-006746,PROD-00161,1,6599,0,6599,delivered,none,0
OI-010487,ORD-006746,PROD-00052,1,6399,0,6399,delivered,none,0
OI-010488,ORD-006746,PROD-00091,1,899,0,899,delivered,none,0
OI-010489,ORD-006747,PROD-00104,1,12499,1499,11000,returned,refunded,12980
OI-010490,ORD-006747,PROD-00169,1,2799,335,2464,delivered,none,0
OI-010491,ORD-006747,PROD-00017,1,139,16,123,delivered,none,0
OI-010492,ORD-006748,PROD-00168,1,709,56,653,delivered,none,0
OI-010493,ORD-006749,PROD-00025,1,739,0,739,delivered,none,0
OI-010494,ORD-006750,PROD-00219,1,59999,4799,55200,delivered,none,0
OI-010495,ORD-006751,PROD-00101,1,3299,0,3299,delivered,none,0
OI-010496,ORD-006751,PROD-00007,1,169,0,169,delivered,none,0
OI-010497,ORD-006751,PROD-00232,1,116999,0,116999,delivered,none,0
OI-010498,ORD-006751,PROD-00029,1,149,0,149,delivered,none,0
OI-010499,ORD-006752,PROD-00174,1,7699,0,7699,delivered,none,0
OI-010500,ORD-006753,PROD-00119,1,9999,0,9999,delivered,none,0
OI-010501,ORD-006754,PROD-00269,1,2699,0,2699,cancelled,none,3185
OI-010502,ORD-006754,PROD-00017,1,149,0,149,cancelled,none,176
OI-010503,ORD-006755,PROD-00010,1,5499,439,5060,delivered,none,0
OI-010504,ORD-006756,PROD-00070,1,469,37,432,delivered,none,0
OI-010505,ORD-006757,PROD-00264,1,22999,0,22999,cancelled,none,0
OI-010506,ORD-006758,PROD-00174,1,7699,615,7084,delivered,none,0
OI-010507,ORD-006758,PROD-00265,1,10999,879,10120,delivered,none,0
OI-010508,ORD-006759,PROD-00067,1,5399,269,5130,delivered,none,0
OI-010509,ORD-006760,PROD-00130,1,13499,0,13499,delivered,none,0
OI-010510,ORD-006760,PROD-00273,1,1099,0,1099,delivered,none,0
OI-010511,ORD-006761,PROD-00204,1,27499,0,27499,delivered,none,0
OI-010512,ORD-006762,PROD-00269,1,2499,0,2499,delivered,none,0
OI-010513,ORD-006763,PROD-00017,2,149,0,298,delivered,none,0
OI-010514,ORD-006764,PROD-00174,1,7299,0,7299,delivered,none,0
OI-010515,ORD-006764,PROD-00072,1,6799,0,6799,delivered,none,0
OI-010516,ORD-006765,PROD-00028,1,4799,383,4416,delivered,none,0
OI-010517,ORD-006765,PROD-00159,1,1999,159,1840,delivered,none,0
OI-010518,ORD-006766,PROD-00111,1,999,0,999,delivered,none,0
OI-010519,ORD-006766,PROD-00264,2,22999,0,45998,delivered,none,0
OI-010520,ORD-006766,PROD-00072,1,6799,0,6799,delivered,none,0
OI-010521,ORD-006767,PROD-00020,1,149,0,149,cancelled,none,0
OI-010522,ORD-006768,PROD-00067,1,5399,431,4968,delivered,none,0
OI-010523,ORD-006769,PROD-00264,1,23999,1919,22080,cancelled,none,26054
OI-010524,ORD-006769,PROD-00070,2,539,86,992,cancelled,none,1171
OI-010525,ORD-006769,PROD-00171,1,6699,535,6164,cancelled,none,7274
OI-010526,ORD-006770,PROD-00029,1,149,14,135,delivered,none,0
OI-010527,ORD-006771,PROD-00120,1,5999,299,5700,cancelled,none,6726
OI-010528,ORD-006772,PROD-00018,1,289,28,261,returned,refunded,308
OI-010529,ORD-006773,PROD-00176,1,7099,709,6390,delivered,none,0
OI-010530,ORD-006773,PROD-00222,1,109499,10949,98550,delivered,none,0
OI-010531,ORD-006773,PROD-00059,2,539,107,971,delivered,none,0
OI-010532,ORD-006774,PROD-00189,1,86999,0,86999,delivered,none,0
OI-010533,ORD-006774,PROD-00174,1,8299,0,8299,delivered,none,0
OI-010534,ORD-006775,PROD-00259,1,8699,0,8699,delivered,none,0
OI-010535,ORD-006775,PROD-00127,1,3199,0,3199,delivered,none,0
OI-010536,ORD-006775,PROD-00050,1,859,0,859,delivered,none,0
OI-010537,ORD-006776,PROD-00034,1,149,11,138,delivered,none,0
OI-010538,ORD-006777,PROD-00159,2,2099,0,4198,delivered,none,0
OI-010539,ORD-006778,PROD-00029,1,149,7,142,delivered,none,0
OI-010540,ORD-006779,PROD-00148,1,75999,7599,68400,delivered,none,0
OI-010541,ORD-006780,PROD-00111,1,999,0,999,cancelled,none,0
OI-010542,ORD-006781,PROD-00120,1,6799,815,5984,cancelled,none,7061
OI-010543,ORD-006782,PROD-00169,1,2599,0,2599,delivered,none,0
OI-010544,ORD-006783,PROD-00127,1,3299,0,3299,delivered,none,0
OI-010545,ORD-006784,PROD-00269,1,2699,0,2699,delivered,none,0
OI-010546,ORD-006785,PROD-00127,1,3199,0,3199,delivered,none,0
OI-010547,ORD-006786,PROD-00174,1,7899,0,7899,delivered,none,0
OI-010548,ORD-006787,PROD-00056,1,3699,0,3699,delivered,none,0
OI-010549,ORD-006787,PROD-00147,1,28999,0,28999,delivered,none,0
OI-010550,ORD-006788,PROD-00269,1,2499,124,2375,delivered,none,0
OI-010551,ORD-006788,PROD-00017,1,149,7,142,delivered,none,0
OI-010552,ORD-006788,PROD-00008,1,4299,214,4085,delivered,none,0
OI-010553,ORD-006789,PROD-00029,1,149,17,132,delivered,none,0
OI-010554,ORD-006790,PROD-00103,1,14499,1159,13340,returned,refunded,15741
OI-010555,ORD-006791,PROD-00063,1,8599,859,7740,delivered,none,0
OI-010556,ORD-006792,PROD-00068,1,13999,1119,12880,delivered,none,0
OI-010557,ORD-006793,PROD-00050,1,859,42,817,delivered,none,0
OI-010558,ORD-006794,PROD-00029,3,139,0,417,delivered,none,0
OI-010559,ORD-006794,PROD-00057,1,2299,0,2299,delivered,none,0
OI-010560,ORD-006795,PROD-00170,1,3199,0,3199,delivered,none,0
OI-010561,ORD-006795,PROD-00176,2,7099,0,14198,delivered,none,0
OI-010562,ORD-006795,PROD-00161,1,6899,0,6899,delivered,none,0
OI-010563,ORD-006796,PROD-00086,1,56499,0,56499,delivered,none,0
OI-010564,ORD-006797,PROD-00029,1,149,0,149,returned,refunded,176
OI-010565,ORD-006797,PROD-00174,1,7699,0,7699,delivered,none,0
OI-010566,ORD-006798,PROD-00174,1,8299,663,7636,delivered,none,0
OI-010567,ORD-006799,PROD-00174,1,7699,0,7699,delivered,none,0
OI-010568,ORD-006799,PROD-00259,1,8699,0,8699,delivered,none,0
OI-010569,ORD-006800,PROD-00174,1,8299,0,8299,delivered,none,0
OI-010570,ORD-006801,PROD-00026,1,4299,0,4299,delivered,none,0
OI-010571,ORD-006802,PROD-00069,1,1399,0,1399,delivered,none,0
OI-010572,ORD-006803,PROD-00127,1,3199,255,2944,delivered,none,0
OI-010573,ORD-006804,PROD-00161,1,6899,689,6210,delivered,none,0
OI-010574,ORD-006805,PROD-00287,1,35499,0,35499,delivered,none,0
OI-010575,ORD-006806,PROD-00029,1,149,7,142,delivered,none,0
OI-010576,ORD-006806,PROD-00101,1,3299,164,3135,delivered,none,0
OI-010577,ORD-006807,PROD-00176,1,7399,591,6808,delivered,none,0
OI-010578,ORD-006808,PROD-00185,1,7299,0,7299,delivered,none,0
OI-010579,ORD-006809,PROD-00270,1,659,65,594,delivered,none,0
OI-010580,ORD-006809,PROD-00057,1,2499,249,2250,delivered,none,0
OI-010581,ORD-006809,PROD-00174,1,7699,769,6930,delivered,none,0
OI-010582,ORD-006810,PROD-00176,1,7399,0,7399,delivered,none,0
OI-010583,ORD-006810,PROD-00003,1,1399,0,1399,delivered,none,0
OI-010584,ORD-006810,PROD-00269,1,2499,0,2499,delivered,none,0
OI-010585,ORD-006811,PROD-00022,1,1399,0,1399,delivered,none,0
OI-010586,ORD-006812,PROD-00132,1,649,32,617,delivered,none,0
OI-010587,ORD-006812,PROD-00020,1,149,7,142,delivered,none,0
OI-010588,ORD-006813,PROD-00126,1,13999,0,13999,delivered,none,0
OI-010589,ORD-006814,PROD-00174,1,7699,0,7699,delivered,none,0
OI-010590,ORD-006814,PROD-00068,1,14499,0,14499,delivered,none,0
OI-010591,ORD-006814,PROD-00020,1,149,0,149,delivered,none,0
OI-010592,ORD-006815,PROD-00029,1,139,0,139,cancelled,none,164
OI-010593,ORD-006816,PROD-00265,1,11499,919,10580,delivered,none,0
OI-010594,ORD-006817,PROD-00007,1,159,15,144,delivered,rejected,0
OI-010595,ORD-006817,PROD-00255,1,1399,139,1260,delivered,none,0
OI-010596,ORD-006818,PROD-00111,1,949,0,949,delivered,rejected,0
OI-010597,ORD-006819,PROD-00017,1,149,0,149,delivered,none,0
OI-010598,ORD-006820,PROD-00087,1,6899,689,6210,delivered,none,0
OI-010599,ORD-006820,PROD-00269,1,2499,249,2250,delivered,none,0
OI-010600,ORD-006820,PROD-00151,1,25999,2599,23400,delivered,none,0
OI-010601,ORD-006821,PROD-00161,1,6899,0,6899,delivered,none,0
OI-010602,ORD-006822,PROD-00012,1,149,0,149,delivered,none,0
OI-010603,ORD-006822,PROD-00051,1,6099,0,6099,delivered,none,0
OI-010604,ORD-006823,PROD-00013,1,4999,399,4600,delivered,none,0
OI-010605,ORD-006823,PROD-00176,1,7099,567,6532,delivered,none,0
OI-010606,ORD-006824,PROD-00008,1,4299,429,3870,delivered,none,0
OI-010607,ORD-006825,PROD-00120,1,6499,0,6499,delivered,none,0
OI-010608,ORD-006825,PROD-00020,1,149,0,149,delivered,none,0
OI-010609,ORD-006825,PROD-00171,1,6899,0,6899,delivered,none,0
OI-010610,ORD-006826,PROD-00017,1,149,7,142,delivered,none,0
OI-010611,ORD-006827,PROD-00197,2,6999,0,13998,delivered,none,0
OI-010612,ORD-006827,PROD-00127,1,3199,0,3199,delivered,none,0
OI-010613,ORD-006827,PROD-00020,1,149,0,149,delivered,none,0
OI-010614,ORD-006828,PROD-00182,1,56999,4559,52440,delivered,none,0
OI-010615,ORD-006828,PROD-00130,1,12499,999,11500,delivered,none,0
OI-010616,ORD-006828,PROD-00161,1,6899,551,6348,delivered,none,0
OI-010617,ORD-006829,PROD-00240,1,7999,0,7999,delivered,none,0
OI-010618,ORD-006829,PROD-00057,1,2499,0,2499,delivered,none,0
OI-010619,ORD-006830,PROD-00014,1,959,0,959,delivered,none,0
OI-010620,ORD-006831,PROD-00225,1,17999,2159,15840,delivered,none,0
OI-010621,ORD-006832,PROD-00114,1,919,0,919,delivered,none,0
OI-010622,ORD-006833,PROD-00217,1,11499,919,10580,delivered,none,0
OI-010623,ORD-006833,PROD-00169,1,2899,231,2668,delivered,none,0
OI-010624,ORD-006834,PROD-00251,1,9199,0,9199,cancelled,none,10855
OI-010625,ORD-006834,PROD-00004,1,2399,0,2399,cancelled,none,2831
OI-010626,ORD-006834,PROD-00168,1,709,0,709,cancelled,none,837
OI-010627,ORD-006835,PROD-00065,1,3599,0,3599,delivered,none,0
OI-010628,ORD-006835,PROD-00168,2,729,0,1458,delivered,none,0
OI-010629,ORD-006836,PROD-00251,1,9199,919,8280,cancelled,none,9770
OI-010630,ORD-006837,PROD-00174,1,7699,769,6930,delivered,none,0
OI-010631,ORD-006837,PROD-00080,1,4899,489,4410,delivered,none,0
OI-010632,ORD-006837,PROD-00225,1,19999,1999,18000,delivered,none,0
OI-010633,ORD-006837,PROD-00017,1,149,14,135,delivered,none,0
OI-010634,ORD-006837,PROD-00019,1,2799,279,2520,delivered,none,0
OI-010635,ORD-006838,PROD-00028,1,4799,479,4320,delivered,none,0
OI-010636,ORD-006839,PROD-00262,1,11999,1439,10560,delivered,none,0
OI-010637,ORD-006840,PROD-00176,1,7299,729,6570,delivered,none,0
OI-010638,ORD-006841,PROD-00245,1,19499,974,18525,delivered,rejected,0
OI-010639,ORD-006841,PROD-00264,1,24999,1249,23750,delivered,none,0
OI-010640,ORD-006842,PROD-00029,1,149,0,149,delivered,none,0
OI-010641,ORD-006843,PROD-00009,1,2599,0,2599,delivered,none,0
OI-010642,ORD-006844,PROD-00017,1,149,7,142,cancelled,none,0
OI-010643,ORD-006845,PROD-00174,1,7699,0,7699,delivered,none,0
OI-010644,ORD-006845,PROD-00072,1,6799,0,6799,delivered,none,0
OI-010645,ORD-006846,PROD-00127,1,3199,0,3199,delivered,none,0
OI-010646,ORD-006846,PROD-00070,1,499,0,499,delivered,none,0
OI-010647,ORD-006846,PROD-00021,1,3999,0,3999,delivered,none,0
OI-010648,ORD-006847,PROD-00020,1,139,0,139,delivered,none,0
OI-010649,ORD-006847,PROD-00024,1,1399,0,1399,delivered,none,0
OI-010650,ORD-006847,PROD-00174,1,7699,0,7699,delivered,none,0
OI-010651,ORD-006847,PROD-00296,1,11499,0,11499,delivered,none,0
OI-010652,ORD-006848,PROD-00080,1,4099,0,4099,delivered,none,0
OI-010653,ORD-006848,PROD-00264,1,22999,0,22999,delivered,none,0
OI-010654,ORD-006848,PROD-00168,1,669,0,669,delivered,none,0
OI-010655,ORD-006849,PROD-00014,1,909,0,909,delivered,none,0
OI-010656,ORD-006850,PROD-00271,1,12499,1249,11250,delivered,none,0
OI-010657,ORD-006851,PROD-00161,1,6899,0,6899,delivered,none,0
OI-010658,ORD-006852,PROD-00161,1,6899,827,6072,delivered,none,0
OI-010659,ORD-006852,PROD-00132,1,619,74,545,delivered,none,0
OI-010660,ORD-006853,PROD-00064,1,1899,0,1899,cancelled,none,0
OI-010661,ORD-006853,PROD-00027,1,159,0,159,cancelled,none,0
OI-010662,ORD-006853,PROD-00017,2,149,0,298,cancelled,none,0
OI-010663,ORD-006853,PROD-00251,1,9199,0,9199,cancelled,none,0
OI-010664,ORD-006853,PROD-00174,1,7899,0,7899,cancelled,none,0
OI-010665,ORD-006854,PROD-00255,1,1399,69,1330,delivered,none,0
OI-010666,ORD-006855,PROD-00101,1,3399,0,3399,cancelled,none,4011
OI-010667,ORD-006856,PROD-00174,1,7699,0,7699,delivered,none,0
OI-010668,ORD-006857,PROD-00070,2,499,79,919,delivered,none,0
OI-010669,ORD-006858,PROD-00019,1,2899,347,2552,delivered,none,0
OI-010670,ORD-006859,PROD-00175,1,789,39,750,delivered,none,0
OI-010671,ORD-006860,PROD-00120,2,6199,0,12398,delivered,none,0
OI-010672,ORD-006860,PROD-00174,1,7699,0,7699,delivered,none,0
OI-010673,ORD-006861,PROD-00019,1,2899,0,2899,delivered,none,0
OI-010674,ORD-006861,PROD-00117,1,1899,0,1899,delivered,none,0
OI-010675,ORD-006861,PROD-00032,1,149,0,149,delivered,none,0
OI-010676,ORD-006861,PROD-00168,1,709,0,709,delivered,none,0
OI-010677,ORD-006862,PROD-00174,1,7699,615,7084,delivered,none,0
OI-010678,ORD-006863,PROD-00161,1,6899,0,6899,delivered,none,0
OI-010679,ORD-006863,PROD-00174,1,8299,0,8299,delivered,none,0
OI-010680,ORD-006864,PROD-00080,1,4699,234,4465,returned,refunded,5269
OI-010681,ORD-006864,PROD-00002,1,3199,159,3040,returned,refunded,3587
OI-010682,ORD-006864,PROD-00174,1,8299,414,7885,returned,refunded,9304
OI-010683,ORD-006865,PROD-00072,1,6299,755,5544,delivered,none,0
OI-010684,ORD-006865,PROD-00063,1,8299,995,7304,delivered,none,0
OI-010685,ORD-006865,PROD-00174,1,7099,851,6248,delivered,none,0
OI-010686,ORD-006866,PROD-00168,1,709,0,709,delivered,none,0
OI-010687,ORD-006867,PROD-00164,1,5599,0,5599,delivered,none,0
OI-010688,ORD-006868,PROD-00251,1,8499,0,8499,delivered,none,0
OI-010689,ORD-006869,PROD-00017,1,149,7,142,delivered,none,0
OI-010690,ORD-006870,PROD-00167,1,2799,139,2660,delivered,none,0
OI-010691,ORD-006870,PROD-00055,1,15999,799,15200,delivered,none,0
OI-010692,ORD-006870,PROD-00098,1,21999,1099,20900,delivered,none,0
OI-010693,ORD-006871,PROD-00269,1,2299,0,2299,returned,refunded,2713
OI-010694,ORD-006872,PROD-00089,1,20499,1024,19475,delivered,none,0
OI-010695,ORD-006872,PROD-00026,1,4299,214,4085,delivered,none,0
OI-010696,ORD-006872,PROD-00161,1,6899,344,6555,delivered,none,0
OI-010697,ORD-006873,PROD-00029,1,149,11,138,delivered,none,0
OI-010698,ORD-006873,PROD-00114,1,999,79,920,returned,refunded,1086
OI-010699,ORD-006873,PROD-00095,1,14999,1199,13800,returned,refunded,16284
OI-010700,ORD-006874,PROD-00188,1,70999,3549,67450,returned,refunded,77091
OI-010701,ORD-006875,PROD-00168,1,649,0,649,delivered,none,0
OI-010702,ORD-006876,PROD-00018,1,289,0,289,delivered,none,0
OI-010703,ORD-006877,PROD-00263,1,10999,0,10999,delivered,none,0
OI-010704,ORD-006878,PROD-00032,1,159,0,159,delivered,none,0
OI-010705,ORD-006878,PROD-00026,1,4299,0,4299,delivered,none,0
OI-010706,ORD-006878,PROD-00018,1,289,0,289,delivered,none,0
OI-010707,ORD-006879,PROD-00055,1,15499,0,15499,delivered,none,0
OI-010708,ORD-006879,PROD-00125,1,519,0,519,delivered,none,0
OI-010709,ORD-006879,PROD-00052,1,6099,0,6099,delivered,none,0
OI-010710,ORD-006880,PROD-00052,1,6399,767,5632,delivered,none,0
OI-010711,ORD-006880,PROD-00255,1,1399,167,1232,delivered,none,0
OI-010712,ORD-006881,PROD-00124,1,1499,0,1499,delivered,none,0
OI-010713,ORD-006882,PROD-00127,1,2899,0,2899,delivered,none,0
OI-010714,ORD-006883,PROD-00174,1,7099,851,6248,delivered,none,0
OI-010715,ORD-006884,PROD-00264,1,23999,1919,22080,delivered,none,0
OI-010716,ORD-006884,PROD-00127,2,3499,559,6439,delivered,none,0
OI-010717,ORD-006884,PROD-00017,1,149,11,138,delivered,none,0
OI-010718,ORD-006885,PROD-00045,1,22999,1149,21850,delivered,rejected,0
OI-010719,ORD-006886,PROD-00127,1,3299,0,3299,delivered,none,0
OI-010720,ORD-006886,PROD-00111,1,999,0,999,delivered,none,0
OI-010721,ORD-006886,PROD-00061,1,4499,0,4499,delivered,none,0
OI-010722,ORD-006887,PROD-00133,1,499,59,440,delivered,none,0
OI-010723,ORD-006887,PROD-00161,1,6599,791,5808,delivered,none,0
OI-010724,ORD-006887,PROD-00270,1,639,76,563,delivered,none,0
OI-010725,ORD-006888,PROD-00171,1,6699,334,6365,delivered,none,0
OI-010726,ORD-006888,PROD-00118,1,579,28,551,delivered,none,0
OI-010727,ORD-006889,PROD-00022,1,1399,69,1330,delivered,none,0
OI-010728,ORD-006890,PROD-00257,1,7099,0,7099,delivered,none,0
OI-010729,ORD-006890,PROD-00245,1,19499,0,19499,delivered,none,0
OI-010730,ORD-006891,PROD-00269,1,2599,0,2599,delivered,none,0
OI-010731,ORD-006891,PROD-00017,3,149,0,447,delivered,none,0
OI-010732,ORD-006892,PROD-00174,1,7099,567,6532,delivered,none,0
OI-010733,ORD-006893,PROD-00108,1,7999,959,7040,delivered,none,0
OI-010734,ORD-006894,PROD-00215,1,76499,0,76499,delivered,none,0
OI-010735,ORD-006894,PROD-00017,1,149,0,149,delivered,none,0
OI-010736,ORD-006894,PROD-00020,1,149,0,149,delivered,none,0
OI-010737,ORD-006894,PROD-00264,1,22999,0,22999,delivered,none,0
OI-010738,ORD-006895,PROD-00060,1,10999,1319,9680,delivered,none,0
OI-010739,ORD-006896,PROD-00057,1,2499,0,2499,delivered,none,0
OI-010740,ORD-006896,PROD-00123,1,15999,0,15999,delivered,none,0
OI-010741,ORD-006896,PROD-00032,1,149,0,149,delivered,none,0
OI-010742,ORD-006897,PROD-00009,1,2499,124,2375,delivered,none,0
OI-010743,ORD-006898,PROD-00032,1,149,17,132,delivered,none,0
OI-010744,ORD-006898,PROD-00118,1,579,69,510,delivered,none,0
OI-010745,ORD-006899,PROD-00003,3,1399,0,4197,delivered,none,0
OI-010746,ORD-006899,PROD-00132,1,699,0,699,delivered,none,0
OI-010747,ORD-006900,PROD-00020,3,149,0,447,delivered,none,0
OI-010748,ORD-006901,PROD-00174,1,7999,0,7999,delivered,none,0
OI-010749,ORD-006902,PROD-00013,1,4999,0,4999,delivered,none,0
OI-010750,ORD-006902,PROD-00111,1,999,0,999,returned,refunded,1179
OI-010751,ORD-006903,PROD-00032,1,149,0,149,delivered,none,0
OI-010752,ORD-006904,PROD-00025,1,739,88,651,delivered,none,0
OI-010753,ORD-006905,PROD-00025,1,739,59,680,delivered,none,0
OI-010754,ORD-006906,PROD-00007,1,169,20,149,delivered,none,0
OI-010755,ORD-006906,PROD-00174,2,7699,1847,13551,delivered,none,0
OI-010756,ORD-006907,PROD-00161,1,6299,0,6299,delivered,none,0
OI-010757,ORD-006907,PROD-00069,1,1299,0,1299,delivered,none,0
OI-010758,ORD-006907,PROD-00111,1,999,0,999,delivered,none,0
OI-010759,ORD-006907,PROD-00056,1,3599,0,3599,delivered,none,0
OI-010760,ORD-006907,PROD-00122,1,2499,0,2499,delivered,none,0
OI-010761,ORD-006908,PROD-00251,1,7799,0,7799,delivered,none,0
OI-010762,ORD-006908,PROD-00011,1,279,0,279,delivered,received,0
OI-010763,ORD-006909,PROD-00022,3,1399,503,3694,delivered,none,0
OI-010764,ORD-006909,PROD-00144,1,31499,3779,27720,delivered,none,0
OI-010765,ORD-006909,PROD-00229,1,129999,15599,114400,delivered,none,0
OI-010766,ORD-006910,PROD-00069,1,1399,0,1399,delivered,none,0
OI-010767,ORD-006911,PROD-00095,1,15499,0,15499,delivered,none,0
OI-010768,ORD-006912,PROD-00127,1,3299,329,2970,delivered,none,0
OI-010769,ORD-006913,PROD-00161,1,6899,689,6210,delivered,none,0
OI-010770,ORD-006913,PROD-00005,2,5799,1159,10439,delivered,none,0
OI-010771,ORD-006914,PROD-00033,1,6399,0,6399,delivered,none,0
OI-010772,ORD-006915,PROD-00296,1,11999,0,11999,delivered,none,0
OI-010773,ORD-006915,PROD-00033,1,6899,0,6899,delivered,none,0
OI-010774,ORD-006915,PROD-00133,1,499,0,499,delivered,none,0
OI-010775,ORD-006915,PROD-00176,1,7099,0,7099,delivered,none,0
OI-010776,ORD-006916,PROD-00005,1,5999,0,5999,delivered,none,0
OI-010777,ORD-006916,PROD-00138,1,149999,0,149999,delivered,none,0
OI-010778,ORD-006916,PROD-00212,1,5499,0,5499,delivered,none,0
OI-010779,ORD-006916,PROD-00019,1,2899,0,2899,delivered,none,0
OI-010780,ORD-006917,PROD-00269,1,2599,259,2340,cancelled,none,2761
OI-010781,ORD-006917,PROD-00014,1,959,95,864,cancelled,none,1020
OI-010782,ORD-006918,PROD-00013,1,5099,254,4845,delivered,none,0
OI-010783,ORD-006918,PROD-00269,1,2499,124,2375,delivered,none,0
OI-010784,ORD-006919,PROD-00168,1,709,0,709,delivered,rejected,0
OI-010785,ORD-006920,PROD-00269,1,2599,0,2599,delivered,none,0
OI-010786,ORD-006921,PROD-00127,1,3499,0,3499,cancelled,none,4129
OI-010787,ORD-006922,PROD-00111,1,999,99,900,delivered,none,0
OI-010788,ORD-006923,PROD-00259,1,8699,0,8699,delivered,none,0
OI-010789,ORD-006924,PROD-00114,1,999,99,900,delivered,none,0
OI-010790,ORD-006924,PROD-00112,1,5299,529,4770,delivered,none,0
OI-010791,ORD-006925,PROD-00013,1,4999,0,4999,delivered,none,0
OI-010792,ORD-006925,PROD-00012,1,149,0,149,delivered,none,0
OI-010793,ORD-006926,PROD-00174,1,7699,0,7699,delivered,none,0
OI-010794,ORD-006927,PROD-00056,1,3599,359,3240,delivered,none,0
OI-010795,ORD-006928,PROD-00051,1,6099,0,6099,delivered,none,0
OI-010796,ORD-006929,PROD-00014,1,879,0,879,delivered,none,0
OI-010797,ORD-006929,PROD-00257,1,7299,0,7299,delivered,none,0
OI-010798,ORD-006929,PROD-00094,1,39499,0,39499,delivered,none,0
OI-010799,ORD-006930,PROD-00019,1,2799,0,2799,delivered,none,0
OI-010800,ORD-006930,PROD-00029,3,149,0,447,delivered,none,0
OI-010801,ORD-006931,PROD-00235,1,46999,3759,43240,delivered,rejected,0
OI-010802,ORD-006931,PROD-00032,1,149,11,138,delivered,none,0
OI-010803,ORD-006932,PROD-00104,1,12499,1249,11250,delivered,none,0
OI-010804,ORD-006933,PROD-00029,1,139,16,123,delivered,none,0
OI-010805,ORD-006934,PROD-00025,1,679,0,679,delivered,none,0
OI-010806,ORD-006935,PROD-00004,1,2399,287,2112,delivered,none,0
OI-010807,ORD-006936,PROD-00264,1,22999,0,22999,delivered,none,0
OI-010808,ORD-006937,PROD-00111,1,999,99,900,returned,refunded,1062
OI-010809,ORD-006937,PROD-00161,1,6899,689,6210,delivered,rejected,0
OI-010810,ORD-006938,PROD-00020,1,149,0,149,delivered,none,0
OI-010811,ORD-006938,PROD-00132,1,699,0,699,delivered,none,0
OI-010812,ORD-006938,PROD-00256,1,15499,0,15499,delivered,none,0
OI-010813,ORD-006938,PROD-00025,1,779,0,779,delivered,none,0
OI-010814,ORD-006938,PROD-00061,1,4299,0,4299,delivered,none,0
OI-010815,ORD-006939,PROD-00171,1,6699,535,6164,delivered,received,0
OI-010816,ORD-006940,PROD-00052,1,6099,487,5612,delivered,none,0
OI-010817,ORD-006941,PROD-00176,1,7099,0,7099,delivered,rejected,0
OI-010818,ORD-006941,PROD-00271,1,12499,0,12499,delivered,none,0
OI-010819,ORD-006942,PROD-00017,1,149,0,149,delivered,none,0
OI-010820,ORD-006943,PROD-00008,1,4299,0,4299,delivered,none,0
OI-010821,ORD-006944,PROD-00174,1,8299,829,7470,delivered,none,0
OI-010822,ORD-006945,PROD-00002,1,3199,255,2944,delivered,none,0
OI-010823,ORD-006945,PROD-00239,1,69499,5559,63940,delivered,none,0
OI-010824,ORD-006946,PROD-00161,1,6899,0,6899,delivered,none,0
OI-010825,ORD-006946,PROD-00171,1,6199,0,6199,delivered,none,0
OI-010826,ORD-006947,PROD-00001,1,5199,623,4576,delivered,none,0
OI-010827,ORD-006948,PROD-00099,1,999,99,900,delivered,none,0
OI-010828,ORD-006949,PROD-00174,1,7899,0,7899,delivered,none,0
OI-010829,ORD-006950,PROD-00021,1,4199,0,4199,delivered,none,0
OI-010830,ORD-006950,PROD-00111,1,919,0,919,delivered,none,0
OI-010831,ORD-006951,PROD-00120,1,6799,0,6799,delivered,none,0
OI-010832,ORD-006952,PROD-00240,1,7999,0,7999,delivered,none,0
OI-010833,ORD-006953,PROD-00083,1,36999,0,36999,delivered,none,0
OI-010834,ORD-006953,PROD-00025,1,739,0,739,delivered,none,0
OI-010835,ORD-006953,PROD-00174,1,7699,0,7699,delivered,none,0
OI-010836,ORD-006954,PROD-00059,1,499,0,499,delivered,none,0
OI-010837,ORD-006955,PROD-00211,1,4899,0,4899,delivered,none,0
OI-010838,ORD-006956,PROD-00174,1,7299,0,7299,returned,refunded,8613
OI-010839,ORD-006956,PROD-00069,1,1399,0,1399,returned,refunded,1651
OI-010840,ORD-006957,PROD-00077,1,37999,1899,36100,delivered,none,0
OI-010841,ORD-006958,PROD-00264,1,22999,0,22999,delivered,none,0
OI-010842,ORD-006958,PROD-00065,1,3599,0,3599,delivered,none,0
OI-010843,ORD-006959,PROD-00270,1,699,0,699,delivered,none,0
OI-010844,ORD-006960,PROD-00069,2,1399,139,2659,delivered,none,0
OI-010845,ORD-006961,PROD-00017,1,149,11,138,delivered,none,0
OI-010846,ORD-006962,PROD-00168,1,709,0,709,returned,refunded,837
OI-010847,ORD-006963,PROD-00106,1,27999,0,27999,delivered,none,0
OI-010848,ORD-006963,PROD-00174,1,7699,0,7699,delivered,none,0
OI-010849,ORD-006964,PROD-00032,1,139,11,128,delivered,none,0
OI-010850,ORD-006964,PROD-00027,1,149,11,138,delivered,none,0
OI-010851,ORD-006964,PROD-00270,1,699,55,644,delivered,none,0
OI-010852,ORD-006965,PROD-00029,1,139,0,139,delivered,none,0
OI-010853,ORD-006966,PROD-00051,1,6099,609,5490,delivered,none,0
OI-010854,ORD-006967,PROD-00007,1,169,0,169,delivered,none,0
OI-010855,ORD-006968,PROD-00050,1,859,0,859,delivered,none,0
OI-010856,ORD-006968,PROD-00054,1,7599,0,7599,delivered,none,0
OI-010857,ORD-006969,PROD-00269,1,2499,0,2499,delivered,none,0
OI-010858,ORD-006969,PROD-00029,1,149,0,149,delivered,none,0
OI-010859,ORD-006970,PROD-00017,1,149,0,149,cancelled,none,0
OI-010860,ORD-006971,PROD-00171,1,6699,535,6164,delivered,none,0
OI-010861,ORD-006972,PROD-00174,1,7699,0,7699,delivered,none,0
OI-010862,ORD-006972,PROD-00013,1,4999,0,4999,delivered,none,0
OI-010863,ORD-006972,PROD-00020,1,149,0,149,delivered,none,0
OI-010864,ORD-006972,PROD-00056,1,3599,0,3599,delivered,none,0
OI-010865,ORD-006973,PROD-00020,1,149,17,132,delivered,none,0
OI-010866,ORD-006974,PROD-00055,1,15999,1599,14400,delivered,none,0
OI-010867,ORD-006974,PROD-00161,1,6899,689,6210,delivered,none,0
OI-010868,ORD-006975,PROD-00212,1,5499,439,5060,delivered,none,0
OI-010869,ORD-006976,PROD-00195,1,1099,0,1099,delivered,none,0
OI-010870,ORD-006977,PROD-00020,1,149,7,142,delivered,none,0
OI-010871,ORD-006977,PROD-00017,1,149,7,142,delivered,none,0
OI-010872,ORD-006978,PROD-00241,2,26499,0,52998,returned,refunded,62538
OI-010873,ORD-006979,PROD-00127,1,3299,329,2970,delivered,none,0
OI-010874,ORD-006980,PROD-00009,1,2599,0,2599,delivered,none,0
OI-010875,ORD-006981,PROD-00264,1,23999,1199,22800,delivered,none,0
OI-010876,ORD-006982,PROD-00020,2,149,0,298,delivered,none,0
OI-010877,ORD-006983,PROD-00004,1,2199,0,2199,delivered,none,0
OI-010878,ORD-006984,PROD-00017,1,159,0,159,delivered,none,0
OI-010879,ORD-006985,PROD-00262,1,11999,0,11999,delivered,none,0
OI-010880,ORD-006986,PROD-00112,1,5499,439,5060,delivered,none,0
OI-010881,ORD-006987,PROD-00127,1,2899,289,2610,delivered,none,0
OI-010882,ORD-006988,PROD-00051,1,6099,0,6099,delivered,none,0
OI-010883,ORD-006989,PROD-00095,1,15999,0,15999,delivered,none,0
OI-010884,ORD-006990,PROD-00245,1,19499,2339,17160,delivered,none,0
OI-010885,ORD-006991,PROD-00211,1,5299,0,5299,delivered,none,0
OI-010886,ORD-006992,PROD-00072,1,6799,679,6120,delivered,pickup_scheduled,0
OI-010887,ORD-006992,PROD-00052,1,5899,589,5310,delivered,none,0
OI-010888,ORD-006993,PROD-00161,1,6899,0,6899,delivered,none,0
OI-010889,ORD-006994,PROD-00127,1,3199,319,2880,delivered,none,0
OI-010890,ORD-006995,PROD-00029,1,159,0,159,delivered,none,0
OI-010891,ORD-006996,PROD-00017,1,149,11,138,delivered,none,0
OI-010892,ORD-006996,PROD-00172,1,1099,87,1012,returned,refunded,1194
OI-010893,ORD-006997,PROD-00147,2,28999,2899,55099,delivered,none,0
OI-010894,ORD-006997,PROD-00018,1,289,14,275,delivered,none,0
OI-010895,ORD-006997,PROD-00168,1,709,35,674,delivered,none,0
OI-010896,ORD-006998,PROD-00013,1,5199,0,5199,delivered,none,0
OI-010897,ORD-006999,PROD-00269,1,2499,0,2499,delivered,none,0
OI-010898,ORD-007000,PROD-00264,1,23499,0,23499,delivered,none,0
OI-010899,ORD-007001,PROD-00115,1,1999,0,1999,delivered,none,0
OI-010900,ORD-007002,PROD-00068,1,13999,0,13999,cancelled,none,0
OI-010901,ORD-007003,PROD-00009,1,2699,0,2699,delivered,none,0
OI-010902,ORD-007003,PROD-00001,1,5199,0,5199,delivered,none,0
OI-010903,ORD-007003,PROD-00297,1,74499,0,74499,delivered,none,0
OI-010904,ORD-007004,PROD-00264,1,22999,2759,20240,delivered,none,0
OI-010905,ORD-007005,PROD-00032,3,149,22,425,delivered,none,0
OI-010906,ORD-007006,PROD-00082,1,889,0,889,returned,refunded,1049
OI-010907,ORD-007007,PROD-00174,1,7699,384,7315,delivered,none,0
OI-010908,ORD-007007,PROD-00033,1,6399,319,6080,delivered,none,0
OI-010909,ORD-007008,PROD-00017,1,149,0,149,delivered,none,0
OI-010910,ORD-007008,PROD-00257,1,7099,0,7099,delivered,none,0
OI-010911,ORD-007009,PROD-00017,1,149,0,149,delivered,none,0
OI-010912,ORD-007009,PROD-00111,1,999,0,999,delivered,none,0
OI-010913,ORD-007009,PROD-00249,1,8599,0,8599,delivered,none,0
OI-010914,ORD-007010,PROD-00067,1,5399,0,5399,delivered,none,0
OI-010915,ORD-007011,PROD-00264,1,24999,1999,23000,delivered,none,0
OI-010916,ORD-007011,PROD-00174,1,7699,615,7084,delivered,none,0
OI-010917,ORD-007011,PROD-00161,1,6899,551,6348,delivered,none,0
OI-010918,ORD-007012,PROD-00077,1,37999,0,37999,delivered,none,0
OI-010919,ORD-007013,PROD-00215,1,72499,8699,63800,delivered,none,0
OI-010920,ORD-007014,PROD-00142,1,160999,0,160999,delivered,none,0
OI-010921,ORD-007014,PROD-00036,1,24999,0,24999,delivered,none,0
OI-010922,ORD-007015,PROD-00016,1,2099,0,2099,delivered,none,0
OI-010923,ORD-007016,PROD-00251,1,8499,0,8499,delivered,none,0
OI-010924,ORD-007016,PROD-00029,1,149,0,149,delivered,none,0
OI-010925,ORD-007016,PROD-00101,1,3299,0,3299,delivered,none,0
OI-010926,ORD-007017,PROD-00132,1,649,0,649,delivered,none,0
OI-010927,ORD-007017,PROD-00017,1,159,0,159,delivered,none,0
OI-010928,ORD-007018,PROD-00068,1,14499,0,14499,delivered,none,0
OI-010929,ORD-007018,PROD-00024,1,1399,0,1399,delivered,none,0
OI-010930,ORD-007018,PROD-00071,1,3399,0,3399,delivered,none,0
OI-010931,ORD-007019,PROD-00011,1,319,25,294,delivered,none,0
OI-010932,ORD-007019,PROD-00268,1,48499,3879,44620,delivered,none,0
OI-010933,ORD-007020,PROD-00287,1,35499,3549,31950,delivered,none,0
OI-010934,ORD-007020,PROD-00127,1,3199,319,2880,delivered,none,0
OI-010935,ORD-007021,PROD-00034,2,149,0,298,delivered,none,0
OI-010936,ORD-007022,PROD-00028,1,4799,0,4799,delivered,none,0
OI-010937,ORD-007022,PROD-00017,3,159,0,477,delivered,none,0
OI-010938,ORD-007023,PROD-00231,1,77499,0,77499,delivered,none,0
OI-010939,ORD-007024,PROD-00083,1,40999,0,40999,delivered,none,0
OI-010940,ORD-007025,PROD-00161,1,6899,551,6348,delivered,none,0
OI-010941,ORD-007026,PROD-00114,1,999,0,999,delivered,rejected,0
OI-010942,ORD-007027,PROD-00017,1,149,0,149,delivered,none,0
OI-010943,ORD-007027,PROD-00025,1,739,0,739,delivered,none,0
OI-010944,ORD-007027,PROD-00111,1,999,0,999,delivered,none,0
OI-010945,ORD-007027,PROD-00161,1,6899,0,6899,delivered,none,0
OI-010946,ORD-007028,PROD-00197,1,6699,334,6365,cancelled,none,7511
OI-010947,ORD-007029,PROD-00017,1,149,0,149,delivered,none,0
OI-010948,ORD-007029,PROD-00167,1,2699,0,2699,delivered,none,0
OI-010949,ORD-007029,PROD-00072,1,6799,0,6799,delivered,none,0
OI-010950,ORD-007030,PROD-00269,1,2599,259,2340,delivered,none,0
OI-010951,ORD-007030,PROD-00275,1,36499,3649,32850,delivered,none,0
OI-010952,ORD-007031,PROD-00270,1,699,0,699,delivered,none,0
OI-010953,ORD-007032,PROD-00017,3,149,0,447,cancelled,none,527
OI-010954,ORD-007033,PROD-00174,1,7699,615,7084,delivered,none,0
OI-010955,ORD-007034,PROD-00061,1,4299,0,4299,cancelled,none,0
OI-010956,ORD-007035,PROD-00269,1,2499,299,2200,returned,refunded,2596
OI-010957,ORD-007036,PROD-00033,1,6699,0,6699,delivered,none,0
OI-010958,ORD-007037,PROD-00174,1,7699,615,7084,cancelled,none,8359
OI-010959,ORD-007037,PROD-00277,1,1099,87,1012,cancelled,none,1194
OI-010960,ORD-007038,PROD-00010,1,5999,719,5280,delivered,none,0
OI-010961,ORD-007039,PROD-00020,1,149,0,149,delivered,none,0
OI-010962,ORD-007040,PROD-00060,1,10499,0,10499,delivered,none,0
OI-010963,ORD-007041,PROD-00052,1,5899,589,5310,delivered,none,0
OI-010964,ORD-007042,PROD-00053,1,5299,0,5299,delivered,none,0
OI-010965,ORD-007043,PROD-00264,1,20999,0,20999,delivered,none,0
OI-010966,ORD-007044,PROD-00203,1,24999,1999,23000,delivered,none,0
OI-010967,ORD-007045,PROD-00111,1,999,0,999,delivered,none,0
OI-010968,ORD-007046,PROD-00174,1,7999,0,7999,delivered,none,0
OI-010969,ORD-007047,PROD-00021,1,3799,0,3799,delivered,none,0
OI-010970,ORD-007048,PROD-00025,3,739,266,1951,returned,refunded,2302
OI-010971,ORD-007048,PROD-00270,1,639,76,563,delivered,pickup_scheduled,0
OI-010972,ORD-007048,PROD-00027,1,149,17,132,delivered,pickup_scheduled,0
OI-010973,ORD-007048,PROD-00029,1,149,17,132,delivered,pickup_scheduled,0
OI-010974,ORD-007048,PROD-00169,1,2899,347,2552,returned,refunded,3011
OI-010975,ORD-007049,PROD-00013,1,4999,249,4750,delivered,none,0
OI-010976,ORD-007050,PROD-00269,1,2399,0,2399,delivered,none,0
OI-010977,ORD-007051,PROD-00174,1,8299,829,7470,delivered,none,0
OI-010978,ORD-007052,PROD-00180,1,6999,839,6160,delivered,none,0
OI-010979,ORD-007053,PROD-00120,1,6799,0,6799,delivered,none,0
OI-010980,ORD-007054,PROD-00127,1,2999,0,2999,delivered,none,0
OI-010981,ORD-007055,PROD-00127,1,3199,0,3199,delivered,none,0
OI-010982,ORD-007056,PROD-00029,1,149,0,149,delivered,none,0
OI-010983,ORD-007057,PROD-00007,1,169,0,169,delivered,none,0
OI-010984,ORD-007057,PROD-00264,1,22999,0,22999,delivered,none,0
OI-010985,ORD-007058,PROD-00009,2,2599,0,5198,delivered,none,0
OI-010986,ORD-007059,PROD-00077,1,37999,0,37999,delivered,pickup_scheduled,0
OI-010987,ORD-007060,PROD-00006,1,149,11,138,delivered,none,0
OI-010988,ORD-007061,PROD-00158,2,101999,0,203998,returned,refunded,240718
OI-010989,ORD-007062,PROD-00174,1,7699,923,6776,cancelled,none,7996
OI-010990,ORD-007063,PROD-00268,1,44999,0,44999,delivered,none,0
OI-010991,ORD-007064,PROD-00068,1,13999,0,13999,delivered,none,0
OI-010992,ORD-007065,PROD-00068,1,13999,0,13999,delivered,none,0
OI-010993,ORD-007066,PROD-00203,1,25499,2549,22950,delivered,none,0
OI-010994,ORD-007067,PROD-00017,1,159,0,159,delivered,none,0
OI-010995,ORD-007068,PROD-00009,1,2599,0,2599,delivered,none,0
OI-010996,ORD-007068,PROD-00161,1,6599,0,6599,delivered,none,0
OI-010997,ORD-007068,PROD-00127,1,3199,0,3199,delivered,none,0
OI-010998,ORD-007069,PROD-00072,1,6799,0,6799,delivered,none,0
OI-010999,ORD-007070,PROD-00020,2,149,35,263,delivered,none,0
OI-011000,ORD-007070,PROD-00101,1,3299,395,2904,delivered,none,0
OI-011001,ORD-007071,PROD-00169,2,2799,0,5598,delivered,none,0
OI-011002,ORD-007071,PROD-00132,1,699,0,699,delivered,none,0
OI-011003,ORD-007071,PROD-00170,1,3199,0,3199,delivered,none,0
OI-011004,ORD-007071,PROD-00174,1,7099,0,7099,delivered,none,0
OI-011005,ORD-007072,PROD-00017,1,149,17,132,delivered,none,0
OI-011006,ORD-007073,PROD-00017,1,149,0,149,delivered,none,0
OI-011007,ORD-007073,PROD-00260,1,4999,0,4999,delivered,none,0
OI-011008,ORD-007073,PROD-00174,1,7899,0,7899,delivered,none,0
OI-011009,ORD-007073,PROD-00127,1,3299,0,3299,delivered,none,0
OI-011010,ORD-007074,PROD-00101,1,2999,0,2999,delivered,none,0
OI-011011,ORD-007075,PROD-00164,1,5599,0,5599,delivered,none,0
OI-011012,ORD-007076,PROD-00269,1,2499,0,2499,delivered,none,0
OI-011013,ORD-007077,PROD-00269,1,2499,0,2499,delivered,none,0
OI-011014,ORD-007078,PROD-00012,1,149,0,149,delivered,none,0
OI-011015,ORD-007079,PROD-00264,1,22999,1149,21850,delivered,none,0
OI-011016,ORD-007080,PROD-00080,1,4499,0,4499,delivered,none,0
OI-011017,ORD-007080,PROD-00174,1,7699,0,7699,delivered,none,0
OI-011018,ORD-007081,PROD-00090,2,8199,0,16398,delivered,none,0
OI-011019,ORD-007081,PROD-00111,1,999,0,999,delivered,none,0
OI-011020,ORD-007082,PROD-00174,1,7699,384,7315,delivered,none,0
OI-011021,ORD-007083,PROD-00026,1,4299,0,4299,delivered,none,0
OI-011022,ORD-007084,PROD-00013,1,5199,0,5199,delivered,none,0
OI-011023,ORD-007084,PROD-00174,1,7699,0,7699,delivered,none,0
OI-011024,ORD-007085,PROD-00164,1,5599,671,4928,delivered,none,0
OI-011025,ORD-007086,PROD-00174,1,7699,384,7315,delivered,none,0
OI-011026,ORD-007087,PROD-00226,1,7499,0,7499,delivered,none,0
OI-011027,ORD-007088,PROD-00176,1,7099,709,6390,returned,refunded,7540
OI-011028,ORD-007089,PROD-00243,1,140499,0,140499,delivered,none,0
OI-011029,ORD-007089,PROD-00251,1,8499,0,8499,delivered,none,0
OI-011030,ORD-007090,PROD-00029,1,139,11,128,delivered,none,0
OI-011031,ORD-007091,PROD-00057,1,2699,269,2430,delivered,none,0
OI-011032,ORD-007092,PROD-00166,1,6199,619,5580,delivered,none,0
OI-011033,ORD-007093,PROD-00197,1,6699,535,6164,delivered,none,0
OI-011034,ORD-007094,PROD-00017,1,149,11,138,delivered,none,0
OI-011035,ORD-007094,PROD-00174,1,7899,631,7268,delivered,none,0
OI-011036,ORD-007094,PROD-00132,2,669,107,1231,delivered,none,0
OI-011037,ORD-007095,PROD-00161,1,6899,551,6348,delivered,none,0
OI-011038,ORD-007095,PROD-00021,1,3999,319,3680,delivered,none,0
OI-011039,ORD-007096,PROD-00197,1,6699,669,6030,delivered,none,0
OI-011040,ORD-007097,PROD-00029,2,149,14,284,delivered,none,0
OI-011041,ORD-007098,PROD-00174,1,7999,0,7999,delivered,none,0
OI-011042,ORD-007099,PROD-00017,1,149,7,142,cancelled,none,168
OI-011043,ORD-007100,PROD-00238,1,30999,3099,27900,delivered,none,0
OI-011044,ORD-007101,PROD-00017,2,139,0,278,delivered,none,0
OI-011045,ORD-007102,PROD-00165,1,3999,0,3999,delivered,none,0
OI-011046,ORD-007102,PROD-00296,1,11499,0,11499,delivered,none,0
OI-011047,ORD-007102,PROD-00033,1,6399,0,6399,delivered,none,0
OI-011048,ORD-007103,PROD-00169,1,2799,335,2464,delivered,none,0
OI-011049,ORD-007104,PROD-00159,1,1899,151,1748,cancelled,none,2063
OI-011050,ORD-007105,PROD-00161,1,6899,0,6899,delivered,none,0
OI-011051,ORD-007106,PROD-00029,1,149,17,132,delivered,received,0
OI-011052,ORD-007106,PROD-00013,1,4999,599,4400,delivered,none,0
OI-011053,ORD-007107,PROD-00111,1,999,99,900,delivered,none,0
OI-011054,ORD-007108,PROD-00017,2,149,0,298,delivered,none,0
OI-011055,ORD-007109,PROD-00168,1,739,73,666,delivered,rejected,0
OI-011056,ORD-007110,PROD-00020,1,149,14,135,delivered,none,0
OI-011057,ORD-007110,PROD-00016,1,1999,199,1800,delivered,none,0
OI-011058,ORD-007111,PROD-00118,2,549,131,967,delivered,none,0
OI-011059,ORD-007112,PROD-00127,1,3299,0,3299,delivered,none,0
OI-011060,ORD-007112,PROD-00025,1,739,0,739,delivered,none,0
OI-011061,ORD-007112,PROD-00095,1,15999,0,15999,delivered,none,0
OI-011062,ORD-007112,PROD-00029,1,139,0,139,delivered,none,0
OI-011063,ORD-007113,PROD-00017,1,149,7,142,delivered,none,0
OI-011064,ORD-007114,PROD-00246,1,15499,1859,13640,delivered,none,0
OI-011065,ORD-007115,PROD-00020,1,149,11,138,delivered,none,0
OI-011066,ORD-007116,PROD-00017,1,139,0,139,delivered,none,0
OI-011067,ORD-007116,PROD-00052,1,5899,0,5899,delivered,none,0
OI-011068,ORD-007117,PROD-00064,1,1899,227,1672,delivered,none,0
OI-011069,ORD-007118,PROD-00161,1,6599,0,6599,delivered,none,0
OI-011070,ORD-007119,PROD-00111,1,999,0,999,delivered,none,0
OI-011071,ORD-007119,PROD-00021,1,3999,0,3999,delivered,none,0
OI-011072,ORD-007119,PROD-00029,1,139,0,139,delivered,none,0
OI-011073,ORD-007119,PROD-00087,1,7499,0,7499,delivered,none,0
OI-011074,ORD-007120,PROD-00017,1,149,0,149,returned,refunded,176
OI-011075,ORD-007121,PROD-00174,1,7699,923,6776,delivered,none,0
OI-011076,ORD-007122,PROD-00029,1,149,0,149,delivered,none,0
OI-011077,ORD-007123,PROD-00221,1,7899,394,7505,delivered,none,0
OI-011078,ORD-007123,PROD-00113,1,3499,174,3325,delivered,none,0
OI-011079,ORD-007124,PROD-00115,1,2199,0,2199,delivered,none,0
OI-011080,ORD-007125,PROD-00269,1,2499,199,2300,delivered,none,0
OI-011081,ORD-007126,PROD-00133,1,519,62,457,delivered,none,0
OI-011082,ORD-007127,PROD-00267,1,15499,0,15499,delivered,received,0
OI-011083,ORD-007127,PROD-00246,1,14499,0,14499,delivered,pickup_scheduled,0
OI-011084,ORD-007128,PROD-00032,1,149,14,135,delivered,none,0
OI-011085,ORD-007128,PROD-00005,1,5799,579,5220,delivered,none,0
OI-011086,ORD-007128,PROD-00176,1,7099,709,6390,delivered,none,0
OI-011087,ORD-007129,PROD-00264,1,23499,2819,20680,delivered,none,0
OI-011088,ORD-007129,PROD-00102,1,1499,179,1320,delivered,none,0
OI-011089,ORD-007130,PROD-00023,1,189,0,189,delivered,none,0
OI-011090,ORD-007131,PROD-00169,1,2799,335,2464,delivered,none,0
OI-011091,ORD-007131,PROD-00214,1,22999,2759,20240,delivered,none,0
OI-011092,ORD-007132,PROD-00057,1,2699,0,2699,delivered,none,0
OI-011093,ORD-007133,PROD-00262,1,11999,1439,10560,delivered,none,0
OI-011094,ORD-007133,PROD-00071,1,3399,407,2992,delivered,none,0
OI-011095,ORD-007134,PROD-00102,1,1499,119,1380,delivered,none,0
OI-011096,ORD-007135,PROD-00002,1,3199,0,3199,delivered,none,0
OI-011097,ORD-007135,PROD-00172,1,1099,0,1099,delivered,none,0
OI-011098,ORD-007136,PROD-00203,1,24999,1999,23000,delivered,none,0
OI-011099,ORD-007137,PROD-00111,1,999,119,880,delivered,none,0
OI-011100,ORD-007138,PROD-00017,3,139,0,417,delivered,none,0
OI-011101,ORD-007139,PROD-00101,1,3299,164,3135,delivered,none,0
OI-011102,ORD-007140,PROD-00276,1,28999,2899,26100,delivered,none,0
OI-011103,ORD-007140,PROD-00168,1,709,70,639,delivered,none,0
OI-011104,ORD-007141,PROD-00006,1,149,7,142,delivered,none,0
OI-011105,ORD-007141,PROD-00174,1,7699,384,7315,delivered,none,0
OI-011106,ORD-007141,PROD-00264,1,22999,1149,21850,delivered,none,0
OI-011107,ORD-007142,PROD-00017,1,149,0,149,delivered,none,0
OI-011108,ORD-007143,PROD-00251,1,8499,424,8075,delivered,none,0
OI-011109,ORD-007143,PROD-00237,1,75999,3799,72200,delivered,none,0
OI-011110,ORD-007143,PROD-00080,1,4599,229,4370,delivered,none,0
OI-011111,ORD-007144,PROD-00264,1,23999,1919,22080,delivered,none,0
OI-011112,ORD-007145,PROD-00008,1,4299,0,4299,delivered,none,0
OI-011113,ORD-007146,PROD-00052,1,5899,471,5428,delivered,none,0
OI-011114,ORD-007146,PROD-00288,1,75999,6079,69920,delivered,none,0
OI-011115,ORD-007147,PROD-00231,1,77499,7749,69750,delivered,none,0
OI-011116,ORD-007147,PROD-00029,1,159,15,144,delivered,none,0
OI-011117,ORD-007148,PROD-00069,1,1399,0,1399,delivered,none,0
OI-011118,ORD-007149,PROD-00171,1,6699,0,6699,delivered,none,0
OI-011119,ORD-007149,PROD-00053,1,5799,0,5799,delivered,none,0
OI-011120,ORD-007150,PROD-00251,1,8499,0,8499,delivered,none,0
OI-011121,ORD-007151,PROD-00020,1,149,7,142,delivered,none,0
OI-011122,ORD-007152,PROD-00017,2,149,23,275,delivered,none,0
OI-011123,ORD-007153,PROD-00161,1,6899,0,6899,delivered,none,0
OI-011124,ORD-007154,PROD-00111,1,999,119,880,delivered,none,0
OI-011125,ORD-007155,PROD-00052,1,5399,0,5399,delivered,none,0
OI-011126,ORD-007155,PROD-00022,2,1399,0,2798,delivered,none,0
OI-011127,ORD-007156,PROD-00032,1,149,0,149,delivered,none,0
OI-011128,ORD-007156,PROD-00018,2,309,0,618,delivered,none,0
OI-011129,ORD-007157,PROD-00017,1,149,0,149,delivered,none,0
OI-011130,ORD-007158,PROD-00251,1,8499,849,7650,delivered,none,0
OI-011131,ORD-007158,PROD-00127,1,3199,319,2880,delivered,none,0
OI-011132,ORD-007158,PROD-00174,1,7699,769,6930,delivered,none,0
OI-011133,ORD-007159,PROD-00026,1,4399,219,4180,delivered,none,0
OI-011134,ORD-007160,PROD-00237,1,67999,5439,62560,delivered,none,0
OI-011135,ORD-007161,PROD-00250,1,1999,199,1800,delivered,none,0
OI-011136,ORD-007161,PROD-00059,1,499,49,450,delivered,none,0
OI-011137,ORD-007161,PROD-00080,1,4299,429,3870,delivered,none,0
OI-011138,ORD-007161,PROD-00029,1,149,14,135,delivered,none,0
OI-011139,ORD-007162,PROD-00159,1,1999,0,1999,delivered,none,0
OI-011140,ORD-007162,PROD-00115,1,1899,0,1899,delivered,none,0
OI-011141,ORD-007162,PROD-00295,1,64999,0,64999,delivered,none,0
OI-011142,ORD-007162,PROD-00100,1,27499,0,27499,delivered,none,0
OI-011143,ORD-007163,PROD-00168,1,709,35,674,delivered,none,0
OI-011144,ORD-007164,PROD-00012,1,149,0,149,delivered,none,0
OI-011145,ORD-007165,PROD-00174,1,7699,384,7315,delivered,none,0
OI-011146,ORD-007165,PROD-00112,1,5299,264,5035,delivered,none,0
OI-011147,ORD-007166,PROD-00050,1,939,0,939,delivered,none,0
OI-011148,ORD-007166,PROD-00017,1,149,0,149,delivered,none,0
OI-011149,ORD-007167,PROD-00010,1,6199,0,6199,cancelled,none,7315
OI-011150,ORD-007168,PROD-00159,1,1999,0,1999,delivered,none,0
OI-011151,ORD-007169,PROD-00050,1,969,77,892,delivered,none,0
OI-011152,ORD-007170,PROD-00030,2,1099,263,1935,delivered,none,0
OI-011153,ORD-007170,PROD-00125,2,499,119,879,delivered,none,0
OI-011154,ORD-007171,PROD-00104,1,12499,1249,11250,cancelled,none,0
OI-011155,ORD-007172,PROD-00084,1,18999,1899,17100,delivered,pickup_scheduled,0
OI-011156,ORD-007173,PROD-00104,1,12499,999,11500,delivered,none,0
OI-011157,ORD-007174,PROD-00132,2,649,0,1298,delivered,none,0
OI-011158,ORD-007175,PROD-00029,3,149,22,425,delivered,pickup_scheduled,0
OI-011159,ORD-007176,PROD-00269,1,2499,0,2499,delivered,none,0
OI-011160,ORD-007177,PROD-00017,1,149,7,142,delivered,none,0
OI-011161,ORD-007177,PROD-00032,1,149,7,142,delivered,none,0
OI-011162,ORD-007178,PROD-00029,2,139,27,251,delivered,none,0
OI-011163,ORD-007178,PROD-00134,1,15499,1549,13950,delivered,none,0
OI-011164,ORD-007178,PROD-00168,1,649,64,585,delivered,none,0
OI-011165,ORD-007179,PROD-00099,1,919,91,828,delivered,none,0
OI-011166,ORD-007179,PROD-00112,1,5499,549,4950,delivered,none,0
OI-011167,ORD-007180,PROD-00128,2,949,189,1709,cancelled,none,2017
OI-011168,ORD-007180,PROD-00104,1,12499,1249,11250,cancelled,none,13275
OI-011169,ORD-007180,PROD-00080,1,4499,449,4050,cancelled,none,4779
OI-011170,ORD-007180,PROD-00108,1,8299,829,7470,cancelled,none,8815
OI-011171,ORD-007181,PROD-00013,1,4999,499,4500,delivered,none,0
OI-011172,ORD-007181,PROD-00254,1,1799,179,1620,delivered,none,0
OI-011173,ORD-007181,PROD-00077,1,37999,3799,34200,delivered,none,0
OI-011174,ORD-007182,PROD-00184,1,53499,0,53499,delivered,none,0
OI-011175,ORD-007183,PROD-00161,1,6599,791,5808,delivered,none,0
OI-011176,ORD-007183,PROD-00128,1,869,104,765,delivered,none,0
OI-011177,ORD-007184,PROD-00020,1,149,11,138,delivered,none,0
OI-011178,ORD-007184,PROD-00174,1,7699,615,7084,delivered,none,0
OI-011179,ORD-007185,PROD-00174,1,7699,923,6776,delivered,none,0
OI-011180,ORD-007186,PROD-00069,1,1499,149,1350,delivered,pickup_scheduled,0
OI-011181,ORD-007186,PROD-00020,1,139,13,126,delivered,pickup_scheduled,0
OI-011182,ORD-007186,PROD-00017,1,149,14,135,delivered,pickup_scheduled,0
OI-011183,ORD-007186,PROD-00032,3,149,44,403,delivered,received,0
OI-011184,ORD-007187,PROD-00087,1,7499,599,6900,delivered,none,0
OI-011185,ORD-007188,PROD-00127,1,3199,319,2880,delivered,none,0
OI-011186,ORD-007188,PROD-00269,1,2299,229,2070,delivered,none,0
OI-011187,ORD-007189,PROD-00056,1,3599,0,3599,delivered,none,0
OI-011188,ORD-007189,PROD-00197,1,6399,0,6399,delivered,none,0
OI-011189,ORD-007190,PROD-00107,1,1599,159,1440,delivered,none,0
OI-011190,ORD-007190,PROD-00174,1,7699,769,6930,delivered,none,0
OI-011191,ORD-007190,PROD-00016,1,1999,199,1800,delivered,none,0
OI-011192,ORD-007191,PROD-00123,1,17499,0,17499,delivered,none,0
OI-011193,ORD-007192,PROD-00099,1,999,0,999,delivered,none,0
OI-011194,ORD-007193,PROD-00246,1,15499,0,15499,delivered,none,0
OI-011195,ORD-007193,PROD-00114,1,999,0,999,delivered,none,0
OI-011196,ORD-007194,PROD-00017,2,139,0,278,delivered,none,0
OI-011197,ORD-007195,PROD-00020,2,139,0,278,delivered,none,0
OI-011198,ORD-007196,PROD-00017,1,149,14,135,delivered,none,0
OI-011199,ORD-007196,PROD-00072,1,6799,679,6120,delivered,pickup_scheduled,0
OI-011200,ORD-007196,PROD-00052,1,6399,639,5760,delivered,none,0
OI-011201,ORD-007197,PROD-00270,1,699,0,699,delivered,none,0
OI-011202,ORD-007198,PROD-00017,1,139,0,139,delivered,none,0
OI-011203,ORD-007198,PROD-00011,2,309,0,618,delivered,none,0
OI-011204,ORD-007199,PROD-00132,2,649,155,1143,delivered,none,0
OI-011205,ORD-007200,PROD-00240,1,7999,0,7999,delivered,none,0
OI-011206,ORD-007201,PROD-00174,1,7699,0,7699,delivered,rejected,0
OI-011207,ORD-007202,PROD-00161,1,6899,0,6899,delivered,none,0
OI-011208,ORD-007203,PROD-00072,1,6799,679,6120,delivered,none,0
OI-011209,ORD-007203,PROD-00008,1,3999,399,3600,delivered,none,0
OI-011210,ORD-007203,PROD-00017,1,149,14,135,delivered,none,0
OI-011211,ORD-007204,PROD-00003,1,1399,0,1399,delivered,none,0
OI-011212,ORD-007205,PROD-00056,1,3299,0,3299,delivered,none,0
OI-011213,ORD-007205,PROD-00052,1,5899,0,5899,delivered,none,0
OI-011214,ORD-007205,PROD-00118,1,579,0,579,delivered,none,0
OI-011215,ORD-007206,PROD-00077,1,34999,0,34999,delivered,none,0
OI-011216,ORD-007207,PROD-00176,1,7099,354,6745,delivered,received,0
OI-011217,ORD-007208,PROD-00016,1,1799,143,1656,delivered,none,0
OI-011218,ORD-007209,PROD-00077,1,37999,1899,36100,returned,refunded,42598
OI-011219,ORD-007210,PROD-00017,2,139,0,278,delivered,none,0
OI-011220,ORD-007210,PROD-00269,1,2299,0,2299,delivered,none,0
OI-011221,ORD-007210,PROD-00060,1,9999,0,9999,delivered,none,0
OI-011222,ORD-007211,PROD-00174,1,7699,0,7699,delivered,none,0
OI-011223,ORD-007212,PROD-00030,1,1099,131,968,delivered,none,0
OI-011224,ORD-007213,PROD-00005,1,5999,599,5400,delivered,none,0
OI-011225,ORD-007214,PROD-00264,1,23999,2399,21600,delivered,none,0
OI-011226,ORD-007215,PROD-00024,2,1199,191,2207,delivered,pickup_scheduled,0
OI-011227,ORD-007216,PROD-00013,1,4999,249,4750,delivered,none,0
OI-011228,ORD-007217,PROD-00060,1,10499,524,9975,delivered,none,0
OI-011229,ORD-007218,PROD-00017,1,149,0,149,delivered,none,0
OI-011230,ORD-007219,PROD-00250,1,1999,99,1900,delivered,none,0
OI-011231,ORD-007220,PROD-00269,1,2599,311,2288,delivered,none,0
OI-011232,ORD-007221,PROD-00197,1,6699,0,6699,delivered,none,0
OI-011233,ORD-007222,PROD-00296,1,11499,0,11499,delivered,none,0
OI-011234,ORD-007222,PROD-00024,3,1399,0,4197,delivered,received,0
OI-011235,ORD-007223,PROD-00176,1,6699,669,6030,delivered,none,0
OI-011236,ORD-007224,PROD-00116,1,30499,0,30499,delivered,none,0
OI-011237,ORD-007225,PROD-00204,1,27499,2749,24750,delivered,none,0
OI-011238,ORD-007226,PROD-00007,1,169,20,149,delivered,none,0
OI-011239,ORD-007227,PROD-00264,1,22999,0,22999,delivered,none,0
OI-011240,ORD-007227,PROD-00119,1,9099,0,9099,delivered,none,0
OI-011241,ORD-007228,PROD-00067,1,5399,539,4860,delivered,none,0
OI-011242,ORD-007229,PROD-00127,2,2899,0,5798,delivered,none,0
OI-011243,ORD-007229,PROD-00128,1,989,0,989,delivered,none,0
OI-011244,ORD-007230,PROD-00025,1,779,0,779,delivered,none,0
OI-011245,ORD-007231,PROD-00099,1,999,0,999,delivered,none,0
OI-011246,ORD-007232,PROD-00161,1,7099,354,6745,delivered,none,0
OI-011247,ORD-007233,PROD-00161,1,6899,344,6555,delivered,none,0
OI-011248,ORD-007233,PROD-00057,1,2499,124,2375,delivered,none,0
OI-011249,ORD-007234,PROD-00020,1,159,0,159,delivered,none,0
OI-011250,ORD-007235,PROD-00259,1,8699,0,8699,delivered,none,0
OI-011251,ORD-007236,PROD-00174,1,7699,0,7699,cancelled,none,0
OI-011252,ORD-007237,PROD-00029,1,139,0,139,delivered,none,0
OI-011253,ORD-007238,PROD-00052,1,6099,0,6099,delivered,none,0
OI-011254,ORD-007239,PROD-00017,1,149,0,149,delivered,none,0
OI-011255,ORD-007240,PROD-00080,1,4499,0,4499,delivered,none,0
OI-011256,ORD-007241,PROD-00264,1,22999,1149,21850,delivered,none,0
OI-011257,ORD-007241,PROD-00005,1,5299,264,5035,delivered,none,0
OI-011258,ORD-007242,PROD-00020,2,149,35,263,delivered,none,0
OI-011259,ORD-007243,PROD-00161,1,6899,0,6899,delivered,none,0
OI-011260,ORD-007243,PROD-00230,1,7499,0,7499,delivered,none,0
OI-011261,ORD-007243,PROD-00057,1,2499,0,2499,delivered,none,0
OI-011262,ORD-007244,PROD-00033,1,5899,0,5899,delivered,none,0
OI-011263,ORD-007245,PROD-00020,1,149,0,149,delivered,none,0
OI-011264,ORD-007245,PROD-00017,2,159,0,318,delivered,none,0
OI-011265,ORD-007245,PROD-00132,1,649,0,649,delivered,none,0
OI-011266,ORD-007246,PROD-00120,1,6799,0,6799,delivered,none,0
OI-011267,ORD-007246,PROD-00007,1,169,0,169,delivered,none,0
OI-011268,ORD-007247,PROD-00134,1,15499,1549,13950,cancelled,none,0
OI-011269,ORD-007248,PROD-00052,1,5899,0,5899,delivered,none,0
OI-011270,ORD-007249,PROD-00001,1,5199,259,4940,delivered,none,0
OI-011271,ORD-007250,PROD-00059,1,499,39,460,delivered,none,0
OI-011272,ORD-007251,PROD-00007,1,169,20,149,delivered,none,0
OI-011273,ORD-007251,PROD-00053,1,5799,695,5104,delivered,none,0
OI-011274,ORD-007251,PROD-00159,2,2099,503,3695,delivered,none,0
OI-011275,ORD-007252,PROD-00103,1,14499,1449,13050,delivered,none,0
OI-011276,ORD-007252,PROD-00029,1,149,14,135,delivered,none,0
OI-011277,ORD-007253,PROD-00002,1,3299,0,3299,delivered,none,0
OI-011278,ORD-007253,PROD-00004,1,2299,0,2299,delivered,none,0
OI-011279,ORD-007253,PROD-00012,1,149,0,149,delivered,none,0
OI-011280,ORD-007254,PROD-00004,1,2299,0,2299,cancelled,none,2713
OI-011281,ORD-007254,PROD-00010,1,5999,0,5999,cancelled,none,7079
OI-011282,ORD-007254,PROD-00104,1,12499,0,12499,cancelled,none,14749
OI-011283,ORD-007255,PROD-00052,1,6099,304,5795,delivered,none,0
OI-011284,ORD-007256,PROD-00104,1,12999,0,12999,delivered,none,0
OI-011285,ORD-007256,PROD-00008,1,4499,0,4499,delivered,none,0
OI-011286,ORD-007257,PROD-00223,1,82499,0,82499,delivered,none,0
OI-011287,ORD-007258,PROD-00131,1,5899,471,5428,delivered,none,0
OI-011288,ORD-007258,PROD-00051,1,6099,487,5612,delivered,none,0
OI-011289,ORD-007258,PROD-00174,1,7299,583,6716,delivered,none,0
OI-011290,ORD-007258,PROD-00212,1,5199,415,4784,delivered,none,0
OI-011291,ORD-007258,PROD-00124,1,1499,119,1380,delivered,none,0
OI-011292,ORD-007259,PROD-00025,1,739,88,651,delivered,none,0
OI-011293,ORD-007260,PROD-00007,1,169,0,169,delivered,none,0
OI-011294,ORD-007261,PROD-00193,1,36999,4439,32560,delivered,none,0
OI-011295,ORD-007262,PROD-00166,1,6199,0,6199,delivered,none,0
OI-011296,ORD-007262,PROD-00029,2,139,0,278,delivered,none,0
OI-011297,ORD-007263,PROD-00227,1,51999,4159,47840,delivered,none,0
OI-011298,ORD-007264,PROD-00099,1,1099,0,1099,delivered,none,0
OI-011299,ORD-007265,PROD-00132,2,649,0,1298,delivered,none,0
OI-011300,ORD-007266,PROD-00017,1,139,13,126,delivered,none,0
OI-011301,ORD-007267,PROD-00223,1,76499,3824,72675,delivered,none,0
OI-011302,ORD-007268,PROD-00161,1,6899,0,6899,shipped,none,0
OI-011303,ORD-007269,PROD-00174,1,7699,615,7084,delivered,none,0
OI-011304,ORD-007269,PROD-00270,1,699,55,644,delivered,none,0
OI-011305,ORD-007270,PROD-00159,3,1799,269,5128,delivered,none,0
OI-011306,ORD-007271,PROD-00115,1,2099,0,2099,delivered,none,0
OI-011307,ORD-007272,PROD-00278,1,13999,1679,12320,delivered,none,0
OI-011308,ORD-007273,PROD-00238,1,30999,0,30999,delivered,none,0
OI-011309,ORD-007274,PROD-00188,1,74999,7499,67500,delivered,none,0
OI-011310,ORD-007274,PROD-00017,1,159,15,144,delivered,none,0
OI-011311,ORD-007275,PROD-00142,1,179999,17999,162000,delivered,none,0
OI-011312,ORD-007275,PROD-00032,1,149,14,135,delivered,none,0
OI-011313,ORD-007276,PROD-00017,1,139,0,139,delivered,none,0
OI-011314,ORD-007276,PROD-00270,1,699,0,699,delivered,none,0
OI-011315,ORD-007276,PROD-00251,1,8499,0,8499,delivered,none,0
OI-011316,ORD-007277,PROD-00189,1,86999,0,86999,delivered,none,0
OI-011317,ORD-007278,PROD-00127,1,3299,0,3299,delivered,none,0
OI-011318,ORD-007278,PROD-00028,1,4799,0,4799,delivered,none,0
OI-011319,ORD-007279,PROD-00050,1,999,49,950,delivered,none,0
OI-011320,ORD-007279,PROD-00013,1,4999,249,4750,delivered,none,0
OI-011321,ORD-007279,PROD-00125,2,499,49,949,delivered,none,0
OI-011322,ORD-007280,PROD-00127,1,3199,319,2880,delivered,none,0
OI-011323,ORD-007281,PROD-00080,1,4699,0,4699,delivered,rejected,0
OI-011324,ORD-007282,PROD-00174,1,7699,0,7699,delivered,none,0
OI-011325,ORD-007282,PROD-00029,1,149,0,149,delivered,none,0
OI-011326,ORD-007283,PROD-00269,1,2499,299,2200,delivered,none,0
OI-011327,ORD-007284,PROD-00004,1,2399,0,2399,delivered,none,0
OI-011328,ORD-007285,PROD-00101,1,3399,0,3399,delivered,received,0
OI-011329,ORD-007286,PROD-00070,1,499,59,440,delivered,none,0
OI-011330,ORD-007287,PROD-00114,1,999,49,950,delivered,none,0
OI-011331,ORD-007288,PROD-00030,2,999,99,1899,delivered,none,0
OI-011332,ORD-007289,PROD-00081,1,19999,2399,17600,delivered,none,0
OI-011333,ORD-007290,PROD-00197,1,6699,0,6699,delivered,none,0
OI-011334,ORD-007291,PROD-00118,3,619,0,1857,delivered,none,0
OI-011335,ORD-007292,PROD-00063,1,7899,0,7899,delivered,none,0
OI-011336,ORD-007292,PROD-00017,1,149,0,149,delivered,none,0
OI-011337,ORD-007292,PROD-00118,1,549,0,549,delivered,none,0
OI-011338,ORD-007293,PROD-00017,1,149,14,135,delivered,none,0
OI-011339,ORD-007294,PROD-00269,1,2399,0,2399,delivered,none,0
OI-011340,ORD-007295,PROD-00127,1,3499,0,3499,delivered,none,0
OI-011341,ORD-007296,PROD-00176,1,6499,0,6499,delivered,rejected,0
OI-011342,ORD-007297,PROD-00033,1,6399,511,5888,delivered,none,0
OI-011343,ORD-007297,PROD-00132,1,649,51,598,delivered,none,0
OI-011344,ORD-007297,PROD-00080,1,4499,359,4140,delivered,none,0
OI-011345,ORD-007298,PROD-00174,1,7699,0,7699,delivered,none,0
OI-011346,ORD-007299,PROD-00069,1,1299,0,1299,delivered,none,0
OI-011347,ORD-007300,PROD-00128,1,899,0,899,delivered,none,0
OI-011348,ORD-007301,PROD-00161,1,7399,0,7399,delivered,none,0
OI-011349,ORD-007301,PROD-00016,1,2099,0,2099,delivered,none,0
OI-011350,ORD-007302,PROD-00029,1,139,0,139,cancelled,none,0
OI-011351,ORD-007303,PROD-00127,1,2999,149,2850,delivered,none,0
OI-011352,ORD-007304,PROD-00197,1,6699,0,6699,cancelled,none,7905
OI-011353,ORD-007304,PROD-00018,1,259,0,259,cancelled,none,306
OI-011354,ORD-007304,PROD-00020,1,149,0,149,cancelled,none,176
OI-011355,ORD-007305,PROD-00264,1,22999,2759,20240,delivered,none,0
OI-011356,ORD-007306,PROD-00161,1,7099,0,7099,delivered,none,0
OI-011357,ORD-007307,PROD-00033,1,6599,791,5808,cancelled,none,6853
OI-011358,ORD-007308,PROD-00127,1,3199,255,2944,delivered,none,0
OI-011359,ORD-007308,PROD-00267,1,15999,1279,14720,delivered,none,0
OI-011360,ORD-007308,PROD-00264,1,20999,1679,19320,delivered,none,0
OI-011361,ORD-007308,PROD-00174,1,7999,639,7360,delivered,none,0
OI-011362,ORD-007309,PROD-00024,1,1199,0,1199,delivered,none,0
OI-011363,ORD-007310,PROD-00120,1,6499,779,5720,delivered,none,0
OI-011364,ORD-007311,PROD-00127,1,3199,159,3040,delivered,none,0
OI-011365,ORD-007312,PROD-00111,1,999,0,999,delivered,none,0
OI-011366,ORD-007313,PROD-00026,1,4299,515,3784,delivered,none,0
OI-011367,ORD-007313,PROD-00127,1,3199,383,2816,delivered,none,0
OI-011368,ORD-007314,PROD-00127,1,2999,0,2999,delivered,none,0
OI-011369,ORD-007315,PROD-00017,1,139,0,139,delivered,none,0
OI-011370,ORD-007316,PROD-00248,1,4799,0,4799,delivered,none,0
OI-011371,ORD-007317,PROD-00047,1,105499,0,105499,delivered,none,0
OI-011372,ORD-007318,PROD-00029,1,149,0,149,delivered,none,0
OI-011373,ORD-007318,PROD-00038,1,154499,0,154499,delivered,none,0
OI-011374,ORD-007319,PROD-00029,1,149,0,149,delivered,none,0
OI-011375,ORD-007320,PROD-00009,1,2599,259,2340,delivered,none,0
OI-011376,ORD-007321,PROD-00072,1,6799,679,6120,delivered,none,0
OI-011377,ORD-007322,PROD-00170,1,2999,149,2850,delivered,none,0
OI-011378,ORD-007322,PROD-00174,1,7699,384,7315,delivered,none,0
OI-011379,ORD-007322,PROD-00238,1,30999,1549,29450,delivered,none,0
OI-011380,ORD-007323,PROD-00209,1,20999,0,20999,delivered,none,0
OI-011381,ORD-007324,PROD-00029,2,159,38,280,delivered,none,0
OI-011382,ORD-007324,PROD-00018,1,289,34,255,delivered,none,0
OI-011383,ORD-007325,PROD-00127,1,2999,0,2999,delivered,none,0
OI-011384,ORD-007326,PROD-00174,1,7699,0,7699,delivered,none,0
OI-011385,ORD-007326,PROD-00087,1,7799,0,7799,delivered,none,0
OI-011386,ORD-007327,PROD-00016,1,1999,0,1999,delivered,none,0
OI-011387,ORD-007327,PROD-00052,1,5899,0,5899,delivered,none,0
OI-011388,ORD-007328,PROD-00275,1,36499,3649,32850,delivered,none,0
OI-011389,ORD-007328,PROD-00195,1,1199,119,1080,delivered,none,0
OI-011390,ORD-007329,PROD-00021,1,3999,319,3680,delivered,none,0
OI-011391,ORD-007330,PROD-00120,1,6499,519,5980,delivered,none,0
OI-011392,ORD-007331,PROD-00127,1,3199,383,2816,delivered,none,0
OI-011393,ORD-007331,PROD-00161,1,7099,851,6248,delivered,none,0
OI-011394,ORD-007332,PROD-00068,1,13999,1679,12320,delivered,none,0
OI-011395,ORD-007332,PROD-00028,1,4999,599,4400,delivered,none,0
OI-011396,ORD-007332,PROD-00127,1,3299,395,2904,delivered,none,0
OI-011397,ORD-007332,PROD-00275,1,33499,4019,29480,delivered,none,0
OI-011398,ORD-007332,PROD-00017,1,139,16,123,delivered,none,0
OI-011399,ORD-007333,PROD-00101,1,3299,164,3135,delivered,none,0
OI-011400,ORD-007333,PROD-00264,1,24999,1249,23750,delivered,none,0
OI-011401,ORD-007333,PROD-00132,1,649,32,617,delivered,none,0
OI-011402,ORD-007334,PROD-00046,1,3099,0,3099,cancelled,none,3657
OI-011403,ORD-007335,PROD-00270,1,749,0,749,delivered,none,0
OI-011404,ORD-007336,PROD-00017,1,139,0,139,delivered,pickup_scheduled,0
OI-011405,ORD-007336,PROD-00238,1,30999,0,30999,delivered,none,0
OI-011406,ORD-007337,PROD-00057,1,2499,249,2250,delivered,none,0
OI-011407,ORD-007338,PROD-00274,1,37999,4559,33440,delivered,none,0
OI-011408,ORD-007339,PROD-00275,1,33499,0,33499,delivered,received,0
OI-011409,ORD-007339,PROD-00111,2,999,0,1998,delivered,pickup_scheduled,0
OI-011410,ORD-007340,PROD-00005,1,5999,479,5520,delivered,none,0
OI-011411,ORD-007341,PROD-00152,1,197999,19799,178200,delivered,none,0
OI-011412,ORD-007341,PROD-00120,1,6199,619,5580,delivered,none,0
OI-011413,ORD-007342,PROD-00159,2,1999,199,3799,delivered,none,0
OI-011414,ORD-007343,PROD-00019,1,2899,144,2755,delivered,none,0
OI-011415,ORD-007343,PROD-00102,1,1599,79,1520,delivered,none,0
OI-011416,ORD-007343,PROD-00269,1,2499,124,2375,delivered,none,0
OI-011417,ORD-007344,PROD-00296,1,10499,839,9660,delivered,none,0
OI-011418,ORD-007344,PROD-00117,1,1799,143,1656,delivered,none,0
OI-011419,ORD-007345,PROD-00104,1,12499,0,12499,cancelled,none,0
OI-011420,ORD-007346,PROD-00111,1,999,0,999,delivered,none,0
OI-011421,ORD-007346,PROD-00168,2,709,0,1418,delivered,none,0
OI-011422,ORD-007347,PROD-00174,2,7699,0,15398,delivered,none,0
OI-011423,ORD-007347,PROD-00156,1,80499,0,80499,delivered,none,0
OI-011424,ORD-007347,PROD-00052,1,5899,0,5899,delivered,none,0
OI-011425,ORD-007347,PROD-00008,1,4299,0,4299,delivered,none,0
OI-011426,ORD-007348,PROD-00174,1,7699,0,7699,cancelled,none,9085
OI-011427,ORD-007349,PROD-00007,2,169,27,311,delivered,none,0
OI-011428,ORD-007349,PROD-00061,1,4299,343,3956,delivered,none,0
OI-011429,ORD-007349,PROD-00055,1,15499,1239,14260,delivered,none,0
OI-011430,ORD-007350,PROD-00175,1,759,0,759,delivered,none,0
OI-011431,ORD-007350,PROD-00178,1,50999,0,50999,delivered,none,0
OI-011432,ORD-007351,PROD-00270,1,729,0,729,delivered,none,0
OI-011433,ORD-007351,PROD-00168,1,709,0,709,delivered,none,0
OI-011434,ORD-007352,PROD-00007,2,159,38,280,delivered,none,0
OI-011435,ORD-007353,PROD-00032,1,149,0,149,delivered,none,0
OI-011436,ORD-007354,PROD-00126,1,13999,0,13999,delivered,none,0
OI-011437,ORD-007355,PROD-00027,1,149,0,149,cancelled,none,176
OI-011438,ORD-007355,PROD-00132,1,649,0,649,cancelled,none,766
OI-011439,ORD-007355,PROD-00023,1,199,0,199,cancelled,none,235
OI-011440,ORD-007355,PROD-00127,1,3299,0,3299,cancelled,none,3893
OI-011441,ORD-007356,PROD-00127,1,3199,0,3199,delivered,none,0
OI-011442,ORD-007357,PROD-00245,1,19499,0,19499,delivered,none,0
OI-011443,ORD-007357,PROD-00174,1,7299,0,7299,delivered,none,0
OI-011444,ORD-007357,PROD-00032,1,149,0,149,delivered,none,0
OI-011445,ORD-007358,PROD-00161,1,7099,354,6745,delivered,none,0
OI-011446,ORD-007358,PROD-00034,1,149,7,142,delivered,none,0
OI-011447,ORD-007359,PROD-00014,1,909,0,909,delivered,none,0
OI-011448,ORD-007359,PROD-00154,1,37999,0,37999,delivered,none,0
OI-011449,ORD-007359,PROD-00134,1,15499,0,15499,delivered,none,0
OI-011450,ORD-007359,PROD-00174,1,7699,0,7699,delivered,none,0
OI-011451,ORD-007360,PROD-00067,1,5399,431,4968,delivered,none,0
OI-011452,ORD-007360,PROD-00290,1,46999,3759,43240,delivered,none,0
OI-011453,ORD-007360,PROD-00072,1,6999,559,6440,delivered,none,0
OI-011454,ORD-007361,PROD-00028,1,4799,575,4224,delivered,none,0
OI-011455,ORD-007362,PROD-00270,1,729,0,729,delivered,none,0
OI-011456,ORD-007362,PROD-00128,1,949,0,949,delivered,none,0
OI-011457,ORD-007362,PROD-00018,3,269,0,807,delivered,none,0
OI-011458,ORD-007363,PROD-00201,1,16499,0,16499,delivered,none,0
OI-011459,ORD-007363,PROD-00025,1,739,0,739,delivered,none,0
OI-011460,ORD-007363,PROD-00174,1,7999,0,7999,delivered,none,0
OI-011461,ORD-007363,PROD-00152,1,231999,0,231999,delivered,none,0
OI-011462,ORD-007364,PROD-00161,1,7199,863,6336,delivered,none,0
OI-011463,ORD-007365,PROD-00251,1,8499,679,7820,delivered,none,0
OI-011464,ORD-007366,PROD-00150,1,100499,0,100499,delivered,none,0
OI-011465,ORD-007366,PROD-00016,1,1999,0,1999,delivered,none,0
OI-011466,ORD-007367,PROD-00026,1,4299,0,4299,delivered,none,0
OI-011467,ORD-007367,PROD-00251,1,8499,0,8499,delivered,none,0
OI-011468,ORD-007368,PROD-00127,1,3199,255,2944,delivered,none,0
OI-011469,ORD-007369,PROD-00029,1,139,11,128,delivered,none,0
OI-011470,ORD-007370,PROD-00124,1,1399,111,1288,delivered,none,0
OI-011471,ORD-007371,PROD-00297,1,78499,7849,70650,delivered,none,0
OI-011472,ORD-007371,PROD-00017,1,149,14,135,delivered,none,0
OI-011473,ORD-007371,PROD-00116,1,28999,2899,26100,delivered,none,0
OI-011474,ORD-007372,PROD-00168,1,649,64,585,delivered,none,0
OI-011475,ORD-007373,PROD-00083,1,39999,0,39999,shipped,none,0
OI-011476,ORD-007374,PROD-00174,1,7999,399,7600,delivered,none,0
OI-011477,ORD-007375,PROD-00165,1,4099,0,4099,delivered,none,0
OI-011478,ORD-007375,PROD-00174,1,7699,0,7699,delivered,none,0
OI-011479,ORD-007375,PROD-00161,1,6899,0,6899,delivered,none,0
OI-011480,ORD-007376,PROD-00051,1,6099,0,6099,cancelled,none,0
OI-011481,ORD-007376,PROD-00269,1,2599,0,2599,cancelled,none,0
OI-011482,ORD-007377,PROD-00032,1,149,0,149,delivered,none,0
OI-011483,ORD-007377,PROD-00215,1,76499,0,76499,delivered,none,0
OI-011484,ORD-007378,PROD-00174,1,7699,769,6930,delivered,none,0
OI-011485,ORD-007379,PROD-00005,1,5799,579,5220,delivered,none,0
OI-011486,ORD-007380,PROD-00111,1,999,0,999,delivered,received,0
OI-011487,ORD-007381,PROD-00013,1,4599,0,4599,delivered,none,0
OI-011488,ORD-007381,PROD-00270,1,639,0,639,delivered,none,0
OI-011489,ORD-007382,PROD-00273,1,1099,109,990,delivered,none,0
OI-011490,ORD-007383,PROD-00132,1,649,0,649,delivered,none,0
OI-011491,ORD-007383,PROD-00174,1,7299,0,7299,delivered,none,0
OI-011492,ORD-007383,PROD-00004,1,2599,0,2599,delivered,none,0
OI-011493,ORD-007384,PROD-00132,1,649,77,572,delivered,none,0
OI-011494,ORD-007385,PROD-00002,1,3199,0,3199,cancelled,none,3775
OI-011495,ORD-007386,PROD-00017,2,149,35,263,delivered,none,0
OI-011496,ORD-007387,PROD-00174,1,7699,384,7315,delivered,none,0
OI-011497,ORD-007388,PROD-00055,1,15499,0,15499,delivered,none,0
OI-011498,ORD-007388,PROD-00158,1,101999,0,101999,delivered,none,0
OI-011499,ORD-007389,PROD-00102,1,1499,0,1499,delivered,none,0
OI-011500,ORD-007389,PROD-00161,1,6899,0,6899,delivered,none,0
OI-011501,ORD-007390,PROD-00100,1,27499,0,27499,delivered,none,0
OI-011502,ORD-007390,PROD-00052,1,5899,0,5899,delivered,none,0
OI-011503,ORD-007391,PROD-00010,1,5999,719,5280,delivered,none,0
OI-011504,ORD-007391,PROD-00120,1,6499,779,5720,delivered,none,0
OI-011505,ORD-007391,PROD-00222,1,109499,13139,96360,delivered,none,0
OI-011506,ORD-007392,PROD-00017,1,149,11,138,delivered,none,0
OI-011507,ORD-007393,PROD-00025,1,739,36,703,delivered,none,0
OI-011508,ORD-007394,PROD-00187,1,7099,0,7099,shipped,none,0
OI-011509,ORD-007395,PROD-00244,1,9099,0,9099,delivered,none,0
OI-011510,ORD-007396,PROD-00099,1,999,0,999,delivered,none,0
OI-011511,ORD-007397,PROD-00174,1,7699,769,6930,delivered,none,0
OI-011512,ORD-007398,PROD-00052,1,5899,0,5899,delivered,none,0
OI-011513,ORD-007399,PROD-00114,1,999,119,880,delivered,none,0
OI-011514,ORD-007399,PROD-00040,1,39499,4739,34760,delivered,none,0
OI-011515,ORD-007399,PROD-00174,1,7699,923,6776,delivered,none,0
OI-011516,ORD-007400,PROD-00132,2,649,0,1298,delivered,none,0
OI-011517,ORD-007401,PROD-00108,1,7999,0,7999,delivered,none,0
OI-011518,ORD-007402,PROD-00259,1,8699,0,8699,delivered,none,0
OI-011519,ORD-007402,PROD-00237,1,73999,0,73999,delivered,none,0
OI-011520,ORD-007403,PROD-00266,1,25499,3059,22440,cancelled,none,0
OI-011521,ORD-007403,PROD-00070,3,539,194,1423,cancelled,none,0
OI-011522,ORD-007403,PROD-00073,1,1099,131,968,cancelled,none,0
OI-011523,ORD-007404,PROD-00168,1,729,36,693,delivered,none,0
OI-011524,ORD-007405,PROD-00102,1,1399,139,1260,delivered,none,0
OI-011525,ORD-007406,PROD-00109,1,3299,0,3299,delivered,none,0
OI-011526,ORD-007407,PROD-00009,1,2599,311,2288,delivered,none,0
OI-011527,ORD-007408,PROD-00163,2,469,46,892,delivered,none,0
OI-011528,ORD-007409,PROD-00216,1,129999,0,129999,delivered,none,0
OI-011529,ORD-007410,PROD-00127,1,3299,0,3299,delivered,none,0
OI-011530,ORD-007411,PROD-00032,1,149,0,149,delivered,none,0
OI-011531,ORD-007411,PROD-00251,1,8799,0,8799,delivered,none,0
OI-011532,ORD-007412,PROD-00114,1,999,49,950,delivered,none,0
OI-011533,ORD-007413,PROD-00017,1,159,0,159,delivered,none,0
OI-011534,ORD-007413,PROD-00269,1,2499,0,2499,delivered,none,0
OI-011535,ORD-007413,PROD-00003,1,1299,0,1299,delivered,none,0
OI-011536,ORD-007414,PROD-00004,1,2299,0,2299,delivered,none,0
OI-011537,ORD-007414,PROD-00127,1,3299,0,3299,delivered,none,0
OI-011538,ORD-007415,PROD-00161,1,6899,0,6899,delivered,none,0
OI-011539,ORD-007415,PROD-00132,1,599,0,599,delivered,none,0
OI-011540,ORD-007416,PROD-00017,1,149,0,149,delivered,none,0
OI-011541,ORD-007417,PROD-00161,1,6899,0,6899,delivered,none,0
OI-011542,ORD-007418,PROD-00134,1,15499,0,15499,delivered,none,0
OI-011543,ORD-007419,PROD-00102,1,1599,0,1599,delivered,none,0
OI-011544,ORD-007419,PROD-00269,1,2399,0,2399,delivered,none,0
OI-011545,ORD-007420,PROD-00222,1,109499,0,109499,delivered,none,0
OI-011546,ORD-007421,PROD-00030,1,1099,131,968,delivered,none,0
OI-011547,ORD-007421,PROD-00114,1,999,119,880,delivered,none,0
OI-011548,ORD-007422,PROD-00261,1,22499,0,22499,delivered,none,0
OI-011549,ORD-007423,PROD-00161,1,7199,0,7199,delivered,none,0
OI-011550,ORD-007424,PROD-00270,1,699,34,665,delivered,none,0
OI-011551,ORD-007425,PROD-00111,1,999,0,999,delivered,none,0
OI-011552,ORD-007426,PROD-00174,1,7699,615,7084,delivered,pickup_scheduled,0
OI-011553,ORD-007427,PROD-00113,1,3499,0,3499,delivered,none,0
OI-011554,ORD-007428,PROD-00005,1,5799,0,5799,delivered,none,0
OI-011555,ORD-007429,PROD-00211,1,5299,529,4770,delivered,none,0
OI-011556,ORD-007430,PROD-00174,1,7999,799,7200,delivered,none,0
OI-011557,ORD-007430,PROD-00114,1,999,99,900,delivered,none,0
OI-011558,ORD-007431,PROD-00057,1,2499,0,2499,delivered,none,0
OI-011559,ORD-007432,PROD-00029,1,149,11,138,delivered,none,0
OI-011560,ORD-007432,PROD-00072,1,6799,543,6256,delivered,none,0
OI-011561,ORD-007433,PROD-00013,1,4999,0,4999,delivered,none,0
OI-011562,ORD-007433,PROD-00224,1,119499,0,119499,delivered,none,0
OI-011563,ORD-007434,PROD-00017,1,149,0,149,cancelled,none,0
OI-011564,ORD-007435,PROD-00020,1,149,0,149,delivered,none,0
OI-011565,ORD-007436,PROD-00270,1,729,36,693,delivered,none,0
OI-011566,ORD-007436,PROD-00032,1,149,7,142,delivered,none,0
OI-011567,ORD-007437,PROD-00269,1,2499,0,2499,delivered,none,0
OI-011568,ORD-007437,PROD-00096,1,8899,0,8899,delivered,none,0
OI-011569,ORD-007438,PROD-00209,1,20999,1049,19950,delivered,none,0
OI-011570,ORD-007439,PROD-00017,1,139,13,126,cancelled,none,149
OI-011571,ORD-007439,PROD-00008,1,4399,439,3960,cancelled,none,4673
OI-011572,ORD-007439,PROD-00098,1,20499,2049,18450,cancelled,none,21771
OI-011573,ORD-007440,PROD-00161,1,6899,551,6348,delivered,none,0
OI-011574,ORD-007441,PROD-00256,1,15499,0,15499,delivered,none,0
OI-011575,ORD-007442,PROD-00017,2,149,23,275,delivered,none,0
OI-011576,ORD-007442,PROD-00026,1,4599,367,4232,delivered,none,0
OI-011577,ORD-007443,PROD-00174,1,7299,583,6716,delivered,none,0
OI-011578,ORD-007443,PROD-00128,1,979,78,901,delivered,none,0
OI-011579,ORD-007444,PROD-00174,1,7099,709,6390,delivered,none,0
OI-011580,ORD-007444,PROD-00168,1,759,75,684,delivered,none,0
OI-011581,ORD-007445,PROD-00010,1,5499,0,5499,delivered,none,0
OI-011582,ORD-007445,PROD-00161,1,6899,0,6899,delivered,pickup_scheduled,0
OI-011583,ORD-007446,PROD-00017,1,149,0,149,delivered,none,0
OI-011584,ORD-007447,PROD-00096,1,8899,711,8188,delivered,approved,0
OI-011585,ORD-007448,PROD-00051,1,6299,503,5796,delivered,none,0
OI-011586,ORD-007449,PROD-00115,1,1799,0,1799,cancelled,none,0
OI-011587,ORD-007450,PROD-00108,1,7999,0,7999,cancelled,none,0
OI-011588,ORD-007450,PROD-00117,1,1899,0,1899,cancelled,none,0
OI-011589,ORD-007451,PROD-00161,1,6899,0,6899,delivered,none,0
OI-011590,ORD-007452,PROD-00067,1,5399,539,4860,delivered,none,0
OI-011591,ORD-007452,PROD-00269,2,2499,499,4499,delivered,none,0
OI-011592,ORD-007453,PROD-00054,1,7599,0,7599,delivered,none,0
OI-011593,ORD-007454,PROD-00165,1,3899,311,3588,delivered,none,0
OI-011594,ORD-007455,PROD-00105,1,31999,0,31999,delivered,none,0
OI-011595,ORD-007455,PROD-00032,1,149,0,149,delivered,none,0
OI-011596,ORD-007455,PROD-00106,1,30499,0,30499,delivered,none,0
OI-011597,ORD-007456,PROD-00269,1,2499,0,2499,delivered,none,0
OI-011598,ORD-007456,PROD-00017,2,149,0,298,delivered,none,0
OI-011599,ORD-007457,PROD-00011,1,309,0,309,delivered,none,0
OI-011600,ORD-007458,PROD-00248,1,4799,383,4416,delivered,none,0
OI-011601,ORD-007459,PROD-00025,1,739,0,739,delivered,none,0
OI-011602,ORD-007459,PROD-00168,1,709,0,709,delivered,none,0
OI-011603,ORD-007459,PROD-00127,1,2999,0,2999,delivered,none,0
OI-011604,ORD-007460,PROD-00111,1,999,0,999,delivered,none,0
OI-011605,ORD-007460,PROD-00052,1,6099,0,6099,delivered,none,0
OI-011606,ORD-007460,PROD-00017,1,159,0,159,delivered,none,0
OI-011607,ORD-007461,PROD-00017,1,149,0,149,delivered,none,0
OI-011608,ORD-007462,PROD-00009,1,2799,0,2799,delivered,none,0
OI-011609,ORD-007463,PROD-00091,1,899,89,810,delivered,none,0
OI-011610,ORD-007464,PROD-00168,1,709,0,709,delivered,none,0
OI-011611,ORD-007465,PROD-00004,1,2599,0,2599,delivered,none,0
OI-011612,ORD-007465,PROD-00203,1,24999,0,24999,delivered,none,0
OI-011613,ORD-007465,PROD-00032,1,149,0,149,delivered,none,0
OI-011614,ORD-007466,PROD-00016,1,1999,0,1999,delivered,none,0
OI-011615,ORD-007467,PROD-00050,1,979,0,979,delivered,none,0
OI-011616,ORD-007468,PROD-00261,1,19999,999,19000,cancelled,none,0
OI-011617,ORD-007469,PROD-00262,1,11499,1379,10120,delivered,none,0
OI-011618,ORD-007470,PROD-00270,1,699,55,644,delivered,none,0
OI-011619,ORD-007471,PROD-00017,2,149,0,298,delivered,none,0
OI-011620,ORD-007471,PROD-00069,1,1499,0,1499,delivered,none,0
OI-011621,ORD-007472,PROD-00072,1,6299,0,6299,delivered,none,0
OI-011622,ORD-007472,PROD-00131,1,5399,0,5399,delivered,pickup_scheduled,0
OI-011623,ORD-007472,PROD-00017,2,149,0,298,delivered,received,0
OI-011624,ORD-007473,PROD-00017,2,149,14,284,delivered,none,0
OI-011625,ORD-007473,PROD-00174,1,7699,384,7315,delivered,none,0
OI-011626,ORD-007474,PROD-00132,1,649,0,649,delivered,none,0
OI-011627,ORD-007475,PROD-00183,1,30499,0,30499,delivered,none,0
OI-011628,ORD-007476,PROD-00072,1,6799,0,6799,delivered,none,0
OI-011629,ORD-007476,PROD-00055,1,15499,0,15499,delivered,none,0
OI-011630,ORD-007477,PROD-00025,1,739,88,651,delivered,none,0
OI-011631,ORD-007478,PROD-00222,1,109499,0,109499,delivered,none,0
OI-011632,ORD-007478,PROD-00004,3,2499,0,7497,delivered,none,0
OI-011633,ORD-007479,PROD-00002,1,3199,255,2944,delivered,none,0
OI-011634,ORD-007480,PROD-00127,1,2899,347,2552,delivered,none,0
OI-011635,ORD-007480,PROD-00161,1,7399,887,6512,delivered,none,0
OI-011636,ORD-007481,PROD-00017,1,149,0,149,shipped,none,0
OI-011637,ORD-007481,PROD-00127,1,3199,0,3199,shipped,none,0
OI-011638,ORD-007482,PROD-00017,1,149,0,149,cancelled,none,0
OI-011639,ORD-007482,PROD-00296,1,10999,0,10999,cancelled,none,0
OI-011640,ORD-007483,PROD-00206,1,26499,0,26499,delivered,none,0
OI-011641,ORD-007484,PROD-00130,1,12999,1299,11700,delivered,none,0
OI-011642,ORD-007485,PROD-00131,1,5899,294,5605,delivered,none,0
OI-011643,ORD-007486,PROD-00017,1,149,0,149,delivered,none,0
OI-011644,ORD-007486,PROD-00016,1,1999,0,1999,delivered,none,0
OI-011645,ORD-007487,PROD-00119,1,9899,494,9405,delivered,none,0
OI-011646,ORD-007487,PROD-00210,1,13499,674,12825,delivered,none,0
OI-011647,ORD-007487,PROD-00257,1,7299,364,6935,delivered,none,0
OI-011648,ORD-007487,PROD-00057,1,2399,119,2280,delivered,none,0
OI-011649,ORD-007488,PROD-00020,1,149,0,149,delivered,none,0
OI-011650,ORD-007489,PROD-00174,1,7699,615,7084,delivered,none,0
OI-011651,ORD-007490,PROD-00174,1,7699,0,7699,delivered,none,0
OI-011652,ORD-007490,PROD-00052,1,6399,0,6399,delivered,none,0
OI-011653,ORD-007490,PROD-00288,1,75999,0,75999,delivered,none,0
OI-011654,ORD-007490,PROD-00191,1,36999,0,36999,delivered,none,0
OI-011655,ORD-007491,PROD-00013,1,4999,0,4999,delivered,none,0
OI-011656,ORD-007492,PROD-00269,1,2599,0,2599,delivered,none,0
OI-011657,ORD-007492,PROD-00174,1,7699,0,7699,delivered,none,0
OI-011658,ORD-007492,PROD-00083,1,37999,0,37999,delivered,none,0
OI-011659,ORD-007492,PROD-00099,1,949,0,949,delivered,none,0
OI-011660,ORD-007493,PROD-00005,1,5799,463,5336,delivered,none,0
OI-011661,ORD-007493,PROD-00217,1,11999,959,11040,delivered,none,0
OI-011662,ORD-007494,PROD-00094,1,37999,0,37999,delivered,none,0
OI-011663,ORD-007494,PROD-00126,1,14999,0,14999,delivered,none,0
OI-011664,ORD-007494,PROD-00032,1,139,0,139,delivered,none,0
OI-011665,ORD-007495,PROD-00260,1,4999,0,4999,delivered,none,0
OI-011666,ORD-007495,PROD-00295,1,59999,0,59999,delivered,none,0
OI-011667,ORD-007496,PROD-00165,1,3899,389,3510,delivered,none,0
OI-011668,ORD-007496,PROD-00126,1,13999,1399,12600,delivered,none,0
OI-011669,ORD-007497,PROD-00075,1,63499,0,63499,delivered,none,0
OI-011670,ORD-007498,PROD-00265,2,10999,2639,19359,delivered,none,0
OI-011671,ORD-007498,PROD-00228,1,69999,8399,61600,delivered,none,0
OI-011672,ORD-007498,PROD-00098,1,20499,2459,18040,delivered,none,0
OI-011673,ORD-007498,PROD-00121,1,4999,599,4400,delivered,none,0
OI-011674,ORD-007499,PROD-00002,1,3199,0,3199,delivered,none,0
OI-011675,ORD-007500,PROD-00007,1,159,0,159,delivered,none,0
OI-011676,ORD-007500,PROD-00025,1,739,0,739,delivered,none,0
OI-011677,ORD-007501,PROD-00241,1,26499,3179,23320,delivered,approved,0
OI-011678,ORD-007501,PROD-00009,1,2599,311,2288,delivered,requested,0
OI-011679,ORD-007502,PROD-00024,1,1299,129,1170,delivered,none,0
OI-011680,ORD-007502,PROD-00239,1,69499,6949,62550,delivered,none,0
OI-011681,ORD-007503,PROD-00004,2,2199,219,4179,delivered,none,0
OI-011682,ORD-007504,PROD-00050,1,939,0,939,delivered,none,0
OI-011683,ORD-007505,PROD-00223,1,82499,8249,74250,delivered,none,0
OI-011684,ORD-007506,PROD-00094,1,39499,3949,35550,delivered,none,0
OI-011685,ORD-007507,PROD-00161,1,7199,359,6840,delivered,none,0
OI-011686,ORD-007508,PROD-00087,1,7499,899,6600,delivered,none,0
OI-011687,ORD-007509,PROD-00269,1,2499,0,2499,delivered,none,0
OI-011688,ORD-007510,PROD-00127,1,3199,0,3199,delivered,none,0
OI-011689,ORD-007510,PROD-00059,1,469,0,469,delivered,none,0
OI-011690,ORD-007510,PROD-00017,1,149,0,149,delivered,none,0
OI-011691,ORD-007511,PROD-00017,1,149,7,142,delivered,none,0
OI-011692,ORD-007512,PROD-00108,1,7999,0,7999,delivered,requested,0
OI-011693,ORD-007512,PROD-00251,1,8099,0,8099,delivered,none,0
OI-011694,ORD-007512,PROD-00127,1,3199,0,3199,delivered,none,0
OI-011695,ORD-007512,PROD-00071,1,3399,0,3399,delivered,none,0
OI-011696,ORD-007513,PROD-00195,1,999,0,999,delivered,none,0
OI-011697,ORD-007514,PROD-00051,1,5799,695,5104,delivered,pickup_scheduled,0
OI-011698,ORD-007515,PROD-00104,1,11499,0,11499,delivered,none,0
OI-011699,ORD-007515,PROD-00011,1,309,0,309,delivered,none,0
OI-011700,ORD-007516,PROD-00057,1,2499,199,2300,delivered,none,0
OI-011701,ORD-007516,PROD-00055,1,15499,1239,14260,delivered,none,0
OI-011702,ORD-007516,PROD-00161,1,6299,503,5796,delivered,none,0
OI-011703,ORD-007516,PROD-00068,1,13999,1119,12880,delivered,none,0
OI-011704,ORD-007517,PROD-00264,1,22999,0,22999,delivered,none,0
OI-011705,ORD-007517,PROD-00017,1,149,0,149,delivered,none,0
OI-011706,ORD-007518,PROD-00025,3,779,186,2151,delivered,none,0
OI-011707,ORD-007518,PROD-00251,1,8499,679,7820,delivered,none,0
OI-011708,ORD-007519,PROD-00021,1,3999,399,3600,delivered,none,0
OI-011709,ORD-007519,PROD-00059,1,519,51,468,delivered,none,0
OI-011710,ORD-007520,PROD-00114,1,999,119,880,delivered,none,0
OI-011711,ORD-007521,PROD-00072,1,6799,815,5984,cancelled,none,7061
OI-011712,ORD-007522,PROD-00006,1,149,0,149,delivered,none,0
OI-011713,ORD-007523,PROD-00029,1,149,0,149,delivered,none,0
OI-011714,ORD-007524,PROD-00242,1,133999,0,133999,delivered,none,0
OI-011715,ORD-007525,PROD-00108,1,7999,0,7999,delivered,none,0
OI-011716,ORD-007526,PROD-00011,1,319,38,281,cancelled,none,0
OI-011717,ORD-007526,PROD-00017,1,149,17,132,cancelled,none,0
OI-011718,ORD-007527,PROD-00174,1,7699,769,6930,delivered,none,0
OI-011719,ORD-007528,PROD-00048,1,62999,0,62999,delivered,none,0
OI-011720,ORD-007529,PROD-00016,1,2099,0,2099,delivered,none,0
OI-011721,ORD-007529,PROD-00168,1,759,0,759,delivered,none,0
OI-011722,ORD-007530,PROD-00072,1,6799,679,6120,delivered,none,0
OI-011723,ORD-007531,PROD-00026,1,4299,343,3956,delivered,none,0
OI-011724,ORD-007532,PROD-00003,1,1399,0,1399,cancelled,none,1651
OI-011725,ORD-007533,PROD-00024,1,1399,111,1288,delivered,none,0
OI-011726,ORD-007534,PROD-00016,1,1999,0,1999,delivered,none,0
OI-011727,ORD-007534,PROD-00022,2,1299,0,2598,delivered,none,0
OI-011728,ORD-007535,PROD-00169,1,2899,144,2755,delivered,none,0
OI-011729,ORD-007535,PROD-00086,1,58999,2949,56050,delivered,none,0
OI-011730,ORD-007535,PROD-00269,1,2399,119,2280,delivered,none,0
OI-011731,ORD-007536,PROD-00005,1,5799,463,5336,delivered,none,0
OI-011732,ORD-007537,PROD-00053,1,5799,695,5104,delivered,none,0
OI-011733,ORD-007538,PROD-00007,1,179,21,158,delivered,none,0
OI-011734,ORD-007539,PROD-00240,1,7999,0,7999,delivered,none,0
OI-011735,ORD-007540,PROD-00269,1,2499,199,2300,delivered,none,0
OI-011736,ORD-007541,PROD-00161,1,6899,344,6555,delivered,none,0
OI-011737,ORD-007541,PROD-00174,1,7099,354,6745,delivered,none,0
OI-011738,ORD-007542,PROD-00104,1,12499,624,11875,delivered,none,0
OI-011739,ORD-007542,PROD-00264,1,22999,1149,21850,delivered,none,0
OI-011740,ORD-007543,PROD-00017,1,149,11,138,delivered,none,0
OI-011741,ORD-007544,PROD-00132,1,649,77,572,delivered,none,0
OI-011742,ORD-007545,PROD-00111,1,919,0,919,delivered,received,0
OI-011743,ORD-007546,PROD-00114,1,999,0,999,delivered,none,0
OI-011744,ORD-007547,PROD-00017,1,149,7,142,delivered,none,0
OI-011745,ORD-007548,PROD-00128,2,949,0,1898,delivered,none,0
OI-011746,ORD-007548,PROD-00278,1,14499,0,14499,delivered,none,0
OI-011747,ORD-007548,PROD-00197,1,6699,0,6699,delivered,none,0
OI-011748,ORD-007548,PROD-00020,1,159,0,159,delivered,none,0
OI-011749,ORD-007549,PROD-00122,1,2499,299,2200,cancelled,none,2596
OI-011750,ORD-007550,PROD-00014,1,959,95,864,delivered,none,0
OI-011751,ORD-007550,PROD-00243,2,129999,25999,233999,delivered,none,0
OI-011752,ORD-007551,PROD-00127,1,3199,0,3199,delivered,none,0
OI-011753,ORD-007551,PROD-00133,1,459,0,459,delivered,none,0
OI-011754,ORD-007552,PROD-00242,1,129999,10399,119600,delivered,none,0
OI-011755,ORD-007552,PROD-00247,1,12499,999,11500,delivered,none,0
OI-011756,ORD-007552,PROD-00032,1,149,11,138,delivered,none,0
OI-011757,ORD-007552,PROD-00282,1,21999,1759,20240,delivered,none,0
OI-011758,ORD-007553,PROD-00052,1,5899,294,5605,delivered,none,0
OI-011759,ORD-007553,PROD-00013,1,4999,249,4750,delivered,none,0
OI-011760,ORD-007553,PROD-00026,1,4599,229,4370,delivered,none,0
OI-011761,ORD-007554,PROD-00264,1,22999,0,22999,delivered,none,0
OI-011762,ORD-007555,PROD-00109,1,3299,0,3299,delivered,none,0
OI-011763,ORD-007556,PROD-00017,1,149,0,149,delivered,none,0
OI-011764,ORD-007557,PROD-00072,1,6299,314,5985,delivered,approved,0
OI-011765,ORD-007558,PROD-00025,2,699,139,1259,delivered,none,0
OI-011766,ORD-007559,PROD-00127,1,3199,0,3199,delivered,none,0
OI-011767,ORD-007560,PROD-00168,1,709,35,674,cancelled,none,795
OI-011768,ORD-007560,PROD-00008,1,4299,214,4085,cancelled,none,4820
OI-011769,ORD-007561,PROD-00116,1,28999,0,28999,delivered,approved,0
OI-011770,ORD-007562,PROD-00248,1,4799,0,4799,delivered,none,0
OI-011771,ORD-007563,PROD-00132,1,699,34,665,delivered,none,0
OI-011772,ORD-007564,PROD-00032,1,159,12,147,delivered,none,0
OI-011773,ORD-007565,PROD-00072,2,6299,0,12598,delivered,none,0
OI-011774,ORD-007566,PROD-00270,1,699,0,699,delivered,none,0
OI-011775,ORD-007567,PROD-00021,1,3999,0,3999,delivered,none,0
OI-011776,ORD-007567,PROD-00161,1,7199,0,7199,delivered,none,0
OI-011777,ORD-007568,PROD-00013,1,4999,0,4999,delivered,approved,0
OI-011778,ORD-007568,PROD-00268,1,44999,0,44999,delivered,none,0
OI-011779,ORD-007569,PROD-00033,1,6399,0,6399,delivered,none,0
OI-011780,ORD-007569,PROD-00017,3,139,0,417,delivered,none,0
OI-011781,ORD-007570,PROD-00270,1,659,52,607,delivered,none,0
OI-011782,ORD-007571,PROD-00050,1,859,0,859,delivered,none,0
OI-011783,ORD-007571,PROD-00117,1,1699,0,1699,delivered,none,0
OI-011784,ORD-007571,PROD-00251,1,9199,0,9199,delivered,none,0
OI-011785,ORD-007572,PROD-00060,1,9199,0,9199,delivered,none,0
OI-011786,ORD-007573,PROD-00017,2,149,23,275,delivered,approved,0
OI-011787,ORD-007574,PROD-00211,1,5299,0,5299,delivered,none,0
OI-011788,ORD-007575,PROD-00204,1,27499,3299,24200,delivered,none,0
OI-011789,ORD-007575,PROD-00017,1,149,17,132,delivered,none,0
OI-011790,ORD-007575,PROD-00014,1,959,115,844,delivered,none,0
OI-011791,ORD-007576,PROD-00069,1,1499,149,1350,delivered,none,0
OI-011792,ORD-007576,PROD-00006,1,149,14,135,delivered,none,0
OI-011793,ORD-007576,PROD-00264,1,22999,2299,20700,delivered,none,0
OI-011794,ORD-007576,PROD-00132,1,599,59,540,delivered,none,0
OI-011795,ORD-007577,PROD-00026,1,4099,0,4099,delivered,none,0
OI-011796,ORD-007577,PROD-00174,1,7699,0,7699,delivered,none,0
OI-011797,ORD-007578,PROD-00069,1,1399,139,1260,delivered,none,0
OI-011798,ORD-007579,PROD-00025,1,739,0,739,delivered,none,0
OI-011799,ORD-007580,PROD-00161,1,7399,887,6512,delivered,none,0
OI-011800,ORD-007581,PROD-00029,2,149,35,263,delivered,none,0
OI-011801,ORD-007581,PROD-00072,1,6499,779,5720,delivered,none,0
OI-011802,ORD-007582,PROD-00127,1,3299,0,3299,delivered,none,0
OI-011803,ORD-007582,PROD-00171,1,6399,0,6399,delivered,none,0
OI-011804,ORD-007582,PROD-00271,1,12499,0,12499,delivered,none,0
OI-011805,ORD-007583,PROD-00111,1,949,0,949,delivered,none,0
OI-011806,ORD-007584,PROD-00020,1,149,0,149,delivered,none,0
OI-011807,ORD-007585,PROD-00203,1,24999,2499,22500,delivered,none,0
OI-011808,ORD-007586,PROD-00174,1,7699,923,6776,delivered,none,0
OI-011809,ORD-007587,PROD-00169,1,2899,0,2899,delivered,none,0
OI-011810,ORD-007587,PROD-00013,1,5299,0,5299,delivered,none,0
OI-011811,ORD-007588,PROD-00012,1,149,7,142,delivered,none,0
OI-011812,ORD-007589,PROD-00174,1,7099,0,7099,delivered,none,0
OI-011813,ORD-007589,PROD-00026,1,4099,0,4099,delivered,none,0
OI-011814,ORD-007590,PROD-00159,1,1999,0,1999,delivered,none,0
OI-011815,ORD-007591,PROD-00185,1,6799,0,6799,cancelled,none,0
OI-011816,ORD-007592,PROD-00174,1,7699,923,6776,delivered,none,0
OI-011817,ORD-007593,PROD-00127,1,3199,383,2816,delivered,none,0
OI-011818,ORD-007594,PROD-00062,1,499,0,499,delivered,none,0
OI-011819,ORD-007595,PROD-00161,1,7399,0,7399,delivered,none,0
OI-011820,ORD-007596,PROD-00102,1,1399,111,1288,cancelled,none,1520
OI-011821,ORD-007597,PROD-00158,1,109999,5499,104500,delivered,none,0
OI-011822,ORD-007597,PROD-00017,2,139,13,265,delivered,none,0
OI-011823,ORD-007598,PROD-00111,1,999,0,999,delivered,none,0
OI-011824,ORD-007599,PROD-00243,1,129999,0,129999,delivered,none,0
OI-011825,ORD-007599,PROD-00019,1,3099,0,3099,delivered,none,0
OI-011826,ORD-007599,PROD-00017,1,149,0,149,delivered,none,0
OI-011827,ORD-007600,PROD-00269,1,2499,0,2499,delivered,none,0
OI-011828,ORD-007600,PROD-00029,3,149,0,447,delivered,none,0
OI-011829,ORD-007601,PROD-00212,1,5499,0,5499,delivered,none,0
OI-011830,ORD-007602,PROD-00072,1,7099,354,6745,delivered,none,0
OI-011831,ORD-007603,PROD-00060,1,10499,0,10499,delivered,none,0
OI-011832,ORD-007603,PROD-00057,1,2299,0,2299,delivered,none,0
OI-011833,ORD-007604,PROD-00276,1,29999,2999,27000,delivered,none,0
OI-011834,ORD-007604,PROD-00269,1,2599,259,2340,delivered,none,0
OI-011835,ORD-007605,PROD-00051,1,6299,0,6299,delivered,none,0
OI-011836,ORD-007606,PROD-00097,1,1299,0,1299,delivered,none,0
OI-011837,ORD-007607,PROD-00174,1,8299,663,7636,cancelled,none,9010
OI-011838,ORD-007607,PROD-00114,1,949,75,874,cancelled,none,1031
OI-011839,ORD-007607,PROD-00277,1,1099,87,1012,cancelled,none,1194
OI-011840,ORD-007608,PROD-00056,1,3599,179,3420,delivered,none,0
OI-011841,ORD-007609,PROD-00170,1,3499,0,3499,delivered,none,0
OI-011842,ORD-007610,PROD-00032,1,149,0,149,delivered,none,0
OI-011843,ORD-007611,PROD-00142,1,160999,0,160999,delivered,none,0
OI-011844,ORD-007612,PROD-00174,1,7999,0,7999,delivered,none,0
OI-011845,ORD-007613,PROD-00142,1,174999,20999,154000,delivered,none,0
OI-011846,ORD-007614,PROD-00017,1,139,0,139,cancelled,none,0
OI-011847,ORD-007614,PROD-00245,1,19999,0,19999,cancelled,none,0
OI-011848,ORD-007614,PROD-00123,1,15999,0,15999,cancelled,none,0
OI-011849,ORD-007615,PROD-00128,1,949,0,949,delivered,none,0
OI-011850,ORD-007616,PROD-00124,1,1499,0,1499,delivered,none,0
OI-011851,ORD-007617,PROD-00002,1,3199,0,3199,delivered,none,0
OI-011852,ORD-007618,PROD-00025,1,739,0,739,delivered,pickup_scheduled,0
OI-011853,ORD-007618,PROD-00117,1,1999,0,1999,delivered,approved,0
OI-011854,ORD-007618,PROD-00127,1,2999,0,2999,delivered,none,0
OI-011855,ORD-007619,PROD-00174,1,7299,0,7299,cancelled,none,8613
OI-011856,ORD-007620,PROD-00169,1,2799,0,2799,delivered,none,0
OI-011857,ORD-007621,PROD-00059,1,539,64,475,delivered,pickup_scheduled,0
OI-011858,ORD-007622,PROD-00200,1,26499,1324,25175,delivered,none,0
OI-011859,ORD-007623,PROD-00020,1,149,0,149,delivered,none,0
OI-011860,ORD-007624,PROD-00269,1,2299,0,2299,cancelled,none,2713
OI-011861,ORD-007624,PROD-00028,1,5199,0,5199,cancelled,none,6135
OI-011862,ORD-007624,PROD-00063,1,8299,0,8299,cancelled,none,9793
OI-011863,ORD-007624,PROD-00032,1,139,0,139,cancelled,none,164
OI-011864,ORD-007625,PROD-00011,1,319,38,281,delivered,none,0
OI-011865,ORD-007625,PROD-00055,1,16499,1979,14520,delivered,none,0
OI-011866,ORD-007626,PROD-00235,1,49499,0,49499,delivered,none,0
OI-011867,ORD-007627,PROD-00020,1,159,7,152,delivered,requested,0
OI-011868,ORD-007628,PROD-00029,1,139,13,126,delivered,none,0
OI-011869,ORD-007628,PROD-00211,1,5299,529,4770,delivered,none,0
OI-011870,ORD-007629,PROD-00066,1,959,0,959,delivered,none,0
OI-011871,ORD-007629,PROD-00028,1,4799,0,4799,delivered,none,0
OI-011872,ORD-007630,PROD-00126,1,14499,0,14499,delivered,none,0
OI-011873,ORD-007631,PROD-00161,1,6299,0,6299,delivered,none,0
OI-011874,ORD-007632,PROD-00123,1,15999,0,15999,delivered,none,0
OI-011875,ORD-007633,PROD-00020,1,139,6,133,delivered,none,0
OI-011876,ORD-007634,PROD-00227,1,55999,0,55999,delivered,none,0
OI-011877,ORD-007634,PROD-00159,1,1999,0,1999,delivered,none,0
OI-011878,ORD-007634,PROD-00174,1,7699,0,7699,delivered,none,0
OI-011879,ORD-007635,PROD-00057,2,2299,0,4598,delivered,none,0
OI-011880,ORD-007635,PROD-00151,1,27999,0,27999,delivered,none,0
OI-011881,ORD-007636,PROD-00174,1,7299,0,7299,delivered,none,0
OI-011882,ORD-007636,PROD-00217,1,11499,0,11499,delivered,none,0
OI-011883,ORD-007636,PROD-00017,1,149,0,149,delivered,none,0
OI-011884,ORD-007636,PROD-00110,1,31499,0,31499,delivered,none,0
OI-011885,ORD-007637,PROD-00215,1,76499,0,76499,delivered,none,0
OI-011886,ORD-007637,PROD-00007,2,169,0,338,delivered,none,0
OI-011887,ORD-007637,PROD-00017,1,149,0,149,delivered,none,0
OI-011888,ORD-007638,PROD-00172,1,1099,0,1099,delivered,none,0
OI-011889,ORD-007639,PROD-00029,2,149,29,269,delivered,none,0
OI-011890,ORD-007639,PROD-00079,1,52499,5249,47250,delivered,none,0
OI-011891,ORD-007640,PROD-00246,1,15499,0,15499,delivered,none,0
OI-011892,ORD-007641,PROD-00089,1,20999,0,20999,delivered,none,0
OI-011893,ORD-007641,PROD-00104,1,12499,0,12499,delivered,none,0
OI-011894,ORD-007642,PROD-00118,1,579,46,533,delivered,none,0
OI-011895,ORD-007642,PROD-00084,1,18499,1479,17020,delivered,none,0
OI-011896,ORD-007642,PROD-00017,1,149,11,138,delivered,none,0
OI-011897,ORD-007643,PROD-00017,2,149,23,275,delivered,none,0
OI-011898,ORD-007644,PROD-00005,1,5999,0,5999,delivered,received,0
OI-011899,ORD-007645,PROD-00257,1,7299,0,7299,delivered,none,0
OI-011900,ORD-007645,PROD-00269,1,2299,0,2299,delivered,none,0
OI-011901,ORD-007646,PROD-00197,1,6699,535,6164,delivered,none,0
OI-011902,ORD-007647,PROD-00029,1,149,0,149,delivered,none,0
OI-011903,ORD-007648,PROD-00014,1,959,0,959,delivered,none,0
OI-011904,ORD-007649,PROD-00131,1,5899,294,5605,delivered,none,0
OI-011905,ORD-007650,PROD-00289,1,43999,0,43999,delivered,none,0
OI-011906,ORD-007651,PROD-00022,1,1399,69,1330,delivered,none,0
OI-011907,ORD-007651,PROD-00127,1,3499,174,3325,delivered,none,0
OI-011908,ORD-007651,PROD-00283,1,18499,924,17575,delivered,none,0
OI-011909,ORD-007651,PROD-00282,1,21999,1099,20900,delivered,none,0
OI-011910,ORD-007652,PROD-00122,1,2499,0,2499,delivered,none,0
OI-011911,ORD-007653,PROD-00250,1,1999,0,1999,delivered,none,0
OI-011912,ORD-007654,PROD-00168,1,669,0,669,shipped,none,0
OI-011913,ORD-007655,PROD-00034,1,149,0,149,delivered,none,0
OI-011914,ORD-007656,PROD-00056,1,3899,467,3432,delivered,none,0
OI-011915,ORD-007656,PROD-00031,1,239,28,211,delivered,none,0
OI-011916,ORD-007657,PROD-00144,1,33999,0,33999,delivered,none,0
OI-011917,ORD-007658,PROD-00020,2,149,35,263,delivered,none,0
OI-011918,ORD-007659,PROD-00017,1,149,0,149,delivered,none,0
OI-011919,ORD-007660,PROD-00232,1,116999,0,116999,delivered,none,0
OI-011920,ORD-007661,PROD-00174,1,7999,399,7600,delivered,none,0
OI-011921,ORD-007662,PROD-00007,1,179,8,171,delivered,none,0
OI-011922,ORD-007662,PROD-00032,1,149,7,142,delivered,none,0
OI-011923,ORD-007662,PROD-00176,1,7099,354,6745,delivered,none,0
OI-011924,ORD-007663,PROD-00033,1,6399,0,6399,delivered,none,0
OI-011925,ORD-007664,PROD-00161,1,6899,0,6899,delivered,none,0
OI-011926,ORD-007665,PROD-00030,1,1099,0,1099,delivered,none,0
OI-011927,ORD-007665,PROD-00055,1,15499,0,15499,delivered,none,0
OI-011928,ORD-007665,PROD-00098,1,18999,0,18999,delivered,none,0
OI-011929,ORD-007666,PROD-00185,1,6499,519,5980,delivered,none,0
OI-011930,ORD-007667,PROD-00017,1,139,6,133,cancelled,none,157
OI-011931,ORD-007668,PROD-00020,1,149,17,132,delivered,none,0
OI-011932,ORD-007668,PROD-00117,1,1899,227,1672,delivered,none,0
OI-011933,ORD-007669,PROD-00080,1,4499,0,4499,delivered,none,0
OI-011934,ORD-007670,PROD-00174,1,7299,729,6570,shipped,none,0
OI-011935,ORD-007670,PROD-00052,1,5599,559,5040,shipped,none,0
OI-011936,ORD-007670,PROD-00120,1,6499,649,5850,shipped,none,0
OI-011937,ORD-007670,PROD-00004,1,2399,239,2160,shipped,none,0
OI-011938,ORD-007671,PROD-00111,1,999,0,999,shipped,none,0
OI-011939,ORD-007672,PROD-00161,1,6899,0,6899,delivered,none,0
OI-011940,ORD-007673,PROD-00003,1,1399,0,1399,delivered,none,0
OI-011941,ORD-007673,PROD-00174,1,7699,0,7699,delivered,none,0
OI-011942,ORD-007673,PROD-00029,1,149,0,149,delivered,none,0
OI-011943,ORD-007674,PROD-00008,1,4299,214,4085,delivered,none,0
OI-011944,ORD-007674,PROD-00264,1,22999,1149,21850,delivered,none,0
OI-011945,ORD-007675,PROD-00001,1,5199,519,4680,delivered,none,0
OI-011946,ORD-007676,PROD-00222,1,109499,5474,104025,shipped,none,0
OI-011947,ORD-007676,PROD-00241,1,27499,1374,26125,shipped,none,0
OI-011948,ORD-007677,PROD-00024,1,1299,0,1299,delivered,none,0
OI-011949,ORD-007677,PROD-00020,1,149,0,149,delivered,none,0
OI-011950,ORD-007678,PROD-00109,1,3299,263,3036,cancelled,none,0
OI-011951,ORD-007679,PROD-00100,1,27499,1374,26125,shipped,none,0
OI-011952,ORD-007679,PROD-00057,1,2499,124,2375,shipped,none,0
OI-011953,ORD-007680,PROD-00067,1,5399,0,5399,delivered,none,0
OI-011954,ORD-007681,PROD-00012,1,159,0,159,delivered,none,0
OI-011955,ORD-007682,PROD-00017,1,149,0,149,delivered,none,0
OI-011956,ORD-007683,PROD-00132,1,649,0,649,delivered,none,0
OI-011957,ORD-007684,PROD-00108,1,7999,959,7040,delivered,none,0
OI-011958,ORD-007684,PROD-00029,1,149,17,132,delivered,none,0
OI-011959,ORD-007684,PROD-00055,1,15499,1859,13640,delivered,none,0
OI-011960,ORD-007685,PROD-00004,1,2199,0,2199,shipped,none,0
OI-011961,ORD-007685,PROD-00028,1,4799,0,4799,shipped,none,0
OI-011962,ORD-007686,PROD-00034,1,149,0,149,delivered,none,0
OI-011963,ORD-007686,PROD-00270,2,699,0,1398,delivered,none,0
OI-011964,ORD-007687,PROD-00111,1,999,0,999,delivered,none,0
OI-011965,ORD-007687,PROD-00165,1,3699,0,3699,delivered,none,0
OI-011966,ORD-007688,PROD-00260,1,4999,0,4999,shipped,none,0
OI-011967,ORD-007689,PROD-00259,1,8699,0,8699,delivered,none,0
OI-011968,ORD-007690,PROD-00159,1,1899,151,1748,delivered,none,0
OI-011969,ORD-007691,PROD-00100,1,28499,0,28499,shipped,none,0
OI-011970,ORD-007692,PROD-00132,2,649,0,1298,delivered,none,0
OI-011971,ORD-007693,PROD-00296,1,11999,1439,10560,delivered,none,0
OI-011972,ORD-007694,PROD-00116,1,30499,1524,28975,delivered,none,0
OI-011973,ORD-007695,PROD-00289,1,43999,0,43999,delivered,none,0
OI-011974,ORD-007696,PROD-00013,1,4999,0,4999,delivered,none,0
OI-011975,ORD-007697,PROD-00251,1,8499,1019,7480,shipped,none,0
OI-011976,ORD-007698,PROD-00108,1,7399,0,7399,shipped,none,0
OI-011977,ORD-007698,PROD-00104,1,12499,0,12499,shipped,none,0
OI-011978,ORD-007698,PROD-00269,1,2499,0,2499,shipped,none,0
OI-011979,ORD-007698,PROD-00029,2,149,0,298,shipped,none,0
OI-011980,ORD-007698,PROD-00127,1,3499,0,3499,shipped,none,0
OI-011981,ORD-007699,PROD-00026,1,4299,429,3870,delivered,none,0
OI-011982,ORD-007699,PROD-00072,1,6299,629,5670,delivered,none,0
OI-011983,ORD-007700,PROD-00017,1,149,14,135,delivered,none,0
OI-011984,ORD-007700,PROD-00059,1,499,49,450,delivered,none,0
OI-011985,ORD-007701,PROD-00057,1,2399,0,2399,delivered,none,0
OI-011986,ORD-007702,PROD-00052,1,5899,707,5192,shipped,none,0
OI-011987,ORD-007702,PROD-00124,1,1499,179,1320,shipped,none,0
OI-011988,ORD-007702,PROD-00260,1,4999,599,4400,shipped,none,0
OI-011989,ORD-007703,PROD-00006,2,149,0,298,delivered,none,0
OI-011990,ORD-007703,PROD-00005,1,5799,0,5799,delivered,none,0
OI-011991,ORD-007704,PROD-00101,1,3299,0,3299,delivered,none,0
OI-011992,ORD-007705,PROD-00161,1,6599,329,6270,delivered,none,0
OI-011993,ORD-007705,PROD-00252,1,12999,649,12350,delivered,none,0
OI-011994,ORD-007706,PROD-00260,1,4999,0,4999,delivered,none,0
OI-011995,ORD-007707,PROD-00017,1,149,0,149,shipped,none,0
OI-011996,ORD-007708,PROD-00072,2,6799,1087,12511,delivered,none,0
OI-011997,ORD-007708,PROD-00120,1,6499,519,5980,delivered,none,0
OI-011998,ORD-007708,PROD-00174,1,8299,663,7636,delivered,none,0
OI-011999,ORD-007709,PROD-00010,1,5999,599,5400,shipped,none,0
OI-012000,ORD-007710,PROD-00174,1,7699,0,7699,delivered,none,0
OI-012001,ORD-007711,PROD-00026,1,4299,515,3784,delivered,none,0
OI-012002,ORD-007711,PROD-00034,1,149,17,132,delivered,none,0
OI-012003,ORD-007712,PROD-00269,1,2499,0,2499,delivered,none,0
OI-012004,ORD-007713,PROD-00123,1,14499,1159,13340,delivered,none,0
OI-012005,ORD-007713,PROD-00055,1,15499,1239,14260,delivered,none,0
OI-012006,ORD-007713,PROD-00174,1,7699,615,7084,delivered,none,0
OI-012007,ORD-007714,PROD-00127,1,3199,383,2816,delivered,none,0
OI-012008,ORD-007715,PROD-00072,1,6799,0,6799,delivered,none,0
OI-012009,ORD-007716,PROD-00132,1,649,32,617,shipped,none,0
OI-012010,ORD-007717,PROD-00033,2,6399,0,12798,delivered,none,0
OI-012011,ORD-007718,PROD-00102,1,1499,0,1499,delivered,none,0
OI-012012,ORD-007719,PROD-00060,1,10999,0,10999,delivered,none,0
OI-012013,ORD-007720,PROD-00174,1,7699,0,7699,shipped,none,0
OI-012014,ORD-007721,PROD-00072,1,6299,0,6299,delivered,none,0
OI-012015,ORD-007722,PROD-00033,1,6599,659,5940,shipped,none,0
OI-012016,ORD-007722,PROD-00174,1,7299,729,6570,shipped,none,0
OI-012017,ORD-007722,PROD-00161,1,7399,739,6660,shipped,none,0
OI-012018,ORD-007722,PROD-00127,1,3499,349,3150,shipped,none,0
OI-012019,ORD-007723,PROD-00022,1,1299,0,1299,delivered,none,0
OI-012020,ORD-007723,PROD-00168,3,709,0,2127,delivered,none,0
OI-012021,ORD-007723,PROD-00112,1,5499,0,5499,delivered,none,0
OI-012022,ORD-007724,PROD-00114,1,1099,0,1099,delivered,none,0
OI-012023,ORD-007725,PROD-00057,1,2699,215,2484,delivered,none,0
OI-012024,ORD-007725,PROD-00005,1,5799,463,5336,delivered,none,0
OI-012025,ORD-007725,PROD-00104,1,12499,999,11500,delivered,none,0
OI-012026,ORD-007726,PROD-00219,1,62999,0,62999,delivered,none,0
OI-012027,ORD-007727,PROD-00275,1,33499,0,33499,delivered,none,0
OI-012028,ORD-007727,PROD-00017,1,149,0,149,delivered,none,0
OI-012029,ORD-007728,PROD-00197,1,6699,0,6699,cancelled,none,0
OI-012030,ORD-007729,PROD-00111,1,999,119,880,delivered,none,0
OI-012031,ORD-007730,PROD-00005,1,5799,0,5799,cancelled,none,6843
OI-012032,ORD-007731,PROD-00113,1,3499,0,3499,delivered,none,0
OI-012033,ORD-007732,PROD-00168,1,709,35,674,delivered,none,0
OI-012034,ORD-007733,PROD-00174,1,7699,0,7699,delivered,none,0
OI-012035,ORD-007734,PROD-00184,1,53499,0,53499,delivered,none,0
OI-012036,ORD-007735,PROD-00053,1,5799,0,5799,delivered,none,0
OI-012037,ORD-007735,PROD-00020,1,149,0,149,delivered,none,0
OI-012038,ORD-007736,PROD-00055,1,15499,1239,14260,shipped,none,0
OI-012039,ORD-007737,PROD-00114,1,999,99,900,shipped,none,0
OI-012040,ORD-007738,PROD-00159,1,2099,167,1932,delivered,none,0
OI-012041,ORD-007739,PROD-00024,1,1299,103,1196,delivered,none,0
OI-012042,ORD-007740,PROD-00222,1,109499,0,109499,delivered,none,0
OI-012043,ORD-007741,PROD-00127,1,3299,164,3135,delivered,none,0
OI-012044,ORD-007741,PROD-00153,1,25999,1299,24700,delivered,none,0
OI-012045,ORD-007742,PROD-00174,1,7699,769,6930,delivered,none,0
OI-012046,ORD-007743,PROD-00284,1,3099,309,2790,shipped,none,0
OI-012047,ORD-007744,PROD-00111,1,999,0,999,delivered,none,0
OI-012048,ORD-007745,PROD-00115,1,1799,143,1656,delivered,none,0
OI-012049,ORD-007746,PROD-00104,1,12499,1499,11000,shipped,none,0
OI-012050,ORD-007747,PROD-00174,1,7099,567,6532,delivered,none,0
OI-012051,ORD-007748,PROD-00109,1,3299,0,3299,delivered,approved,0
OI-012052,ORD-007749,PROD-00020,1,149,0,149,shipped,none,0
OI-012053,ORD-007749,PROD-00070,1,499,0,499,shipped,none,0
OI-012054,ORD-007750,PROD-00251,1,8499,849,7650,delivered,none,0
OI-012055,ORD-007751,PROD-00029,1,149,7,142,cancelled,none,168
OI-012056,ORD-007752,PROD-00178,1,50999,0,50999,delivered,none,0
OI-012057,ORD-007753,PROD-00063,1,8299,829,7470,delivered,none,0
OI-012058,ORD-007753,PROD-00128,1,869,86,783,delivered,none,0
OI-012059,ORD-007754,PROD-00184,1,53499,0,53499,delivered,none,0
OI-012060,ORD-007754,PROD-00034,1,149,0,149,delivered,none,0
OI-012061,ORD-007754,PROD-00176,1,7299,0,7299,delivered,none,0
OI-012062,ORD-007754,PROD-00115,1,1999,0,1999,delivered,none,0
OI-012063,ORD-007754,PROD-00017,1,149,0,149,delivered,none,0
OI-012064,ORD-007755,PROD-00032,1,149,7,142,shipped,none,0
OI-012065,ORD-007756,PROD-00070,2,509,0,1018,shipped,none,0
OI-012066,ORD-007756,PROD-00002,1,3199,0,3199,shipped,none,0
OI-012067,ORD-007757,PROD-00002,1,3199,0,3199,delivered,none,0
OI-012068,ORD-007757,PROD-00001,1,5199,0,5199,delivered,none,0
OI-012069,ORD-007758,PROD-00132,1,649,0,649,delivered,none,0
OI-012070,ORD-007759,PROD-00174,1,7699,0,7699,delivered,none,0
OI-012071,ORD-007759,PROD-00251,1,8499,0,8499,delivered,none,0
OI-012072,ORD-007759,PROD-00029,1,149,0,149,delivered,none,0
OI-012073,ORD-007759,PROD-00269,1,2499,0,2499,delivered,none,0
OI-012074,ORD-007760,PROD-00297,1,78499,0,78499,delivered,none,0
OI-012075,ORD-007760,PROD-00008,1,4099,0,4099,delivered,none,0
OI-012076,ORD-007760,PROD-00127,1,3199,0,3199,delivered,none,0
OI-012077,ORD-007760,PROD-00175,1,759,0,759,delivered,none,0
OI-012078,ORD-007761,PROD-00163,1,479,38,441,delivered,none,0
OI-012079,ORD-007762,PROD-00032,1,149,11,138,delivered,none,0
OI-012080,ORD-007763,PROD-00100,1,25499,0,25499,shipped,none,0
OI-012081,ORD-007763,PROD-00174,1,7699,0,7699,shipped,none,0
OI-012082,ORD-007763,PROD-00065,1,3599,0,3599,shipped,none,0
OI-012083,ORD-007763,PROD-00063,1,8299,0,8299,shipped,none,0
OI-012084,ORD-007764,PROD-00031,1,229,0,229,delivered,none,0
OI-012085,ORD-007765,PROD-00132,1,699,83,616,delivered,none,0
OI-012086,ORD-007766,PROD-00130,1,12499,999,11500,delivered,none,0
OI-012087,ORD-007766,PROD-00029,1,149,11,138,delivered,none,0
OI-012088,ORD-007766,PROD-00270,1,719,57,662,delivered,none,0
OI-012089,ORD-007767,PROD-00127,1,3199,0,3199,delivered,none,0
OI-012090,ORD-007768,PROD-00174,1,7699,0,7699,delivered,none,0
OI-012091,ORD-007769,PROD-00008,1,4399,0,4399,delivered,none,0
OI-012092,ORD-007769,PROD-00269,2,2499,0,4998,delivered,none,0
OI-012093,ORD-007770,PROD-00240,1,7999,399,7600,delivered,none,0
OI-012094,ORD-007771,PROD-00219,1,62999,0,62999,cancelled,none,74339
OI-012095,ORD-007771,PROD-00161,1,6899,0,6899,cancelled,none,8141
OI-012096,ORD-007772,PROD-00174,1,7699,923,6776,delivered,none,0
OI-012097,ORD-007772,PROD-00028,1,4799,575,4224,delivered,none,0
OI-012098,ORD-007773,PROD-00176,1,6699,535,6164,delivered,none,0
OI-012099,ORD-007774,PROD-00017,1,149,0,149,delivered,requested,0
OI-012100,ORD-007774,PROD-00235,1,49499,0,49499,delivered,none,0
OI-012101,ORD-007775,PROD-00052,1,5899,0,5899,delivered,none,0
OI-012102,ORD-007775,PROD-00017,1,149,0,149,delivered,none,0
OI-012103,ORD-007776,PROD-00013,1,4999,0,4999,shipped,none,0
OI-012104,ORD-007777,PROD-00095,1,14999,0,14999,shipped,none,0
OI-012105,ORD-007777,PROD-00174,1,7699,0,7699,shipped,none,0
OI-012106,ORD-007777,PROD-00013,1,4999,0,4999,shipped,none,0
OI-012107,ORD-007778,PROD-00029,1,149,11,138,delivered,none,0
OI-012108,ORD-007779,PROD-00145,1,129999,15599,114400,shipped,none,0
OI-012109,ORD-007779,PROD-00161,1,7099,851,6248,shipped,none,0
OI-012110,ORD-007779,PROD-00012,1,149,17,132,shipped,none,0
OI-012111,ORD-007779,PROD-00025,1,739,88,651,shipped,none,0
OI-012112,ORD-007779,PROD-00132,1,649,77,572,shipped,none,0
OI-012113,ORD-007780,PROD-00079,1,52499,0,52499,delivered,none,0
OI-012114,ORD-007781,PROD-00034,1,149,7,142,delivered,none,0
OI-012115,ORD-007782,PROD-00259,1,8699,0,8699,shipped,none,0
OI-012116,ORD-007783,PROD-00029,1,159,0,159,shipped,none,0
OI-012117,ORD-007783,PROD-00064,1,1799,0,1799,shipped,none,0
OI-012118,ORD-007783,PROD-00113,1,3499,0,3499,shipped,none,0
OI-012119,ORD-007784,PROD-00029,1,149,7,142,delivered,none,0
OI-012120,ORD-007785,PROD-00168,1,709,35,674,delivered,none,0
OI-012121,ORD-007786,PROD-00127,1,2999,299,2700,delivered,none,0
OI-012122,ORD-007786,PROD-00171,1,7199,719,6480,delivered,none,0
OI-012123,ORD-007787,PROD-00168,1,709,85,624,delivered,none,0
OI-012124,ORD-007788,PROD-00115,1,2099,0,2099,delivered,none,0
OI-012125,ORD-007789,PROD-00264,1,20999,0,20999,shipped,none,0
OI-012126,ORD-007789,PROD-00161,1,6899,0,6899,shipped,none,0
OI-012127,ORD-007790,PROD-00027,1,139,0,139,delivered,none,0
OI-012128,ORD-007791,PROD-00168,1,709,70,639,shipped,none,0
OI-012129,ORD-007792,PROD-00154,1,39999,3199,36800,shipped,none,0
OI-012130,ORD-007793,PROD-00132,1,649,32,617,delivered,none,0
OI-012131,ORD-007793,PROD-00057,1,2499,124,2375,delivered,none,0
OI-012132,ORD-007794,PROD-00014,1,989,0,989,shipped,none,0
OI-012133,ORD-007794,PROD-00197,1,6899,0,6899,shipped,none,0
OI-012134,ORD-007795,PROD-00059,1,519,0,519,delivered,none,0
OI-012135,ORD-007796,PROD-00028,1,4799,0,4799,delivered,none,0
OI-012136,ORD-007796,PROD-00163,1,489,0,489,delivered,none,0
OI-012137,ORD-007797,PROD-00161,1,7199,575,6624,delivered,none,0
OI-012138,ORD-007798,PROD-00011,1,309,0,309,shipped,none,0
OI-012139,ORD-007799,PROD-00052,1,5899,294,5605,delivered,none,0
OI-012140,ORD-007800,PROD-00154,1,39999,1999,38000,delivered,none,0
OI-012141,ORD-007801,PROD-00111,1,999,0,999,shipped,none,0
OI-012142,ORD-007802,PROD-00052,1,5899,0,5899,shipped,none,0
OI-012143,ORD-007803,PROD-00093,1,52499,5249,47250,shipped,none,0
OI-012144,ORD-007804,PROD-00248,1,4799,0,4799,delivered,none,0
OI-012145,ORD-007805,PROD-00174,2,7699,0,15398,delivered,none,0
OI-012146,ORD-007805,PROD-00127,1,3199,0,3199,delivered,none,0
OI-012147,ORD-007806,PROD-00132,1,649,0,649,shipped,none,0
OI-012148,ORD-007806,PROD-00050,1,939,0,939,shipped,none,0
OI-012149,ORD-007807,PROD-00252,1,13999,0,13999,shipped,none,0
OI-012150,ORD-007807,PROD-00017,2,139,0,278,shipped,none,0
OI-012151,ORD-007808,PROD-00054,1,7199,0,7199,delivered,none,0
OI-012152,ORD-007808,PROD-00084,1,18999,0,18999,delivered,none,0
OI-012153,ORD-007809,PROD-00031,1,239,23,216,delivered,none,0
OI-012154,ORD-007810,PROD-00120,1,6499,0,6499,shipped,none,0
OI-012155,ORD-007811,PROD-00174,1,7999,0,7999,delivered,none,0
OI-012156,ORD-007811,PROD-00281,1,4099,0,4099,delivered,none,0
OI-012157,ORD-007812,PROD-00174,1,7699,0,7699,delivered,none,0
OI-012158,ORD-007812,PROD-00034,2,159,0,318,delivered,none,0
OI-012159,ORD-007813,PROD-00264,1,22999,0,22999,delivered,none,0
OI-012160,ORD-007813,PROD-00017,1,149,0,149,delivered,none,0
OI-012161,ORD-007814,PROD-00174,1,8299,829,7470,cancelled,none,8815
OI-012162,ORD-007815,PROD-00294,1,21999,1759,20240,shipped,none,0
OI-012163,ORD-007816,PROD-00098,1,20499,1639,18860,shipped,none,0
OI-012164,ORD-007816,PROD-00149,1,27999,2239,25760,shipped,none,0
OI-012165,ORD-007817,PROD-00163,1,439,0,439,shipped,none,0
OI-012166,ORD-007817,PROD-00228,1,73499,0,73499,shipped,none,0
OI-012167,ORD-007818,PROD-00174,1,7699,0,7699,delivered,none,0
OI-012168,ORD-007818,PROD-00101,1,3299,0,3299,delivered,none,0
OI-012169,ORD-007819,PROD-00089,1,20499,0,20499,delivered,none,0
OI-012170,ORD-007819,PROD-00017,1,139,0,139,delivered,none,0
OI-012171,ORD-007819,PROD-00174,1,7299,0,7299,delivered,none,0
OI-012172,ORD-007820,PROD-00131,1,5899,0,5899,shipped,none,0
OI-012173,ORD-007821,PROD-00020,1,139,6,133,shipped,none,0
OI-012174,ORD-007821,PROD-00023,1,199,9,190,shipped,none,0
OI-012175,ORD-007822,PROD-00224,1,119499,9559,109940,shipped,none,0
OI-012176,ORD-007822,PROD-00063,1,8299,663,7636,shipped,none,0
OI-012177,ORD-007823,PROD-00006,1,149,14,135,shipped,none,0
OI-012178,ORD-007824,PROD-00174,1,7099,0,7099,delivered,none,0
OI-012179,ORD-007824,PROD-00025,1,739,0,739,delivered,none,0
OI-012180,ORD-007825,PROD-00168,1,709,56,653,shipped,none,0
OI-012181,ORD-007826,PROD-00270,1,749,74,675,delivered,none,0
OI-012182,ORD-007827,PROD-00029,1,149,0,149,shipped,none,0
OI-012183,ORD-007827,PROD-00131,1,5899,0,5899,shipped,none,0
OI-012184,ORD-007828,PROD-00080,1,4599,0,4599,delivered,none,0
OI-012185,ORD-007829,PROD-00024,2,1299,0,2598,shipped,none,0
OI-012186,ORD-007830,PROD-00273,1,1199,95,1104,shipped,none,0
OI-012187,ORD-007830,PROD-00019,1,2799,223,2576,shipped,none,0
OI-012188,ORD-007831,PROD-00268,1,44999,3599,41400,delivered,none,0
OI-012189,ORD-007832,PROD-00090,1,8199,0,8199,shipped,none,0
OI-012190,ORD-007833,PROD-00032,1,149,0,149,delivered,none,0
OI-012191,ORD-007834,PROD-00006,2,149,14,284,shipped,none,0
OI-012192,ORD-007835,PROD-00174,1,7699,0,7699,cancelled,none,9085
OI-012193,ORD-007836,PROD-00131,1,5599,671,4928,shipped,none,0
OI-012194,ORD-007837,PROD-00007,1,169,16,153,delivered,none,0
OI-012195,ORD-007838,PROD-00087,1,7699,0,7699,shipped,none,0
OI-012196,ORD-007838,PROD-00032,1,149,0,149,shipped,none,0
OI-012197,ORD-007839,PROD-00114,1,999,0,999,shipped,none,0
OI-012198,ORD-007840,PROD-00264,1,21999,1759,20240,shipped,none,0
OI-012199,ORD-007841,PROD-00010,1,5999,479,5520,delivered,none,0
OI-012200,ORD-007842,PROD-00010,1,6199,0,6199,shipped,none,0
OI-012201,ORD-007843,PROD-00017,1,149,11,138,shipped,none,0
OI-012202,ORD-007844,PROD-00095,1,14999,749,14250,delivered,none,0
OI-012203,ORD-007844,PROD-00062,3,469,70,1337,delivered,none,0
OI-012204,ORD-007844,PROD-00032,2,149,14,284,delivered,none,0
OI-012205,ORD-007845,PROD-00262,1,11999,0,11999,shipped,none,0
OI-012206,ORD-007845,PROD-00174,1,7099,0,7099,shipped,none,0
OI-012207,ORD-007846,PROD-00059,1,499,0,499,shipped,none,0
OI-012208,ORD-007846,PROD-00005,1,5799,0,5799,shipped,none,0
OI-012209,ORD-007846,PROD-00111,1,949,0,949,shipped,none,0
OI-012210,ORD-007847,PROD-00174,1,7699,0,7699,shipped,none,0
OI-012211,ORD-007847,PROD-00156,1,77499,0,77499,shipped,none,0
OI-012212,ORD-007847,PROD-00002,1,3199,0,3199,shipped,none,0
OI-012213,ORD-007847,PROD-00014,1,909,0,909,shipped,none,0
OI-012214,ORD-007848,PROD-00174,1,7699,0,7699,delivered,none,0
OI-012215,ORD-007848,PROD-00114,1,1099,0,1099,delivered,none,0
OI-012216,ORD-007849,PROD-00130,1,12499,0,12499,shipped,none,0
OI-012217,ORD-007849,PROD-00112,1,5299,0,5299,shipped,none,0
OI-012218,ORD-007850,PROD-00161,1,6899,551,6348,shipped,none,0
OI-012219,ORD-007851,PROD-00174,1,7099,0,7099,shipped,none,0
OI-012220,ORD-007852,PROD-00251,1,8499,0,8499,shipped,none,0
OI-012221,ORD-007853,PROD-00269,1,2399,239,2160,shipped,none,0
OI-012222,ORD-007854,PROD-00245,1,18499,1849,16650,cancelled,none,0
OI-012223,ORD-007855,PROD-00006,1,139,13,126,shipped,none,0
OI-012224,ORD-007856,PROD-00101,1,3399,0,3399,delivered,none,0
OI-012225,ORD-007857,PROD-00174,1,7099,0,7099,shipped,none,0
OI-012226,ORD-007857,PROD-00024,1,1399,0,1399,shipped,none,0
OI-012227,ORD-007858,PROD-00174,1,8299,0,8299,shipped,none,0
OI-012228,ORD-007858,PROD-00056,1,3699,0,3699,shipped,none,0
OI-012229,ORD-007859,PROD-00174,1,7699,923,6776,delivered,none,0
OI-012230,ORD-007860,PROD-00020,1,159,0,159,delivered,none,0
OI-012231,ORD-007861,PROD-00008,1,4299,515,3784,shipped,none,0
OI-012232,ORD-007862,PROD-00072,1,6799,0,6799,shipped,none,0
OI-012233,ORD-007863,PROD-00257,1,7099,354,6745,shipped,none,0
OI-012234,ORD-007864,PROD-00029,1,149,0,149,delivered,none,0
OI-012235,ORD-007864,PROD-00054,1,7599,0,7599,delivered,none,0
OI-012236,ORD-007864,PROD-00006,1,159,0,159,delivered,none,0
OI-012237,ORD-007865,PROD-00022,1,1399,69,1330,shipped,none,0
OI-012238,ORD-007866,PROD-00063,1,8299,0,8299,shipped,none,0
OI-012239,ORD-007867,PROD-00021,1,3999,319,3680,delivered,none,0
OI-012240,ORD-007867,PROD-00279,1,21999,1759,20240,delivered,none,0
OI-012241,ORD-007868,PROD-00170,1,3199,255,2944,shipped,none,0
OI-012242,ORD-007869,PROD-00072,1,6799,0,6799,shipped,none,0
OI-012243,ORD-007869,PROD-00249,1,8599,0,8599,shipped,none,0
OI-012244,ORD-007870,PROD-00029,1,149,0,149,delivered,none,0
OI-012245,ORD-007871,PROD-00270,1,699,0,699,shipped,none,0
OI-012246,ORD-007871,PROD-00161,1,6899,0,6899,shipped,none,0
OI-012247,ORD-007872,PROD-00008,1,4299,0,4299,shipped,none,0
OI-012248,ORD-007872,PROD-00024,2,1199,0,2398,shipped,none,0
OI-012249,ORD-007873,PROD-00168,1,709,0,709,shipped,none,0
OI-012250,ORD-007874,PROD-00269,1,2599,0,2599,shipped,none,0
OI-012251,ORD-007875,PROD-00029,1,149,0,149,shipped,none,0
OI-012252,ORD-007875,PROD-00104,1,12499,0,12499,shipped,none,0
OI-012253,ORD-007876,PROD-00168,1,729,0,729,shipped,none,0
OI-012254,ORD-007877,PROD-00174,1,7699,769,6930,cancelled,none,0
OI-012255,ORD-007878,PROD-00017,1,149,7,142,shipped,none,0
OI-012256,ORD-007878,PROD-00171,1,6199,309,5890,shipped,none,0
OI-012257,ORD-007879,PROD-00215,1,76499,0,76499,shipped,none,0
OI-012258,ORD-007880,PROD-00154,1,39999,0,39999,shipped,none,0
OI-012259,ORD-007881,PROD-00001,1,5199,0,5199,shipped,none,0
OI-012260,ORD-007882,PROD-00057,1,2499,0,2499,shipped,none,0
OI-012261,ORD-007883,PROD-00120,1,6799,0,6799,shipped,none,0
OI-012262,ORD-007883,PROD-00174,1,7299,0,7299,shipped,none,0
OI-012263,ORD-007884,PROD-00008,1,4299,214,4085,shipped,none,0
OI-012264,ORD-007885,PROD-00161,1,6899,827,6072,shipped,none,0
OI-012265,ORD-007886,PROD-00028,1,4799,0,4799,shipped,none,0
OI-012266,ORD-007887,PROD-00056,1,3599,431,3168,shipped,none,0
OI-012267,ORD-007887,PROD-00242,1,133999,16079,117920,shipped,none,0
OI-012268,ORD-007887,PROD-00174,1,7299,875,6424,shipped,none,0
OI-012269,ORD-007888,PROD-00039,1,3399,0,3399,shipped,none,0
OI-012270,ORD-007889,PROD-00159,3,1799,431,4966,shipped,none,0
OI-012271,ORD-007889,PROD-00068,1,13999,1119,12880,shipped,none,0
OI-012272,ORD-007890,PROD-00012,1,149,7,142,shipped,none,0
OI-012273,ORD-007890,PROD-00224,1,140499,7024,133475,shipped,none,0
OI-012274,ORD-007890,PROD-00168,1,709,35,674,shipped,none,0
OI-012275,ORD-007890,PROD-00264,1,20999,1049,19950,shipped,none,0
OI-012276,ORD-007891,PROD-00004,3,2399,0,7197,delivered,none,0
OI-012277,ORD-007891,PROD-00061,1,4299,0,4299,delivered,none,0
OI-012278,ORD-007891,PROD-00149,1,27999,0,27999,delivered,none,0
OI-012279,ORD-007892,PROD-00269,1,2699,215,2484,shipped,none,0
OI-012280,ORD-007892,PROD-00127,1,3199,255,2944,shipped,none,0
OI-012281,ORD-007893,PROD-00057,1,2499,0,2499,cancelled,none,0
OI-012282,ORD-007893,PROD-00002,1,2999,0,2999,cancelled,none,0
OI-012283,ORD-007894,PROD-00001,1,4899,391,4508,shipped,none,0
OI-012284,ORD-007894,PROD-00174,1,8299,663,7636,shipped,none,0
OI-012285,ORD-007894,PROD-00116,1,30499,2439,28060,shipped,none,0
OI-012286,ORD-007895,PROD-00252,1,14999,0,14999,shipped,none,0
OI-012287,ORD-007895,PROD-00176,1,7099,0,7099,shipped,none,0
OI-012288,ORD-007895,PROD-00219,1,64999,0,64999,shipped,none,0
OI-012289,ORD-007896,PROD-00281,1,4099,327,3772,shipped,none,0
OI-012290,ORD-007897,PROD-00258,1,2099,0,2099,shipped,none,0
OI-012291,ORD-007898,PROD-00245,1,19499,0,19499,shipped,none,0
OI-012292,ORD-007899,PROD-00127,1,3199,255,2944,shipped,none,0
OI-012293,ORD-007899,PROD-00017,1,139,11,128,shipped,none,0
OI-012294,ORD-007899,PROD-00215,1,76499,6119,70380,shipped,none,0
OI-012295,ORD-007900,PROD-00014,1,879,0,879,shipped,none,0
OI-012296,ORD-007901,PROD-00017,1,139,6,133,shipped,none,0
OI-012297,ORD-007902,PROD-00174,1,7899,0,7899,shipped,none,0
OI-012298,ORD-007903,PROD-00004,1,2299,0,2299,shipped,none,0
OI-012299,ORD-007904,PROD-00030,2,999,99,1899,shipped,none,0
OI-012300,ORD-007905,PROD-00175,1,789,78,711,shipped,none,0
OI-012301,ORD-007906,PROD-00127,1,3199,0,3199,shipped,none,0
OI-012302,ORD-007907,PROD-00123,1,17499,0,17499,shipped,none,0
OI-012303,ORD-007908,PROD-00053,1,5799,463,5336,shipped,none,0
OI-012304,ORD-007908,PROD-00020,1,149,11,138,shipped,none,0
OI-012305,ORD-007908,PROD-00029,1,139,11,128,shipped,none,0
OI-012306,ORD-007908,PROD-00102,1,1499,119,1380,shipped,none,0
OI-012307,ORD-007908,PROD-00032,1,149,11,138,shipped,none,0
OI-012308,ORD-007909,PROD-00128,1,949,0,949,shipped,none,0
OI-012309,ORD-007910,PROD-00028,1,4799,479,4320,shipped,none,0
OI-012310,ORD-007910,PROD-00159,1,2199,219,1980,shipped,none,0
OI-012311,ORD-007910,PROD-00249,1,8599,859,7740,shipped,none,0
OI-012312,ORD-007911,PROD-00275,1,34499,1724,32775,shipped,none,0
OI-012313,ORD-007911,PROD-00159,1,2199,109,2090,shipped,none,0
OI-012314,ORD-007911,PROD-00225,1,18999,949,18050,shipped,none,0
OI-012315,ORD-007912,PROD-00198,1,719,57,662,shipped,none,0
OI-012316,ORD-007913,PROD-00201,1,16499,0,16499,shipped,none,0
OI-012317,ORD-007913,PROD-00002,1,3499,0,3499,shipped,none,0
OI-012318,ORD-007913,PROD-00023,1,199,0,199,shipped,none,0
OI-012319,ORD-007914,PROD-00113,1,3499,0,3499,shipped,none,0
OI-012320,ORD-007915,PROD-00073,1,1099,0,1099,shipped,none,0
OI-012321,ORD-007916,PROD-00286,1,25499,2549,22950,shipped,none,0
OI-012322,ORD-007916,PROD-00021,1,4199,419,3780,shipped,none,0
OI-012323,ORD-007916,PROD-00008,1,4499,449,4050,shipped,none,0
OI-012324,ORD-007917,PROD-00174,1,7699,0,7699,shipped,none,0
OI-012325,ORD-007918,PROD-00100,1,27499,0,27499,cancelled,none,32449
OI-012326,ORD-007919,PROD-00032,1,139,0,139,shipped,none,0
OI-012327,ORD-007919,PROD-00067,1,5399,0,5399,shipped,none,0
OI-012328,ORD-007920,PROD-00215,1,76499,9179,67320,shipped,none,0
OI-012329,ORD-007920,PROD-00022,1,1299,155,1144,shipped,none,0
OI-012330,ORD-007920,PROD-00055,1,15499,1859,13640,shipped,none,0
OI-012331,ORD-007921,PROD-00061,1,4099,204,3895,shipped,none,0
OI-012332,ORD-007922,PROD-00165,1,3899,0,3899,delivered,none,0
OI-012333,ORD-007923,PROD-00056,1,3699,0,3699,shipped,none,0
OI-012334,ORD-007924,PROD-00029,1,149,7,142,shipped,none,0
OI-012335,ORD-007924,PROD-00020,1,149,7,142,shipped,none,0
OI-012336,ORD-007925,PROD-00148,1,75999,0,75999,shipped,none,0
OI-012337,ORD-007926,PROD-00171,1,6699,334,6365,cancelled,none,0
OI-012338,ORD-007926,PROD-00030,1,1099,54,1045,cancelled,none,0
OI-012339,ORD-007927,PROD-00174,1,7699,0,7699,shipped,none,0
OI-012340,ORD-007928,PROD-00127,1,3199,159,3040,cancelled,none,0
OI-012341,ORD-007929,PROD-00225,1,18999,1519,17480,shipped,none,0
OI-012342,ORD-007929,PROD-00241,1,26499,2119,24380,shipped,none,0
OI-012343,ORD-007930,PROD-00270,1,749,0,749,shipped,none,0
OI-012344,ORD-007931,PROD-00138,1,132499,0,132499,shipped,none,0
OI-012345,ORD-007932,PROD-00101,1,3399,271,3128,delivered,none,0
OI-012346,ORD-007933,PROD-00251,1,8499,424,8075,shipped,none,0
OI-012347,ORD-007934,PROD-00286,1,26499,0,26499,delivered,none,0
OI-012348,ORD-007934,PROD-00111,1,999,0,999,delivered,none,0
OI-012349,ORD-007934,PROD-00001,1,5499,0,5499,delivered,none,0
OI-012350,ORD-007934,PROD-00025,3,769,0,2307,delivered,none,0
OI-012351,ORD-007935,PROD-00176,1,7099,709,6390,shipped,none,0
OI-012352,ORD-007935,PROD-00127,1,3199,319,2880,shipped,none,0
OI-012353,ORD-007936,PROD-00276,1,28999,1449,27550,shipped,none,0
OI-012354,ORD-007937,PROD-00174,1,7699,0,7699,shipped,none,0
OI-012355,ORD-007938,PROD-00029,1,159,0,159,shipped,none,0
OI-012356,ORD-007939,PROD-00072,1,6799,0,6799,shipped,none,0
OI-012357,ORD-007940,PROD-00174,1,7699,923,6776,shipped,none,0
OI-012358,ORD-007940,PROD-00034,1,139,16,123,shipped,none,0
OI-012359,ORD-007940,PROD-00019,1,2899,347,2552,shipped,none,0
OI-012360,ORD-007941,PROD-00017,1,149,17,132,shipped,none,0
OI-012361,ORD-007941,PROD-00227,1,51999,6239,45760,shipped,none,0
OI-012362,ORD-007942,PROD-00102,1,1499,0,1499,shipped,none,0
OI-012363,ORD-007942,PROD-00013,1,4599,0,4599,shipped,none,0
OI-012364,ORD-007943,PROD-00007,1,169,0,169,ordered,none,0
OI-012365,ORD-007944,PROD-00020,2,149,0,298,shipped,none,0
OI-012366,ORD-007945,PROD-00107,1,1599,79,1520,shipped,none,0
OI-012367,ORD-007946,PROD-00046,1,3099,0,3099,shipped,none,0
OI-012368,ORD-007946,PROD-00028,1,4999,0,4999,shipped,none,0
OI-012369,ORD-007946,PROD-00020,1,149,0,149,shipped,none,0
OI-012370,ORD-007946,PROD-00032,1,149,0,149,shipped,none,0
OI-012371,ORD-007947,PROD-00017,2,139,13,265,shipped,none,0
OI-012372,ORD-007948,PROD-00069,1,1399,0,1399,shipped,none,0
OI-012373,ORD-007949,PROD-00005,1,5799,0,5799,shipped,none,0
OI-012374,ORD-007950,PROD-00214,1,24999,2999,22000,shipped,none,0
OI-012375,ORD-007950,PROD-00022,1,1299,155,1144,shipped,none,0
OI-012376,ORD-007950,PROD-00245,1,19499,2339,17160,shipped,none,0
OI-012377,ORD-007950,PROD-00017,2,149,35,263,shipped,none,0
OI-012378,ORD-007950,PROD-00198,1,719,86,633,shipped,none,0
OI-012379,ORD-007951,PROD-00029,1,149,11,138,shipped,none,0
OI-012380,ORD-007952,PROD-00174,1,7699,0,7699,shipped,none,0
OI-012381,ORD-007952,PROD-00101,1,3299,0,3299,shipped,none,0
OI-012382,ORD-007953,PROD-00127,1,3199,0,3199,shipped,none,0
OI-012383,ORD-007954,PROD-00277,2,1099,0,2198,shipped,none,0
OI-012384,ORD-007955,PROD-00251,1,9199,0,9199,shipped,none,0
OI-012385,ORD-007956,PROD-00032,1,149,7,142,shipped,none,0
OI-012386,ORD-007957,PROD-00062,2,499,0,998,shipped,none,0
OI-012387,ORD-007957,PROD-00127,1,3299,0,3299,shipped,none,0
OI-012388,ORD-007958,PROD-00174,1,7699,0,7699,shipped,none,0
OI-012389,ORD-007959,PROD-00149,1,27999,2239,25760,shipped,none,0
OI-012390,ORD-007960,PROD-00030,1,1099,131,968,shipped,none,0
OI-012391,ORD-007960,PROD-00144,1,33999,4079,29920,shipped,none,0
OI-012392,ORD-007960,PROD-00014,1,989,118,871,shipped,none,0
OI-012393,ORD-007961,PROD-00127,1,3499,419,3080,shipped,none,0
OI-012394,ORD-007962,PROD-00219,1,64999,6499,58500,ordered,none,0
OI-012395,ORD-007963,PROD-00017,2,149,0,298,ordered,none,0
OI-012396,ORD-007963,PROD-00257,1,6499,0,6499,ordered,none,0
OI-012397,ORD-007964,PROD-00174,1,7699,615,7084,shipped,none,0
OI-012398,ORD-007965,PROD-00174,1,7699,0,7699,shipped,none,0
OI-012399,ORD-007965,PROD-00127,1,3199,0,3199,shipped,none,0
OI-012400,ORD-007965,PROD-00057,1,2499,0,2499,shipped,none,0
OI-012401,ORD-007965,PROD-00269,1,2599,0,2599,shipped,none,0
OI-012402,ORD-007966,PROD-00127,1,3199,319,2880,shipped,none,0
OI-012403,ORD-007966,PROD-00264,1,21999,2199,19800,shipped,none,0
OI-012404,ORD-007967,PROD-00101,1,3299,164,3135,shipped,none,0
OI-012405,ORD-007968,PROD-00174,1,7699,615,7084,shipped,none,0
OI-012406,ORD-007968,PROD-00240,1,7599,607,6992,shipped,none,0
OI-012407,ORD-007969,PROD-00081,1,19999,999,19000,ordered,none,0
OI-012408,ORD-007970,PROD-00005,2,5799,1159,10439,shipped,none,0
OI-012409,ORD-007971,PROD-00174,1,7699,615,7084,shipped,none,0
OI-012410,ORD-007971,PROD-00018,1,309,24,285,shipped,none,0
OI-012411,ORD-007972,PROD-00064,1,1999,0,1999,shipped,none,0
OI-012412,ORD-007973,PROD-00029,1,149,17,132,shipped,none,0
OI-012413,ORD-007973,PROD-00138,1,136999,16439,120560,shipped,none,0
OI-012414,ORD-007973,PROD-00006,1,159,19,140,shipped,none,0
OI-012415,ORD-007974,PROD-00264,1,24999,2999,22000,ordered,none,0
OI-012416,ORD-007974,PROD-00017,1,149,17,132,ordered,none,0
OI-012417,ORD-007975,PROD-00002,1,3199,255,2944,shipped,none,0
OI-012418,ORD-007976,PROD-00169,1,2899,289,2610,shipped,none,0
OI-012419,ORD-007977,PROD-00029,2,149,0,298,shipped,none,0
OI-012420,ORD-007978,PROD-00005,1,5799,0,5799,ordered,none,0
OI-012421,ORD-007978,PROD-00210,1,13999,0,13999,ordered,none,0
OI-012422,ORD-007979,PROD-00029,1,139,13,126,shipped,none,0
OI-012423,ORD-007980,PROD-00017,1,149,7,142,shipped,none,0
OI-012424,ORD-007981,PROD-00168,1,709,85,624,cancelled,none,0
OI-012425,ORD-007981,PROD-00227,1,51999,6239,45760,cancelled,none,0
OI-012426,ORD-007982,PROD-00025,1,739,0,739,shipped,none,0
OI-012427,ORD-007983,PROD-00169,1,2799,0,2799,ordered,none,0
OI-012428,ORD-007984,PROD-00251,1,8499,0,8499,ordered,none,0
OI-012429,ORD-007985,PROD-00019,1,2899,0,2899,ordered,none,0
OI-012430,ORD-007986,PROD-00247,1,12999,0,12999,ordered,none,0
OI-012431,ORD-007987,PROD-00279,1,20499,0,20499,ordered,none,0
OI-012432,ORD-007988,PROD-00123,1,15999,0,15999,ordered,none,0
OI-012433,ORD-007989,PROD-00108,1,7999,0,7999,ordered,none,0
OI-012434,ORD-007990,PROD-00265,1,10499,0,10499,ordered,none,0
OI-012435,ORD-007991,PROD-00099,1,999,0,999,ordered,none,0
OI-012436,ORD-007992,PROD-00179,1,24499,0,24499,ordered,none,0
OI-012437,ORD-007993,PROD-00096,1,8899,0,8899,ordered,none,0
OI-012438,ORD-007994,PROD-00176,1,7099,0,7099,ordered,none,0
OI-012439,ORD-007995,PROD-00120,1,6499,0,6499,ordered,none,0
OI-012440,ORD-007996,PROD-00098,1,20499,0,20499,ordered,none,0
OI-012441,ORD-007997,PROD-00254,1,1799,0,1799,ordered,none,0
OI-012442,ORD-007998,PROD-00064,1,1899,0,1899,ordered,none,0
OI-012443,ORD-007999,PROD-00064,1,1899,0,1899,ordered,none,0
OI-012444,ORD-008000,PROD-00296,1,11499,0,11499,ordered,none,0
